artifactType,artifactLabel,domain,competencyLabel,difficulty,priority,candidateCount,sampleQuestionIds,artifactBrief,generationPrompt
"workflow-trace","Workflow / agent trace","D6","Learning and improvement loops","awareness","high","33","NH-CORE-GENERAL-D6-LEARNING-LOOPS-AWARENESS-01; NH-CORE-GENERAL-D6-LEARNING-LOOPS-AWARENESS-03; NH-CORE-GENERAL-D6-LEARNING-LOOPS-AWARENESS-04; NH-CORE-GENERAL-D6-LEARNING-LOOPS-AWARENESS-06; NH-CORE-GENERAL-D6-LEARNING-LOOPS-AWARENESS-07; NH-CORE-GENERAL-D6-LEARNING-LOOPS-AWARENESS-08; NH-FUNCTION-MARKETING-D6-LEARNING-LOOPS-AWARENESS-01; NH-FUNCTION-MARKETING-D6-LEARNING-LOOPS-AWARENESS-02","A workflow record showing the relevant actions, permissions, approvals and outcomes without marking the correct diagnosis.","A workflow record showing the relevant actions, permissions, approvals and outcomes without marking the correct diagnosis. Use only facts supported by the scenario. Label any proposed fictional additions for review. Do not add highlighted errors, warning verdicts, invented risks or corrective answers. Define labels and scores. Avoid repeating the scenario. Preserve equivalent English and Thai evidence and record unverified release checks."
"source-comparison-pack","Source comparison / version evidence","D3","Source and claim verification","applied","high","30","NH-CORE-GENERAL-D3-SOURCE-VERIFICATION-APPLIED-01; NH-CORE-GENERAL-D3-SOURCE-VERIFICATION-APPLIED-02; NH-CORE-GENERAL-D3-SOURCE-VERIFICATION-APPLIED-03; NH-CORE-GENERAL-D3-SOURCE-VERIFICATION-APPLIED-05; NH-CORE-GENERAL-D3-SOURCE-VERIFICATION-APPLIED-07; NH-FUNCTION-GENERAL-D3-SOURCE-VERIFICATION-APPLIED-02; NH-FUNCTION-GENERAL-D3-SOURCE-VERIFICATION-APPLIED-04; NH-FUNCTION-PEOPLE-D3-SOURCE-VERIFICATION-APPLIED-01","Source excerpts with document IDs, versions, dates and scope needed for the question. Present all excerpts neutrally.","Source excerpts with document IDs, versions, dates and scope needed for the question. Present all excerpts neutrally. Use only facts supported by the scenario. Label any proposed fictional additions for review. Do not add highlighted errors, warning verdicts, invented risks or corrective answers. Define labels and scores. Avoid repeating the scenario. Preserve equivalent English and Thai evidence and record unverified release checks."
"workflow-trace","Workflow / agent trace","D4","Security and governance controls","applied","high","27","NH-CORE-GENERAL-D4-SECURITY-GOVERNANCE-APPLIED-03; NH-CORE-GENERAL-D4-SECURITY-GOVERNANCE-APPLIED-04; NH-CORE-GENERAL-D4-SECURITY-GOVERNANCE-APPLIED-06; NH-CORE-GENERAL-D4-SECURITY-GOVERNANCE-APPLIED-07; NH-CORE-GENERAL-D4-SECURITY-GOVERNANCE-APPLIED-08; NH-FUNCTION-GENERAL-D4-SECURITY-GOVERNANCE-APPLIED-01; NH-FUNCTION-GENERAL-D4-SECURITY-GOVERNANCE-APPLIED-02; NH-FUNCTION-GENERAL-D4-SECURITY-GOVERNANCE-APPLIED-03","A workflow record showing the relevant actions, permissions, approvals and outcomes without marking the correct diagnosis.","A workflow record showing the relevant actions, permissions, approvals and outcomes without marking the correct diagnosis. Use only facts supported by the scenario. Label any proposed fictional additions for review. Do not add highlighted errors, warning verdicts, invented risks or corrective answers. Define labels and scores. Avoid repeating the scenario. Preserve equivalent English and Thai evidence and record unverified release checks."
"source-comparison-pack","Source comparison / version evidence","D3","Source and claim verification","advanced","high","26","NH-CORE-GENERAL-D3-SOURCE-VERIFICATION-ADVANCED-02; NH-CORE-GENERAL-D3-SOURCE-VERIFICATION-ADVANCED-04; NH-CORE-GENERAL-D3-SOURCE-VERIFICATION-ADVANCED-05; NH-CORE-GENERAL-D3-SOURCE-VERIFICATION-ADVANCED-06; NH-CORE-GENERAL-D3-SOURCE-VERIFICATION-ADVANCED-08; NH-FUNCTION-GENERAL-D3-SOURCE-VERIFICATION-ADVANCED-01; NH-FUNCTION-GENERAL-D3-SOURCE-VERIFICATION-ADVANCED-03; NH-FUNCTION-PEOPLE-D3-SOURCE-VERIFICATION-ADVANCED-01","Source excerpts with document IDs, versions, dates and scope needed for the question. Present all excerpts neutrally.","Source excerpts with document IDs, versions, dates and scope needed for the question. Present all excerpts neutrally. Use only facts supported by the scenario. Label any proposed fictional additions for review. Do not add highlighted errors, warning verdicts, invented risks or corrective answers. Define labels and scores. Avoid repeating the scenario. Preserve equivalent English and Thai evidence and record unverified release checks."
"workflow-trace","Workflow / agent trace","D4","Security and governance controls","awareness","high","25","NH-CORE-GENERAL-D4-SECURITY-GOVERNANCE-AWARENESS-04; NH-CORE-GENERAL-D4-SECURITY-GOVERNANCE-AWARENESS-06; NH-CORE-GENERAL-D4-SECURITY-GOVERNANCE-AWARENESS-08; NH-FUNCTION-GENERAL-D4-SECURITY-GOVERNANCE-AWARENESS-01; NH-FUNCTION-GENERAL-D4-SECURITY-GOVERNANCE-AWARENESS-02; NH-FUNCTION-GENERAL-D4-SECURITY-GOVERNANCE-AWARENESS-04; NH-FUNCTION-FINANCE-D4-SECURITY-GOVERNANCE-AWARENESS-02; NH-FUNCTION-FINANCE-D4-SECURITY-GOVERNANCE-AWARENESS-04","A workflow record showing the relevant actions, permissions, approvals and outcomes without marking the correct diagnosis.","A workflow record showing the relevant actions, permissions, approvals and outcomes without marking the correct diagnosis. Use only facts supported by the scenario. Label any proposed fictional additions for review. Do not add highlighted errors, warning verdicts, invented risks or corrective answers. Define labels and scores. Avoid repeating the scenario. Preserve equivalent English and Thai evidence and record unverified release checks."
"source-comparison-pack","Source comparison / version evidence","D4","Regulatory and policy fluency","applied","high","24","NH-CORE-GENERAL-D4-REGULATORY-POLICY-APPLIED-02; NH-CORE-GENERAL-D4-REGULATORY-POLICY-APPLIED-03; NH-CORE-GENERAL-D4-REGULATORY-POLICY-APPLIED-05; NH-CORE-GENERAL-D4-REGULATORY-POLICY-APPLIED-06; NH-CORE-GENERAL-D4-REGULATORY-POLICY-APPLIED-07; NH-FUNCTION-PEOPLE-D4-REGULATORY-POLICY-APPLIED-03; NH-FUNCTION-PEOPLE-D4-REGULATORY-POLICY-APPLIED-04; NH-FUNCTION-FINANCE-D4-REGULATORY-POLICY-APPLIED-02","Source excerpts with document IDs, versions, dates and scope needed for the question. Present all excerpts neutrally.","Source excerpts with document IDs, versions, dates and scope needed for the question. Present all excerpts neutrally. Use only facts supported by the scenario. Label any proposed fictional additions for review. Do not add highlighted errors, warning verdicts, invented risks or corrective answers. Define labels and scores. Avoid repeating the scenario. Preserve equivalent English and Thai evidence and record unverified release checks."
"source-comparison-pack","Source comparison / version evidence","D5","ROI and measurement","proficient","high","24","NH-CORE-GENERAL-D5-ROI-METRICS-PROFICIENT-02; NH-CORE-GENERAL-D5-ROI-METRICS-PROFICIENT-03; NH-CORE-GENERAL-D5-ROI-METRICS-PROFICIENT-05; NH-CORE-GENERAL-D5-ROI-METRICS-PROFICIENT-07; NH-FUNCTION-GENERAL-D5-ROI-METRICS-PROFICIENT-03; NH-FUNCTION-FINANCE-D5-ROI-METRICS-PROFICIENT-02; NH-FUNCTION-MARKETING-D5-ROI-METRICS-PROFICIENT-04; NH-FUNCTION-SALES-D5-ROI-METRICS-PROFICIENT-01","Source excerpts with document IDs, versions, dates and scope needed for the question. Present all excerpts neutrally.","Source excerpts with document IDs, versions, dates and scope needed for the question. Present all excerpts neutrally. Use only facts supported by the scenario. Label any proposed fictional additions for review. Do not add highlighted errors, warning verdicts, invented risks or corrective answers. Define labels and scores. Avoid repeating the scenario. Preserve equivalent English and Thai evidence and record unverified release checks."
"source-comparison-pack","Source comparison / version evidence","D6","Human-AI role clarity","proficient","high","23","NH-CORE-GENERAL-D6-ROLE-CLARITY-PROFICIENT-02; NH-CORE-GENERAL-D6-ROLE-CLARITY-PROFICIENT-03; NH-CORE-GENERAL-D6-ROLE-CLARITY-PROFICIENT-05; NH-CORE-GENERAL-D6-ROLE-CLARITY-PROFICIENT-07; NH-FUNCTION-GENERAL-D6-ROLE-CLARITY-PROFICIENT-03; NH-FUNCTION-PEOPLE-D6-ROLE-CLARITY-PROFICIENT-01; NH-FUNCTION-PEOPLE-D6-ROLE-CLARITY-PROFICIENT-03; NH-FUNCTION-FINANCE-D6-ROLE-CLARITY-PROFICIENT-02","Source excerpts with document IDs, versions, dates and scope needed for the question. Present all excerpts neutrally.","Source excerpts with document IDs, versions, dates and scope needed for the question. Present all excerpts neutrally. Use only facts supported by the scenario. Label any proposed fictional additions for review. Do not add highlighted errors, warning verdicts, invented risks or corrective answers. Define labels and scores. Avoid repeating the scenario. Preserve equivalent English and Thai evidence and record unverified release checks."
"workflow-trace","Workflow / agent trace","D1","AI systems literacy","proficient","high","23","NH-CORE-GENERAL-D1-AI-SYSTEMS-PROFICIENT-01; NH-CORE-GENERAL-D1-AI-SYSTEMS-PROFICIENT-04; NH-CORE-GENERAL-D1-AI-SYSTEMS-PROFICIENT-06; NH-CORE-GENERAL-D1-AI-SYSTEMS-PROFICIENT-08; NH-FUNCTION-GENERAL-D1-AI-SYSTEMS-PROFICIENT-01; NH-FUNCTION-GENERAL-D1-AI-SYSTEMS-PROFICIENT-03; NH-FUNCTION-GENERAL-D1-AI-SYSTEMS-PROFICIENT-04; NH-FUNCTION-FINANCE-D1-AI-SYSTEMS-PROFICIENT-01","A workflow record showing the relevant actions, permissions, approvals and outcomes without marking the correct diagnosis.","A workflow record showing the relevant actions, permissions, approvals and outcomes without marking the correct diagnosis. Use only facts supported by the scenario. Label any proposed fictional additions for review. Do not add highlighted errors, warning verdicts, invented risks or corrective answers. Define labels and scores. Avoid repeating the scenario. Preserve equivalent English and Thai evidence and record unverified release checks."
"data-chart-dashboard","Dashboard / chart / calculation evidence","D5","ROI and measurement","advanced","high","22","NH-CORE-GENERAL-D5-ROI-METRICS-ADVANCED-01; NH-CORE-GENERAL-D5-ROI-METRICS-ADVANCED-03; NH-CORE-GENERAL-D5-ROI-METRICS-ADVANCED-04; NH-CORE-GENERAL-D5-ROI-METRICS-ADVANCED-07; NH-CORE-GENERAL-D5-ROI-METRICS-ADVANCED-08; NH-FUNCTION-GENERAL-D5-ROI-METRICS-ADVANCED-02; NH-FUNCTION-GENERAL-D5-ROI-METRICS-ADVANCED-04; NH-FUNCTION-FINANCE-D5-ROI-METRICS-ADVANCED-01","A clearly labeled table or chart with the task outcome, units, comparison basis and relevant sample or scope. Check all calculations.","A clearly labeled table or chart with the task outcome, units, comparison basis and relevant sample or scope. Check all calculations. Use only facts supported by the scenario. Label any proposed fictional additions for review. Do not add highlighted errors, warning verdicts, invented risks or corrective answers. Define labels and scores. Avoid repeating the scenario. Preserve equivalent English and Thai evidence and record unverified release checks."
"source-comparison-pack","Source comparison / version evidence","D6","Human-AI role clarity","applied","high","22","NH-CORE-GENERAL-D6-ROLE-CLARITY-APPLIED-02; NH-CORE-GENERAL-D6-ROLE-CLARITY-APPLIED-05; NH-CORE-GENERAL-D6-ROLE-CLARITY-APPLIED-06; NH-FUNCTION-GENERAL-D6-ROLE-CLARITY-APPLIED-04; NH-FUNCTION-PEOPLE-D6-ROLE-CLARITY-APPLIED-03; NH-FUNCTION-PEOPLE-D6-ROLE-CLARITY-APPLIED-04; NH-FUNCTION-FINANCE-D6-ROLE-CLARITY-APPLIED-02; NH-FUNCTION-SALES-D6-ROLE-CLARITY-APPLIED-01","Source excerpts with document IDs, versions, dates and scope needed for the question. Present all excerpts neutrally.","Source excerpts with document IDs, versions, dates and scope needed for the question. Present all excerpts neutrally. Use only facts supported by the scenario. Label any proposed fictional additions for review. Do not add highlighted errors, warning verdicts, invented risks or corrective answers. Define labels and scores. Avoid repeating the scenario. Preserve equivalent English and Thai evidence and record unverified release checks."
"workflow-trace","Workflow / agent trace","D1","AI systems literacy","applied","high","22","NH-CORE-GENERAL-D1-AI-SYSTEMS-APPLIED-03; NH-CORE-GENERAL-D1-AI-SYSTEMS-APPLIED-04; NH-CORE-GENERAL-D1-AI-SYSTEMS-APPLIED-06; NH-CORE-GENERAL-D1-AI-SYSTEMS-APPLIED-07; NH-CORE-GENERAL-D1-AI-SYSTEMS-APPLIED-08; NH-FUNCTION-GENERAL-D1-AI-SYSTEMS-APPLIED-02; NH-FUNCTION-GENERAL-D1-AI-SYSTEMS-APPLIED-03; NH-FUNCTION-FINANCE-D1-AI-SYSTEMS-APPLIED-01","A workflow record showing the relevant actions, permissions, approvals and outcomes without marking the correct diagnosis.","A workflow record showing the relevant actions, permissions, approvals and outcomes without marking the correct diagnosis. Use only facts supported by the scenario. Label any proposed fictional additions for review. Do not add highlighted errors, warning verdicts, invented risks or corrective answers. Define labels and scores. Avoid repeating the scenario. Preserve equivalent English and Thai evidence and record unverified release checks."
"workflow-trace","Workflow / agent trace","D1","AI systems literacy","advanced","high","22","NH-CORE-GENERAL-D1-AI-SYSTEMS-ADVANCED-03; NH-CORE-GENERAL-D1-AI-SYSTEMS-ADVANCED-06; NH-CORE-GENERAL-D1-AI-SYSTEMS-ADVANCED-07; NH-FUNCTION-GENERAL-D1-AI-SYSTEMS-ADVANCED-01; NH-FUNCTION-GENERAL-D1-AI-SYSTEMS-ADVANCED-02; NH-FUNCTION-GENERAL-D1-AI-SYSTEMS-ADVANCED-03; NH-FUNCTION-FINANCE-D1-AI-SYSTEMS-ADVANCED-01; NH-FUNCTION-FINANCE-D1-AI-SYSTEMS-ADVANCED-04","A workflow record showing the relevant actions, permissions, approvals and outcomes without marking the correct diagnosis.","A workflow record showing the relevant actions, permissions, approvals and outcomes without marking the correct diagnosis. Use only facts supported by the scenario. Label any proposed fictional additions for review. Do not add highlighted errors, warning verdicts, invented risks or corrective answers. Define labels and scores. Avoid repeating the scenario. Preserve equivalent English and Thai evidence and record unverified release checks."
"source-comparison-pack","Source comparison / version evidence","D2","Tool selection and integration","advanced","high","21","NH-CORE-GENERAL-D2-TOOL-SELECTION-ADVANCED-02; NH-CORE-GENERAL-D2-TOOL-SELECTION-ADVANCED-04; NH-CORE-GENERAL-D2-TOOL-SELECTION-ADVANCED-05; NH-CORE-GENERAL-D2-TOOL-SELECTION-ADVANCED-06; NH-CORE-GENERAL-D2-TOOL-SELECTION-ADVANCED-08; NH-FUNCTION-GENERAL-D2-TOOL-SELECTION-ADVANCED-01; NH-FUNCTION-GENERAL-D2-TOOL-SELECTION-ADVANCED-03; NH-FUNCTION-FINANCE-D2-TOOL-SELECTION-ADVANCED-02","Source excerpts with document IDs, versions, dates and scope needed for the question. Present all excerpts neutrally.","Source excerpts with document IDs, versions, dates and scope needed for the question. Present all excerpts neutrally. Use only facts supported by the scenario. Label any proposed fictional additions for review. Do not add highlighted errors, warning verdicts, invented risks or corrective answers. Define labels and scores. Avoid repeating the scenario. Preserve equivalent English and Thai evidence and record unverified release checks."
"source-comparison-pack","Source comparison / version evidence","D3","Source and claim verification","proficient","high","21","NH-CORE-GENERAL-D3-SOURCE-VERIFICATION-PROFICIENT-02; NH-CORE-GENERAL-D3-SOURCE-VERIFICATION-PROFICIENT-05; NH-CORE-GENERAL-D3-SOURCE-VERIFICATION-PROFICIENT-06; NH-FUNCTION-GENERAL-D3-SOURCE-VERIFICATION-PROFICIENT-04; NH-FUNCTION-PEOPLE-D3-SOURCE-VERIFICATION-PROFICIENT-02; NH-FUNCTION-PEOPLE-D3-SOURCE-VERIFICATION-PROFICIENT-03; NH-FUNCTION-MARKETING-D3-SOURCE-VERIFICATION-PROFICIENT-03; NH-FUNCTION-SALES-D3-SOURCE-VERIFICATION-PROFICIENT-01","Source excerpts with document IDs, versions, dates and scope needed for the question. Present all excerpts neutrally.","Source excerpts with document IDs, versions, dates and scope needed for the question. Present all excerpts neutrally. Use only facts supported by the scenario. Label any proposed fictional additions for review. Do not add highlighted errors, warning verdicts, invented risks or corrective answers. Define labels and scores. Avoid repeating the scenario. Preserve equivalent English and Thai evidence and record unverified release checks."
"data-chart-dashboard","Dashboard / chart / calculation evidence","D5","Portfolio prioritization","awareness","high","20","NH-CORE-GENERAL-D5-PORTFOLIO-PRIORITIZATION-AWARENESS-01; NH-CORE-GENERAL-D5-PORTFOLIO-PRIORITIZATION-AWARENESS-03; NH-CORE-GENERAL-D5-PORTFOLIO-PRIORITIZATION-AWARENESS-04; NH-CORE-GENERAL-D5-PORTFOLIO-PRIORITIZATION-AWARENESS-07; NH-CORE-GENERAL-D5-PORTFOLIO-PRIORITIZATION-AWARENESS-08; NH-FUNCTION-FINANCE-D5-PORTFOLIO-PRIORITIZATION-AWARENESS-01; NH-FUNCTION-FINANCE-D5-PORTFOLIO-PRIORITIZATION-AWARENESS-03; NH-FUNCTION-FINANCE-D5-PORTFOLIO-PRIORITIZATION-AWARENESS-04","A clearly labeled table or chart with the task outcome, units, comparison basis and relevant sample or scope. Check all calculations.","A clearly labeled table or chart with the task outcome, units, comparison basis and relevant sample or scope. Check all calculations. Use only facts supported by the scenario. Label any proposed fictional additions for review. Do not add highlighted errors, warning verdicts, invented risks or corrective answers. Define labels and scores. Avoid repeating the scenario. Preserve equivalent English and Thai evidence and record unverified release checks."
"data-chart-dashboard","Dashboard / chart / calculation evidence","D5","Portfolio prioritization","applied","high","20","NH-CORE-GENERAL-D5-PORTFOLIO-PRIORITIZATION-APPLIED-01; NH-CORE-GENERAL-D5-PORTFOLIO-PRIORITIZATION-APPLIED-03; NH-CORE-GENERAL-D5-PORTFOLIO-PRIORITIZATION-APPLIED-04; NH-CORE-GENERAL-D5-PORTFOLIO-PRIORITIZATION-APPLIED-07; NH-CORE-GENERAL-D5-PORTFOLIO-PRIORITIZATION-APPLIED-08; NH-FUNCTION-FINANCE-D5-PORTFOLIO-PRIORITIZATION-APPLIED-01; NH-FUNCTION-FINANCE-D5-PORTFOLIO-PRIORITIZATION-APPLIED-03; NH-FUNCTION-FINANCE-D5-PORTFOLIO-PRIORITIZATION-APPLIED-04","A clearly labeled table or chart with the task outcome, units, comparison basis and relevant sample or scope. Check all calculations.","A clearly labeled table or chart with the task outcome, units, comparison basis and relevant sample or scope. Check all calculations. Use only facts supported by the scenario. Label any proposed fictional additions for review. Do not add highlighted errors, warning verdicts, invented risks or corrective answers. Define labels and scores. Avoid repeating the scenario. Preserve equivalent English and Thai evidence and record unverified release checks."
"data-chart-dashboard","Dashboard / chart / calculation evidence","D5","Portfolio prioritization","proficient","high","20","NH-CORE-GENERAL-D5-PORTFOLIO-PRIORITIZATION-PROFICIENT-01; NH-CORE-GENERAL-D5-PORTFOLIO-PRIORITIZATION-PROFICIENT-03; NH-CORE-GENERAL-D5-PORTFOLIO-PRIORITIZATION-PROFICIENT-04; NH-CORE-GENERAL-D5-PORTFOLIO-PRIORITIZATION-PROFICIENT-07; NH-CORE-GENERAL-D5-PORTFOLIO-PRIORITIZATION-PROFICIENT-08; NH-FUNCTION-FINANCE-D5-PORTFOLIO-PRIORITIZATION-PROFICIENT-01; NH-FUNCTION-FINANCE-D5-PORTFOLIO-PRIORITIZATION-PROFICIENT-03; NH-FUNCTION-FINANCE-D5-PORTFOLIO-PRIORITIZATION-PROFICIENT-04","A clearly labeled table or chart with the task outcome, units, comparison basis and relevant sample or scope. Check all calculations.","A clearly labeled table or chart with the task outcome, units, comparison basis and relevant sample or scope. Check all calculations. Use only facts supported by the scenario. Label any proposed fictional additions for review. Do not add highlighted errors, warning verdicts, invented risks or corrective answers. Define labels and scores. Avoid repeating the scenario. Preserve equivalent English and Thai evidence and record unverified release checks."
"data-chart-dashboard","Dashboard / chart / calculation evidence","D6","Change enablement","advanced","high","19","NH-CORE-GENERAL-D6-CHANGE-ENABLEMENT-ADVANCED-03; NH-CORE-GENERAL-D6-CHANGE-ENABLEMENT-ADVANCED-04; NH-CORE-GENERAL-D6-CHANGE-ENABLEMENT-ADVANCED-07; NH-CORE-GENERAL-D6-CHANGE-ENABLEMENT-ADVANCED-08; NH-FUNCTION-PEOPLE-D6-CHANGE-ENABLEMENT-ADVANCED-02; NH-FUNCTION-PEOPLE-D6-CHANGE-ENABLEMENT-ADVANCED-04; NH-INDUSTRY-EDUCATION-D6-CHANGE-ENABLEMENT-ADVANCED-01; NH-INDUSTRY-EDUCATION-D6-CHANGE-ENABLEMENT-ADVANCED-02","A clearly labeled table or chart with the task outcome, units, comparison basis and relevant sample or scope. Check all calculations.","A clearly labeled table or chart with the task outcome, units, comparison basis and relevant sample or scope. Check all calculations. Use only facts supported by the scenario. Label any proposed fictional additions for review. Do not add highlighted errors, warning verdicts, invented risks or corrective answers. Define labels and scores. Avoid repeating the scenario. Preserve equivalent English and Thai evidence and record unverified release checks."
"source-comparison-pack","Source comparison / version evidence","D2","Prompt design","proficient","high","19","NH-CORE-GENERAL-D2-PROMPT-DESIGN-PROFICIENT-01; NH-CORE-GENERAL-D2-PROMPT-DESIGN-PROFICIENT-02; NH-CORE-GENERAL-D2-PROMPT-DESIGN-PROFICIENT-05; NH-CORE-GENERAL-D2-PROMPT-DESIGN-PROFICIENT-06; NH-FUNCTION-GENERAL-D2-PROMPT-DESIGN-PROFICIENT-02; NH-FUNCTION-GENERAL-D2-PROMPT-DESIGN-PROFICIENT-03; NH-FUNCTION-PEOPLE-D2-PROMPT-DESIGN-PROFICIENT-01; NH-FUNCTION-PEOPLE-D2-PROMPT-DESIGN-PROFICIENT-02","Source excerpts with document IDs, versions, dates and scope needed for the question. Present all excerpts neutrally.","Source excerpts with document IDs, versions, dates and scope needed for the question. Present all excerpts neutrally. Use only facts supported by the scenario. Label any proposed fictional additions for review. Do not add highlighted errors, warning verdicts, invented risks or corrective answers. Define labels and scores. Avoid repeating the scenario. Preserve equivalent English and Thai evidence and record unverified release checks."
"source-comparison-pack","Source comparison / version evidence","D2","Output refinement","awareness","high","19","NH-CORE-GENERAL-D2-OUTPUT-REFINEMENT-AWARENESS-02; NH-CORE-GENERAL-D2-OUTPUT-REFINEMENT-AWARENESS-03; NH-CORE-GENERAL-D2-OUTPUT-REFINEMENT-AWARENESS-04; NH-CORE-GENERAL-D2-OUTPUT-REFINEMENT-AWARENESS-05; NH-CORE-GENERAL-D2-OUTPUT-REFINEMENT-AWARENESS-07; NH-CORE-GENERAL-D2-OUTPUT-REFINEMENT-AWARENESS-08; NH-FUNCTION-PEOPLE-D2-OUTPUT-REFINEMENT-AWARENESS-01; NH-FUNCTION-PEOPLE-D2-OUTPUT-REFINEMENT-AWARENESS-03","Source excerpts with document IDs, versions, dates and scope needed for the question. Present all excerpts neutrally.","Source excerpts with document IDs, versions, dates and scope needed for the question. Present all excerpts neutrally. Use only facts supported by the scenario. Label any proposed fictional additions for review. Do not add highlighted errors, warning verdicts, invented risks or corrective answers. Define labels and scores. Avoid repeating the scenario. Preserve equivalent English and Thai evidence and record unverified release checks."
"source-comparison-pack","Source comparison / version evidence","D4","Security and governance controls","applied","high","19","NH-CORE-GENERAL-D4-SECURITY-GOVERNANCE-APPLIED-02; NH-CORE-GENERAL-D4-SECURITY-GOVERNANCE-APPLIED-05; NH-FUNCTION-SALES-D4-SECURITY-GOVERNANCE-APPLIED-01; NH-FUNCTION-SALES-D4-SECURITY-GOVERNANCE-APPLIED-02; NH-FUNCTION-SALES-D4-SECURITY-GOVERNANCE-APPLIED-03; NH-FUNCTION-SALES-D4-SECURITY-GOVERNANCE-APPLIED-04; NH-FUNCTION-CUSTOMERSERVICE-D4-SECURITY-GOVERNANCE-APPLIED-01; NH-FUNCTION-CUSTOMERSERVICE-D4-SECURITY-GOVERNANCE-APPLIED-02","Source excerpts with document IDs, versions, dates and scope needed for the question. Present all excerpts neutrally.","Source excerpts with document IDs, versions, dates and scope needed for the question. Present all excerpts neutrally. Use only facts supported by the scenario. Label any proposed fictional additions for review. Do not add highlighted errors, warning verdicts, invented risks or corrective answers. Define labels and scores. Avoid repeating the scenario. Preserve equivalent English and Thai evidence and record unverified release checks."
"source-comparison-pack","Source comparison / version evidence","D6","Human-AI role clarity","awareness","high","19","NH-CORE-GENERAL-D6-ROLE-CLARITY-AWARENESS-02; NH-CORE-GENERAL-D6-ROLE-CLARITY-AWARENESS-03; NH-CORE-GENERAL-D6-ROLE-CLARITY-AWARENESS-05; NH-CORE-GENERAL-D6-ROLE-CLARITY-AWARENESS-07; NH-FUNCTION-PEOPLE-D6-ROLE-CLARITY-AWARENESS-02; NH-FUNCTION-PEOPLE-D6-ROLE-CLARITY-AWARENESS-03; NH-FUNCTION-FINANCE-D6-ROLE-CLARITY-AWARENESS-01; NH-FUNCTION-SALES-D6-ROLE-CLARITY-AWARENESS-01","Source excerpts with document IDs, versions, dates and scope needed for the question. Present all excerpts neutrally.","Source excerpts with document IDs, versions, dates and scope needed for the question. Present all excerpts neutrally. Use only facts supported by the scenario. Label any proposed fictional additions for review. Do not add highlighted errors, warning verdicts, invented risks or corrective answers. Define labels and scores. Avoid repeating the scenario. Preserve equivalent English and Thai evidence and record unverified release checks."
"workflow-trace","Workflow / agent trace","D2","Agentic workflows","awareness","high","19","NH-CORE-GENERAL-D2-AGENTIC-WORKFLOWS-AWARENESS-03; NH-CORE-GENERAL-D2-AGENTIC-WORKFLOWS-AWARENESS-04; NH-CORE-GENERAL-D2-AGENTIC-WORKFLOWS-AWARENESS-06; NH-CORE-GENERAL-D2-AGENTIC-WORKFLOWS-AWARENESS-07; NH-CORE-GENERAL-D2-AGENTIC-WORKFLOWS-AWARENESS-08; NH-FUNCTION-GENERAL-D2-AGENTIC-WORKFLOWS-AWARENESS-01; NH-FUNCTION-GENERAL-D2-AGENTIC-WORKFLOWS-AWARENESS-04; NH-FUNCTION-FINANCE-D2-AGENTIC-WORKFLOWS-AWARENESS-02","A workflow record showing the relevant actions, permissions, approvals and outcomes without marking the correct diagnosis.","A workflow record showing the relevant actions, permissions, approvals and outcomes without marking the correct diagnosis. Use only facts supported by the scenario. Label any proposed fictional additions for review. Do not add highlighted errors, warning verdicts, invented risks or corrective answers. Define labels and scores. Avoid repeating the scenario. Preserve equivalent English and Thai evidence and record unverified release checks."
"data-chart-dashboard","Dashboard / chart / calculation evidence","D6","Change enablement","applied","high","18","NH-CORE-GENERAL-D6-CHANGE-ENABLEMENT-APPLIED-01; NH-CORE-GENERAL-D6-CHANGE-ENABLEMENT-APPLIED-03; NH-CORE-GENERAL-D6-CHANGE-ENABLEMENT-APPLIED-04; NH-CORE-GENERAL-D6-CHANGE-ENABLEMENT-APPLIED-07; NH-CORE-GENERAL-D6-CHANGE-ENABLEMENT-APPLIED-08; NH-FUNCTION-PEOPLE-D6-CHANGE-ENABLEMENT-APPLIED-02; NH-FUNCTION-PEOPLE-D6-CHANGE-ENABLEMENT-APPLIED-04; NH-INDUSTRY-EDUCATION-D6-CHANGE-ENABLEMENT-APPLIED-01","A clearly labeled table or chart with the task outcome, units, comparison basis and relevant sample or scope. Check all calculations.","A clearly labeled table or chart with the task outcome, units, comparison basis and relevant sample or scope. Check all calculations. Use only facts supported by the scenario. Label any proposed fictional additions for review. Do not add highlighted errors, warning verdicts, invented risks or corrective answers. Define labels and scores. Avoid repeating the scenario. Preserve equivalent English and Thai evidence and record unverified release checks."
"security-audit-log","Security / access / audit evidence","D4","Regulatory and policy fluency","applied","high","18","NH-CORE-GENERAL-D4-REGULATORY-POLICY-APPLIED-01; NH-CORE-GENERAL-D4-REGULATORY-POLICY-APPLIED-04; NH-CORE-GENERAL-D4-REGULATORY-POLICY-APPLIED-08; NH-FUNCTION-PEOPLE-D4-REGULATORY-POLICY-APPLIED-01; NH-FUNCTION-PEOPLE-D4-REGULATORY-POLICY-APPLIED-02; NH-FUNCTION-FINANCE-D4-REGULATORY-POLICY-APPLIED-01; NH-FUNCTION-FINANCE-D4-REGULATORY-POLICY-APPLIED-04; NH-INDUSTRY-FINANCIAL-D4-REGULATORY-POLICY-APPLIED-03","A realistic access or audit record containing only the identities, scopes, actions and authorization evidence needed for the decision.","A realistic access or audit record containing only the identities, scopes, actions and authorization evidence needed for the decision. Use only facts supported by the scenario. Label any proposed fictional additions for review. Do not add highlighted errors, warning verdicts, invented risks or corrective answers. Define labels and scores. Avoid repeating the scenario. Preserve equivalent English and Thai evidence and record unverified release checks."
"security-audit-log","Security / access / audit evidence","D4","Regulatory and policy fluency","proficient","high","18","NH-CORE-GENERAL-D4-REGULATORY-POLICY-PROFICIENT-03; NH-CORE-GENERAL-D4-REGULATORY-POLICY-PROFICIENT-07; NH-FUNCTION-PEOPLE-D4-REGULATORY-POLICY-PROFICIENT-01; NH-FUNCTION-PEOPLE-D4-REGULATORY-POLICY-PROFICIENT-04; NH-FUNCTION-FINANCE-D4-REGULATORY-POLICY-PROFICIENT-02; NH-FUNCTION-FINANCE-D4-REGULATORY-POLICY-PROFICIENT-03; NH-FUNCTION-FINANCE-D4-REGULATORY-POLICY-PROFICIENT-04; NH-INDUSTRY-FINANCIAL-D4-REGULATORY-POLICY-PROFICIENT-03","A realistic access or audit record containing only the identities, scopes, actions and authorization evidence needed for the decision.","A realistic access or audit record containing only the identities, scopes, actions and authorization evidence needed for the decision. Use only facts supported by the scenario. Label any proposed fictional additions for review. Do not add highlighted errors, warning verdicts, invented risks or corrective answers. Define labels and scores. Avoid repeating the scenario. Preserve equivalent English and Thai evidence and record unverified release checks."
"source-comparison-pack","Source comparison / version evidence","D1","Capability boundaries","proficient","high","18","NH-CORE-GENERAL-D1-CAPABILITY-LIMITS-PROFICIENT-02; NH-CORE-GENERAL-D1-CAPABILITY-LIMITS-PROFICIENT-03; NH-CORE-GENERAL-D1-CAPABILITY-LIMITS-PROFICIENT-04; NH-CORE-GENERAL-D1-CAPABILITY-LIMITS-PROFICIENT-05; NH-CORE-GENERAL-D1-CAPABILITY-LIMITS-PROFICIENT-06; NH-CORE-GENERAL-D1-CAPABILITY-LIMITS-PROFICIENT-07; NH-CORE-GENERAL-D1-CAPABILITY-LIMITS-PROFICIENT-08; NH-FUNCTION-SALES-D1-CAPABILITY-LIMITS-PROFICIENT-01","Source excerpts with document IDs, versions, dates and scope needed for the question. Present all excerpts neutrally.","Source excerpts with document IDs, versions, dates and scope needed for the question. Present all excerpts neutrally. Use only facts supported by the scenario. Label any proposed fictional additions for review. Do not add highlighted errors, warning verdicts, invented risks or corrective answers. Define labels and scores. Avoid repeating the scenario. Preserve equivalent English and Thai evidence and record unverified release checks."
"source-comparison-pack","Source comparison / version evidence","D3","Source and claim verification","awareness","high","18","NH-CORE-GENERAL-D3-SOURCE-VERIFICATION-AWARENESS-02; NH-CORE-GENERAL-D3-SOURCE-VERIFICATION-AWARENESS-04; NH-CORE-GENERAL-D3-SOURCE-VERIFICATION-AWARENESS-05; NH-CORE-GENERAL-D3-SOURCE-VERIFICATION-AWARENESS-08; NH-FUNCTION-PEOPLE-D3-SOURCE-VERIFICATION-AWARENESS-01; NH-FUNCTION-PEOPLE-D3-SOURCE-VERIFICATION-AWARENESS-03; NH-FUNCTION-MARKETING-D3-SOURCE-VERIFICATION-AWARENESS-02; NH-FUNCTION-SALES-D3-SOURCE-VERIFICATION-AWARENESS-01","Source excerpts with document IDs, versions, dates and scope needed for the question. Present all excerpts neutrally.","Source excerpts with document IDs, versions, dates and scope needed for the question. Present all excerpts neutrally. Use only facts supported by the scenario. Label any proposed fictional additions for review. Do not add highlighted errors, warning verdicts, invented risks or corrective answers. Define labels and scores. Avoid repeating the scenario. Preserve equivalent English and Thai evidence and record unverified release checks."
"source-comparison-pack","Source comparison / version evidence","D4","Security and governance controls","awareness","high","18","NH-CORE-GENERAL-D4-SECURITY-GOVERNANCE-AWARENESS-02; NH-CORE-GENERAL-D4-SECURITY-GOVERNANCE-AWARENESS-05; NH-FUNCTION-SALES-D4-SECURITY-GOVERNANCE-AWARENESS-01; NH-FUNCTION-SALES-D4-SECURITY-GOVERNANCE-AWARENESS-02; NH-FUNCTION-SALES-D4-SECURITY-GOVERNANCE-AWARENESS-03; NH-FUNCTION-SALES-D4-SECURITY-GOVERNANCE-AWARENESS-04; NH-FUNCTION-CUSTOMERSERVICE-D4-SECURITY-GOVERNANCE-AWARENESS-01; NH-FUNCTION-CUSTOMERSERVICE-D4-SECURITY-GOVERNANCE-AWARENESS-02","Source excerpts with document IDs, versions, dates and scope needed for the question. Present all excerpts neutrally.","Source excerpts with document IDs, versions, dates and scope needed for the question. Present all excerpts neutrally. Use only facts supported by the scenario. Label any proposed fictional additions for review. Do not add highlighted errors, warning verdicts, invented risks or corrective answers. Define labels and scores. Avoid repeating the scenario. Preserve equivalent English and Thai evidence and record unverified release checks."
"source-comparison-pack","Source comparison / version evidence","D4","Security and governance controls","advanced","high","18","NH-CORE-GENERAL-D4-SECURITY-GOVERNANCE-ADVANCED-02; NH-CORE-GENERAL-D4-SECURITY-GOVERNANCE-ADVANCED-05; NH-FUNCTION-SALES-D4-SECURITY-GOVERNANCE-ADVANCED-01; NH-FUNCTION-SALES-D4-SECURITY-GOVERNANCE-ADVANCED-02; NH-FUNCTION-SALES-D4-SECURITY-GOVERNANCE-ADVANCED-03; NH-FUNCTION-SALES-D4-SECURITY-GOVERNANCE-ADVANCED-04; NH-FUNCTION-CUSTOMERSERVICE-D4-SECURITY-GOVERNANCE-ADVANCED-01; NH-FUNCTION-CUSTOMERSERVICE-D4-SECURITY-GOVERNANCE-ADVANCED-02","Source excerpts with document IDs, versions, dates and scope needed for the question. Present all excerpts neutrally.","Source excerpts with document IDs, versions, dates and scope needed for the question. Present all excerpts neutrally. Use only facts supported by the scenario. Label any proposed fictional additions for review. Do not add highlighted errors, warning verdicts, invented risks or corrective answers. Define labels and scores. Avoid repeating the scenario. Preserve equivalent English and Thai evidence and record unverified release checks."
"workflow-trace","Workflow / agent trace","D2","Agentic workflows","proficient","high","18","NH-CORE-GENERAL-D2-AGENTIC-WORKFLOWS-PROFICIENT-03; NH-CORE-GENERAL-D2-AGENTIC-WORKFLOWS-PROFICIENT-06; NH-CORE-GENERAL-D2-AGENTIC-WORKFLOWS-PROFICIENT-07; NH-FUNCTION-GENERAL-D2-AGENTIC-WORKFLOWS-PROFICIENT-01; NH-FUNCTION-GENERAL-D2-AGENTIC-WORKFLOWS-PROFICIENT-03; NH-FUNCTION-GENERAL-D2-AGENTIC-WORKFLOWS-PROFICIENT-04; NH-FUNCTION-FINANCE-D2-AGENTIC-WORKFLOWS-PROFICIENT-01; NH-FUNCTION-FINANCE-D2-AGENTIC-WORKFLOWS-PROFICIENT-02","A workflow record showing the relevant actions, permissions, approvals and outcomes without marking the correct diagnosis.","A workflow record showing the relevant actions, permissions, approvals and outcomes without marking the correct diagnosis. Use only facts supported by the scenario. Label any proposed fictional additions for review. Do not add highlighted errors, warning verdicts, invented risks or corrective answers. Define labels and scores. Avoid repeating the scenario. Preserve equivalent English and Thai evidence and record unverified release checks."
"security-audit-log","Security / access / audit evidence","D4","Security and governance controls","awareness","high","17","NH-CORE-GENERAL-D4-SECURITY-GOVERNANCE-AWARENESS-01; NH-CORE-GENERAL-D4-SECURITY-GOVERNANCE-AWARENESS-03; NH-CORE-GENERAL-D4-SECURITY-GOVERNANCE-AWARENESS-07; NH-FUNCTION-GENERAL-D4-SECURITY-GOVERNANCE-AWARENESS-03; NH-FUNCTION-FINANCE-D4-SECURITY-GOVERNANCE-AWARENESS-01; NH-FUNCTION-FINANCE-D4-SECURITY-GOVERNANCE-AWARENESS-03; NH-INDUSTRY-FINANCIAL-D4-SECURITY-GOVERNANCE-AWARENESS-01; NH-INDUSTRY-FINANCIAL-D4-SECURITY-GOVERNANCE-AWARENESS-03","A realistic access or audit record containing only the identities, scopes, actions and authorization evidence needed for the decision.","A realistic access or audit record containing only the identities, scopes, actions and authorization evidence needed for the decision. Use only facts supported by the scenario. Label any proposed fictional additions for review. Do not add highlighted errors, warning verdicts, invented risks or corrective answers. Define labels and scores. Avoid repeating the scenario. Preserve equivalent English and Thai evidence and record unverified release checks."
"source-comparison-pack","Source comparison / version evidence","D1","Capability boundaries","applied","high","17","NH-CORE-GENERAL-D1-CAPABILITY-LIMITS-APPLIED-02; NH-CORE-GENERAL-D1-CAPABILITY-LIMITS-APPLIED-03; NH-CORE-GENERAL-D1-CAPABILITY-LIMITS-APPLIED-05; NH-CORE-GENERAL-D1-CAPABILITY-LIMITS-APPLIED-06; NH-CORE-GENERAL-D1-CAPABILITY-LIMITS-APPLIED-07; NH-FUNCTION-SALES-D1-CAPABILITY-LIMITS-APPLIED-01; NH-FUNCTION-SALES-D1-CAPABILITY-LIMITS-APPLIED-02; NH-FUNCTION-SALES-D1-CAPABILITY-LIMITS-APPLIED-03","Source excerpts with document IDs, versions, dates and scope needed for the question. Present all excerpts neutrally.","Source excerpts with document IDs, versions, dates and scope needed for the question. Present all excerpts neutrally. Use only facts supported by the scenario. Label any proposed fictional additions for review. Do not add highlighted errors, warning verdicts, invented risks or corrective answers. Define labels and scores. Avoid repeating the scenario. Preserve equivalent English and Thai evidence and record unverified release checks."
"source-comparison-pack","Source comparison / version evidence","D2","Output refinement","applied","high","17","NH-CORE-GENERAL-D2-OUTPUT-REFINEMENT-APPLIED-01; NH-CORE-GENERAL-D2-OUTPUT-REFINEMENT-APPLIED-02; NH-CORE-GENERAL-D2-OUTPUT-REFINEMENT-APPLIED-04; NH-CORE-GENERAL-D2-OUTPUT-REFINEMENT-APPLIED-05; NH-CORE-GENERAL-D2-OUTPUT-REFINEMENT-APPLIED-08; NH-FUNCTION-PEOPLE-D2-OUTPUT-REFINEMENT-APPLIED-02; NH-FUNCTION-PEOPLE-D2-OUTPUT-REFINEMENT-APPLIED-03; NH-FUNCTION-MARKETING-D2-OUTPUT-REFINEMENT-APPLIED-02","Source excerpts with document IDs, versions, dates and scope needed for the question. Present all excerpts neutrally.","Source excerpts with document IDs, versions, dates and scope needed for the question. Present all excerpts neutrally. Use only facts supported by the scenario. Label any proposed fictional additions for review. Do not add highlighted errors, warning verdicts, invented risks or corrective answers. Define labels and scores. Avoid repeating the scenario. Preserve equivalent English and Thai evidence and record unverified release checks."
"source-comparison-pack","Source comparison / version evidence","D3","Fraud and manipulation detection","applied","high","17","NH-CORE-GENERAL-D3-FRAUD-DETECTION-APPLIED-02; NH-CORE-GENERAL-D3-FRAUD-DETECTION-APPLIED-03; NH-CORE-GENERAL-D3-FRAUD-DETECTION-APPLIED-05; NH-CORE-GENERAL-D3-FRAUD-DETECTION-APPLIED-07; NH-FUNCTION-FINANCE-D3-FRAUD-DETECTION-APPLIED-03; NH-FUNCTION-SALES-D3-FRAUD-DETECTION-APPLIED-01; NH-FUNCTION-SALES-D3-FRAUD-DETECTION-APPLIED-02; NH-FUNCTION-SALES-D3-FRAUD-DETECTION-APPLIED-03","Source excerpts with document IDs, versions, dates and scope needed for the question. Present all excerpts neutrally.","Source excerpts with document IDs, versions, dates and scope needed for the question. Present all excerpts neutrally. Use only facts supported by the scenario. Label any proposed fictional additions for review. Do not add highlighted errors, warning verdicts, invented risks or corrective answers. Define labels and scores. Avoid repeating the scenario. Preserve equivalent English and Thai evidence and record unverified release checks."
"source-comparison-pack","Source comparison / version evidence","D4","Regulatory and policy fluency","awareness","high","17","NH-CORE-GENERAL-D4-REGULATORY-POLICY-AWARENESS-01; NH-CORE-GENERAL-D4-REGULATORY-POLICY-AWARENESS-02; NH-CORE-GENERAL-D4-REGULATORY-POLICY-AWARENESS-05; NH-FUNCTION-PEOPLE-D4-REGULATORY-POLICY-AWARENESS-02; NH-FUNCTION-PEOPLE-D4-REGULATORY-POLICY-AWARENESS-03; NH-FUNCTION-FINANCE-D4-REGULATORY-POLICY-AWARENESS-02; NH-FUNCTION-MARKETING-D4-REGULATORY-POLICY-AWARENESS-04; NH-INDUSTRY-FINANCIAL-D4-REGULATORY-POLICY-AWARENESS-01","Source excerpts with document IDs, versions, dates and scope needed for the question. Present all excerpts neutrally.","Source excerpts with document IDs, versions, dates and scope needed for the question. Present all excerpts neutrally. Use only facts supported by the scenario. Label any proposed fictional additions for review. Do not add highlighted errors, warning verdicts, invented risks or corrective answers. Define labels and scores. Avoid repeating the scenario. Preserve equivalent English and Thai evidence and record unverified release checks."
"source-comparison-pack","Source comparison / version evidence","D4","Regulatory and policy fluency","proficient","high","17","NH-CORE-GENERAL-D4-REGULATORY-POLICY-PROFICIENT-02; NH-CORE-GENERAL-D4-REGULATORY-POLICY-PROFICIENT-04; NH-CORE-GENERAL-D4-REGULATORY-POLICY-PROFICIENT-05; NH-CORE-GENERAL-D4-REGULATORY-POLICY-PROFICIENT-08; NH-FUNCTION-PEOPLE-D4-REGULATORY-POLICY-PROFICIENT-02; NH-FUNCTION-PEOPLE-D4-REGULATORY-POLICY-PROFICIENT-03; NH-FUNCTION-FINANCE-D4-REGULATORY-POLICY-PROFICIENT-01; NH-FUNCTION-MARKETING-D4-REGULATORY-POLICY-PROFICIENT-01","Source excerpts with document IDs, versions, dates and scope needed for the question. Present all excerpts neutrally.","Source excerpts with document IDs, versions, dates and scope needed for the question. Present all excerpts neutrally. Use only facts supported by the scenario. Label any proposed fictional additions for review. Do not add highlighted errors, warning verdicts, invented risks or corrective answers. Define labels and scores. Avoid repeating the scenario. Preserve equivalent English and Thai evidence and record unverified release checks."
"data-chart-dashboard","Dashboard / chart / calculation evidence","D5","ROI and measurement","awareness","high","16","NH-CORE-GENERAL-D5-ROI-METRICS-AWARENESS-01; NH-FUNCTION-GENERAL-D5-ROI-METRICS-AWARENESS-02; NH-FUNCTION-FINANCE-D5-ROI-METRICS-AWARENESS-01; NH-FUNCTION-FINANCE-D5-ROI-METRICS-AWARENESS-03; NH-EXECUTIVE-CEO-D5-ROI-METRICS-AWARENESS-02; NH-EXECUTIVE-CEO-D5-ROI-METRICS-AWARENESS-03; NH-EXECUTIVE-CEO-D5-ROI-METRICS-AWARENESS-04; NH-EXECUTIVE-BOARD-D5-ROI-METRICS-AWARENESS-01","A clearly labeled table or chart with the task outcome, units, comparison basis and relevant sample or scope. Check all calculations.","A clearly labeled table or chart with the task outcome, units, comparison basis and relevant sample or scope. Check all calculations. Use only facts supported by the scenario. Label any proposed fictional additions for review. Do not add highlighted errors, warning verdicts, invented risks or corrective answers. Define labels and scores. Avoid repeating the scenario. Preserve equivalent English and Thai evidence and record unverified release checks."
"data-chart-dashboard","Dashboard / chart / calculation evidence","D6","Change enablement","proficient","high","16","NH-CORE-GENERAL-D6-CHANGE-ENABLEMENT-PROFICIENT-01; NH-CORE-GENERAL-D6-CHANGE-ENABLEMENT-PROFICIENT-03; NH-CORE-GENERAL-D6-CHANGE-ENABLEMENT-PROFICIENT-07; NH-FUNCTION-PEOPLE-D6-CHANGE-ENABLEMENT-PROFICIENT-01; NH-FUNCTION-PEOPLE-D6-CHANGE-ENABLEMENT-PROFICIENT-02; NH-INDUSTRY-EDUCATION-D6-CHANGE-ENABLEMENT-PROFICIENT-01; NH-INDUSTRY-EDUCATION-D6-CHANGE-ENABLEMENT-PROFICIENT-02; NH-INDUSTRY-EDUCATION-D6-CHANGE-ENABLEMENT-PROFICIENT-03","A clearly labeled table or chart with the task outcome, units, comparison basis and relevant sample or scope. Check all calculations.","A clearly labeled table or chart with the task outcome, units, comparison basis and relevant sample or scope. Check all calculations. Use only facts supported by the scenario. Label any proposed fictional additions for review. Do not add highlighted errors, warning verdicts, invented risks or corrective answers. Define labels and scores. Avoid repeating the scenario. Preserve equivalent English and Thai evidence and record unverified release checks."
"source-comparison-pack","Source comparison / version evidence","D4","Regulatory and policy fluency","advanced","high","16","NH-CORE-GENERAL-D4-REGULATORY-POLICY-ADVANCED-01; NH-CORE-GENERAL-D4-REGULATORY-POLICY-ADVANCED-02; NH-CORE-GENERAL-D4-REGULATORY-POLICY-ADVANCED-05; NH-FUNCTION-PEOPLE-D4-REGULATORY-POLICY-ADVANCED-03; NH-FUNCTION-PEOPLE-D4-REGULATORY-POLICY-ADVANCED-04; NH-FUNCTION-FINANCE-D4-REGULATORY-POLICY-ADVANCED-03; NH-FUNCTION-MARKETING-D4-REGULATORY-POLICY-ADVANCED-04; NH-INDUSTRY-FINANCIAL-D4-REGULATORY-POLICY-ADVANCED-02","Source excerpts with document IDs, versions, dates and scope needed for the question. Present all excerpts neutrally.","Source excerpts with document IDs, versions, dates and scope needed for the question. Present all excerpts neutrally. Use only facts supported by the scenario. Label any proposed fictional additions for review. Do not add highlighted errors, warning verdicts, invented risks or corrective answers. Define labels and scores. Avoid repeating the scenario. Preserve equivalent English and Thai evidence and record unverified release checks."
"source-comparison-pack","Source comparison / version evidence","D4","Security and governance controls","proficient","high","16","NH-CORE-GENERAL-D4-SECURITY-GOVERNANCE-PROFICIENT-02; NH-CORE-GENERAL-D4-SECURITY-GOVERNANCE-PROFICIENT-05; NH-FUNCTION-SALES-D4-SECURITY-GOVERNANCE-PROFICIENT-01; NH-FUNCTION-SALES-D4-SECURITY-GOVERNANCE-PROFICIENT-02; NH-FUNCTION-SALES-D4-SECURITY-GOVERNANCE-PROFICIENT-03; NH-FUNCTION-SALES-D4-SECURITY-GOVERNANCE-PROFICIENT-04; NH-FUNCTION-CUSTOMERSERVICE-D4-SECURITY-GOVERNANCE-PROFICIENT-04; NH-FUNCTION-OPERATIONS-D4-SECURITY-GOVERNANCE-PROFICIENT-01","Source excerpts with document IDs, versions, dates and scope needed for the question. Present all excerpts neutrally.","Source excerpts with document IDs, versions, dates and scope needed for the question. Present all excerpts neutrally. Use only facts supported by the scenario. Label any proposed fictional additions for review. Do not add highlighted errors, warning verdicts, invented risks or corrective answers. Define labels and scores. Avoid repeating the scenario. Preserve equivalent English and Thai evidence and record unverified release checks."
"workflow-trace","Workflow / agent trace","D2","Tool selection and integration","awareness","high","16","NH-CORE-GENERAL-D2-TOOL-SELECTION-AWARENESS-03; NH-CORE-GENERAL-D2-TOOL-SELECTION-AWARENESS-06; NH-CORE-GENERAL-D2-TOOL-SELECTION-AWARENESS-07; NH-FUNCTION-GENERAL-D2-TOOL-SELECTION-AWARENESS-01; NH-FUNCTION-GENERAL-D2-TOOL-SELECTION-AWARENESS-03; NH-FUNCTION-GENERAL-D2-TOOL-SELECTION-AWARENESS-04; NH-FUNCTION-FINANCE-D2-TOOL-SELECTION-AWARENESS-01; NH-FUNCTION-FINANCE-D2-TOOL-SELECTION-AWARENESS-02","A workflow record showing the relevant actions, permissions, approvals and outcomes without marking the correct diagnosis.","A workflow record showing the relevant actions, permissions, approvals and outcomes without marking the correct diagnosis. Use only facts supported by the scenario. Label any proposed fictional additions for review. Do not add highlighted errors, warning verdicts, invented risks or corrective answers. Define labels and scores. Avoid repeating the scenario. Preserve equivalent English and Thai evidence and record unverified release checks."
"source-comparison-pack","Source comparison / version evidence","D5","ROI and measurement","awareness","high","15","NH-CORE-GENERAL-D5-ROI-METRICS-AWARENESS-02; NH-CORE-GENERAL-D5-ROI-METRICS-AWARENESS-05; NH-FUNCTION-SALES-D5-ROI-METRICS-AWARENESS-01; NH-FUNCTION-SALES-D5-ROI-METRICS-AWARENESS-02; NH-FUNCTION-SALES-D5-ROI-METRICS-AWARENESS-03; NH-FUNCTION-SALES-D5-ROI-METRICS-AWARENESS-04; NH-FUNCTION-OPERATIONS-D5-ROI-METRICS-AWARENESS-01; NH-FUNCTION-OPERATIONS-D5-ROI-METRICS-AWARENESS-02","Source excerpts with document IDs, versions, dates and scope needed for the question. Present all excerpts neutrally.","Source excerpts with document IDs, versions, dates and scope needed for the question. Present all excerpts neutrally. Use only facts supported by the scenario. Label any proposed fictional additions for review. Do not add highlighted errors, warning verdicts, invented risks or corrective answers. Define labels and scores. Avoid repeating the scenario. Preserve equivalent English and Thai evidence and record unverified release checks."
"source-comparison-pack","Source comparison / version evidence","D5","ROI and measurement","applied","high","15","NH-CORE-GENERAL-D5-ROI-METRICS-APPLIED-02; NH-CORE-GENERAL-D5-ROI-METRICS-APPLIED-05; NH-FUNCTION-SALES-D5-ROI-METRICS-APPLIED-01; NH-FUNCTION-SALES-D5-ROI-METRICS-APPLIED-02; NH-FUNCTION-SALES-D5-ROI-METRICS-APPLIED-03; NH-FUNCTION-SALES-D5-ROI-METRICS-APPLIED-04; NH-FUNCTION-OPERATIONS-D5-ROI-METRICS-APPLIED-01; NH-FUNCTION-OPERATIONS-D5-ROI-METRICS-APPLIED-02","Source excerpts with document IDs, versions, dates and scope needed for the question. Present all excerpts neutrally.","Source excerpts with document IDs, versions, dates and scope needed for the question. Present all excerpts neutrally. Use only facts supported by the scenario. Label any proposed fictional additions for review. Do not add highlighted errors, warning verdicts, invented risks or corrective answers. Define labels and scores. Avoid repeating the scenario. Preserve equivalent English and Thai evidence and record unverified release checks."
"source-comparison-pack","Source comparison / version evidence","D5","ROI and measurement","advanced","high","15","NH-CORE-GENERAL-D5-ROI-METRICS-ADVANCED-02; NH-CORE-GENERAL-D5-ROI-METRICS-ADVANCED-05; NH-FUNCTION-SALES-D5-ROI-METRICS-ADVANCED-01; NH-FUNCTION-SALES-D5-ROI-METRICS-ADVANCED-02; NH-FUNCTION-SALES-D5-ROI-METRICS-ADVANCED-03; NH-FUNCTION-SALES-D5-ROI-METRICS-ADVANCED-04; NH-FUNCTION-OPERATIONS-D5-ROI-METRICS-ADVANCED-01; NH-FUNCTION-OPERATIONS-D5-ROI-METRICS-ADVANCED-02","Source excerpts with document IDs, versions, dates and scope needed for the question. Present all excerpts neutrally.","Source excerpts with document IDs, versions, dates and scope needed for the question. Present all excerpts neutrally. Use only facts supported by the scenario. Label any proposed fictional additions for review. Do not add highlighted errors, warning verdicts, invented risks or corrective answers. Define labels and scores. Avoid repeating the scenario. Preserve equivalent English and Thai evidence and record unverified release checks."
"source-comparison-pack","Source comparison / version evidence","D6","Human-AI role clarity","advanced","high","15","NH-CORE-GENERAL-D6-ROLE-CLARITY-ADVANCED-02; NH-CORE-GENERAL-D6-ROLE-CLARITY-ADVANCED-05; NH-FUNCTION-PEOPLE-D6-ROLE-CLARITY-ADVANCED-03; NH-FUNCTION-SALES-D6-ROLE-CLARITY-ADVANCED-01; NH-FUNCTION-SALES-D6-ROLE-CLARITY-ADVANCED-02; NH-FUNCTION-SALES-D6-ROLE-CLARITY-ADVANCED-03; NH-FUNCTION-SALES-D6-ROLE-CLARITY-ADVANCED-04; NH-FUNCTION-CUSTOMERSERVICE-D6-ROLE-CLARITY-ADVANCED-01","Source excerpts with document IDs, versions, dates and scope needed for the question. Present all excerpts neutrally.","Source excerpts with document IDs, versions, dates and scope needed for the question. Present all excerpts neutrally. Use only facts supported by the scenario. Label any proposed fictional additions for review. Do not add highlighted errors, warning verdicts, invented risks or corrective answers. Define labels and scores. Avoid repeating the scenario. Preserve equivalent English and Thai evidence and record unverified release checks."
"source-comparison-pack","Source comparison / version evidence","D6","Trust and challenge culture","awareness","high","15","NH-CORE-GENERAL-D6-TRUST-CULTURE-AWARENESS-02; NH-CORE-GENERAL-D6-TRUST-CULTURE-AWARENESS-05; NH-CORE-GENERAL-D6-TRUST-CULTURE-AWARENESS-06; NH-FUNCTION-PEOPLE-D6-TRUST-CULTURE-AWARENESS-01; NH-FUNCTION-PEOPLE-D6-TRUST-CULTURE-AWARENESS-03; NH-FUNCTION-CUSTOMERSERVICE-D6-TRUST-CULTURE-AWARENESS-01; NH-FUNCTION-CUSTOMERSERVICE-D6-TRUST-CULTURE-AWARENESS-02; NH-FUNCTION-CUSTOMERSERVICE-D6-TRUST-CULTURE-AWARENESS-03","Source excerpts with document IDs, versions, dates and scope needed for the question. Present all excerpts neutrally.","Source excerpts with document IDs, versions, dates and scope needed for the question. Present all excerpts neutrally. Use only facts supported by the scenario. Label any proposed fictional additions for review. Do not add highlighted errors, warning verdicts, invented risks or corrective answers. Define labels and scores. Avoid repeating the scenario. Preserve equivalent English and Thai evidence and record unverified release checks."
"source-comparison-pack","Source comparison / version evidence","D6","Trust and challenge culture","applied","high","15","NH-CORE-GENERAL-D6-TRUST-CULTURE-APPLIED-02; NH-CORE-GENERAL-D6-TRUST-CULTURE-APPLIED-05; NH-CORE-GENERAL-D6-TRUST-CULTURE-APPLIED-06; NH-FUNCTION-PEOPLE-D6-TRUST-CULTURE-APPLIED-02; NH-FUNCTION-PEOPLE-D6-TRUST-CULTURE-APPLIED-03; NH-FUNCTION-CUSTOMERSERVICE-D6-TRUST-CULTURE-APPLIED-01; NH-FUNCTION-CUSTOMERSERVICE-D6-TRUST-CULTURE-APPLIED-02; NH-FUNCTION-CUSTOMERSERVICE-D6-TRUST-CULTURE-APPLIED-03","Source excerpts with document IDs, versions, dates and scope needed for the question. Present all excerpts neutrally.","Source excerpts with document IDs, versions, dates and scope needed for the question. Present all excerpts neutrally. Use only facts supported by the scenario. Label any proposed fictional additions for review. Do not add highlighted errors, warning verdicts, invented risks or corrective answers. Define labels and scores. Avoid repeating the scenario. Preserve equivalent English and Thai evidence and record unverified release checks."
"source-comparison-pack","Source comparison / version evidence","D6","Trust and challenge culture","advanced","high","15","NH-CORE-GENERAL-D6-TRUST-CULTURE-ADVANCED-02; NH-CORE-GENERAL-D6-TRUST-CULTURE-ADVANCED-04; NH-CORE-GENERAL-D6-TRUST-CULTURE-ADVANCED-05; NH-CORE-GENERAL-D6-TRUST-CULTURE-ADVANCED-08; NH-FUNCTION-PEOPLE-D6-TRUST-CULTURE-ADVANCED-02; NH-FUNCTION-PEOPLE-D6-TRUST-CULTURE-ADVANCED-03; NH-FUNCTION-CUSTOMERSERVICE-D6-TRUST-CULTURE-ADVANCED-01; NH-FUNCTION-CUSTOMERSERVICE-D6-TRUST-CULTURE-ADVANCED-02","Source excerpts with document IDs, versions, dates and scope needed for the question. Present all excerpts neutrally.","Source excerpts with document IDs, versions, dates and scope needed for the question. Present all excerpts neutrally. Use only facts supported by the scenario. Label any proposed fictional additions for review. Do not add highlighted errors, warning verdicts, invented risks or corrective answers. Define labels and scores. Avoid repeating the scenario. Preserve equivalent English and Thai evidence and record unverified release checks."
"security-audit-log","Security / access / audit evidence","D4","Security and governance controls","applied","high","14","NH-CORE-GENERAL-D4-SECURITY-GOVERNANCE-APPLIED-01; NH-FUNCTION-GENERAL-D4-SECURITY-GOVERNANCE-APPLIED-04; NH-FUNCTION-FINANCE-D4-SECURITY-GOVERNANCE-APPLIED-03; NH-FUNCTION-FINANCE-D4-SECURITY-GOVERNANCE-APPLIED-04; NH-INDUSTRY-FINANCIAL-D4-SECURITY-GOVERNANCE-APPLIED-03; NH-INDUSTRY-PUBLIC-D4-SECURITY-GOVERNANCE-APPLIED-02; NH-INDUSTRY-PUBLIC-D4-SECURITY-GOVERNANCE-APPLIED-03; NH-EXECUTIVE-CEO-D4-SECURITY-GOVERNANCE-APPLIED-02","A realistic access or audit record containing only the identities, scopes, actions and authorization evidence needed for the decision.","A realistic access or audit record containing only the identities, scopes, actions and authorization evidence needed for the decision. Use only facts supported by the scenario. Label any proposed fictional additions for review. Do not add highlighted errors, warning verdicts, invented risks or corrective answers. Define labels and scores. Avoid repeating the scenario. Preserve equivalent English and Thai evidence and record unverified release checks."
"source-comparison-pack","Source comparison / version evidence","D1","Capability boundaries","advanced","high","14","NH-CORE-GENERAL-D1-CAPABILITY-LIMITS-ADVANCED-01; NH-CORE-GENERAL-D1-CAPABILITY-LIMITS-ADVANCED-02; NH-CORE-GENERAL-D1-CAPABILITY-LIMITS-ADVANCED-03; NH-CORE-GENERAL-D1-CAPABILITY-LIMITS-ADVANCED-05; NH-CORE-GENERAL-D1-CAPABILITY-LIMITS-ADVANCED-06; NH-CORE-GENERAL-D1-CAPABILITY-LIMITS-ADVANCED-07; NH-FUNCTION-SALES-D1-CAPABILITY-LIMITS-ADVANCED-01; NH-FUNCTION-SALES-D1-CAPABILITY-LIMITS-ADVANCED-02","Source excerpts with document IDs, versions, dates and scope needed for the question. Present all excerpts neutrally.","Source excerpts with document IDs, versions, dates and scope needed for the question. Present all excerpts neutrally. Use only facts supported by the scenario. Label any proposed fictional additions for review. Do not add highlighted errors, warning verdicts, invented risks or corrective answers. Define labels and scores. Avoid repeating the scenario. Preserve equivalent English and Thai evidence and record unverified release checks."
"source-comparison-pack","Source comparison / version evidence","D6","Change enablement","awareness","high","14","NH-CORE-GENERAL-D6-CHANGE-ENABLEMENT-AWARENESS-02; NH-CORE-GENERAL-D6-CHANGE-ENABLEMENT-AWARENESS-05; NH-CORE-GENERAL-D6-CHANGE-ENABLEMENT-AWARENESS-06; NH-FUNCTION-PEOPLE-D6-CHANGE-ENABLEMENT-AWARENESS-02; NH-FUNCTION-PEOPLE-D6-CHANGE-ENABLEMENT-AWARENESS-03; NH-FUNCTION-OPERATIONS-D6-CHANGE-ENABLEMENT-AWARENESS-01; NH-FUNCTION-OPERATIONS-D6-CHANGE-ENABLEMENT-AWARENESS-02; NH-FUNCTION-OPERATIONS-D6-CHANGE-ENABLEMENT-AWARENESS-03","Source excerpts with document IDs, versions, dates and scope needed for the question. Present all excerpts neutrally.","Source excerpts with document IDs, versions, dates and scope needed for the question. Present all excerpts neutrally. Use only facts supported by the scenario. Label any proposed fictional additions for review. Do not add highlighted errors, warning verdicts, invented risks or corrective answers. Define labels and scores. Avoid repeating the scenario. Preserve equivalent English and Thai evidence and record unverified release checks."
"source-comparison-pack","Source comparison / version evidence","D6","Change enablement","proficient","high","14","NH-CORE-GENERAL-D6-CHANGE-ENABLEMENT-PROFICIENT-02; NH-CORE-GENERAL-D6-CHANGE-ENABLEMENT-PROFICIENT-04; NH-CORE-GENERAL-D6-CHANGE-ENABLEMENT-PROFICIENT-05; NH-CORE-GENERAL-D6-CHANGE-ENABLEMENT-PROFICIENT-08; NH-FUNCTION-PEOPLE-D6-CHANGE-ENABLEMENT-PROFICIENT-03; NH-FUNCTION-PEOPLE-D6-CHANGE-ENABLEMENT-PROFICIENT-04; NH-FUNCTION-OPERATIONS-D6-CHANGE-ENABLEMENT-PROFICIENT-01; NH-FUNCTION-OPERATIONS-D6-CHANGE-ENABLEMENT-PROFICIENT-02","Source excerpts with document IDs, versions, dates and scope needed for the question. Present all excerpts neutrally.","Source excerpts with document IDs, versions, dates and scope needed for the question. Present all excerpts neutrally. Use only facts supported by the scenario. Label any proposed fictional additions for review. Do not add highlighted errors, warning verdicts, invented risks or corrective answers. Define labels and scores. Avoid repeating the scenario. Preserve equivalent English and Thai evidence and record unverified release checks."
"workflow-trace","Workflow / agent trace","D2","Agentic workflows","applied","high","14","NH-CORE-GENERAL-D2-AGENTIC-WORKFLOWS-APPLIED-03; NH-CORE-GENERAL-D2-AGENTIC-WORKFLOWS-APPLIED-06; NH-CORE-GENERAL-D2-AGENTIC-WORKFLOWS-APPLIED-07; NH-FUNCTION-GENERAL-D2-AGENTIC-WORKFLOWS-APPLIED-01; NH-FUNCTION-FINANCE-D2-AGENTIC-WORKFLOWS-APPLIED-01; NH-FUNCTION-TECHNICAL-D2-AGENTIC-WORKFLOWS-APPLIED-01; NH-FUNCTION-TECHNICAL-D2-AGENTIC-WORKFLOWS-APPLIED-02; NH-FUNCTION-TECHNICAL-D2-AGENTIC-WORKFLOWS-APPLIED-03","A workflow record showing the relevant actions, permissions, approvals and outcomes without marking the correct diagnosis.","A workflow record showing the relevant actions, permissions, approvals and outcomes without marking the correct diagnosis. Use only facts supported by the scenario. Label any proposed fictional additions for review. Do not add highlighted errors, warning verdicts, invented risks or corrective answers. Define labels and scores. Avoid repeating the scenario. Preserve equivalent English and Thai evidence and record unverified release checks."
"data-chart-dashboard","Dashboard / chart / calculation evidence","D5","Portfolio prioritization","advanced","high","13","NH-CORE-GENERAL-D5-PORTFOLIO-PRIORITIZATION-ADVANCED-01; NH-CORE-GENERAL-D5-PORTFOLIO-PRIORITIZATION-ADVANCED-03; NH-CORE-GENERAL-D5-PORTFOLIO-PRIORITIZATION-ADVANCED-07; NH-FUNCTION-FINANCE-D5-PORTFOLIO-PRIORITIZATION-ADVANCED-03; NH-FUNCTION-FINANCE-D5-PORTFOLIO-PRIORITIZATION-ADVANCED-04; NH-EXECUTIVE-CEO-D5-PORTFOLIO-PRIORITIZATION-ADVANCED-03; NH-EXECUTIVE-CEO-D5-PORTFOLIO-PRIORITIZATION-ADVANCED-04; NH-EXECUTIVE-BOARD-D5-PORTFOLIO-PRIORITIZATION-ADVANCED-02","A clearly labeled table or chart with the task outcome, units, comparison basis and relevant sample or scope. Check all calculations.","A clearly labeled table or chart with the task outcome, units, comparison basis and relevant sample or scope. Check all calculations. Use only facts supported by the scenario. Label any proposed fictional additions for review. Do not add highlighted errors, warning verdicts, invented risks or corrective answers. Define labels and scores. Avoid repeating the scenario. Preserve equivalent English and Thai evidence and record unverified release checks."
"data-chart-dashboard","Dashboard / chart / calculation evidence","D6","Learning and improvement loops","applied","high","13","NH-CORE-GENERAL-D6-LEARNING-LOOPS-APPLIED-04; NH-CORE-GENERAL-D6-LEARNING-LOOPS-APPLIED-08; NH-INDUSTRY-EDUCATION-D6-LEARNING-LOOPS-APPLIED-03; NH-EXECUTIVE-CEO-D6-LEARNING-LOOPS-APPLIED-02; NH-EXECUTIVE-CEO-D6-LEARNING-LOOPS-APPLIED-03; NH-EXECUTIVE-CEO-D6-LEARNING-LOOPS-APPLIED-04; NH-EXECUTIVE-PEOPLE-D6-LEARNING-LOOPS-APPLIED-01; NH-EXECUTIVE-PEOPLE-D6-LEARNING-LOOPS-APPLIED-02","A clearly labeled table or chart with the task outcome, units, comparison basis and relevant sample or scope. Check all calculations.","A clearly labeled table or chart with the task outcome, units, comparison basis and relevant sample or scope. Check all calculations. Use only facts supported by the scenario. Label any proposed fictional additions for review. Do not add highlighted errors, warning verdicts, invented risks or corrective answers. Define labels and scores. Avoid repeating the scenario. Preserve equivalent English and Thai evidence and record unverified release checks."
"security-audit-log","Security / access / audit evidence","D4","Security and governance controls","advanced","high","13","NH-CORE-GENERAL-D4-SECURITY-GOVERNANCE-ADVANCED-01; NH-FUNCTION-GENERAL-D4-SECURITY-GOVERNANCE-ADVANCED-03; NH-FUNCTION-FINANCE-D4-SECURITY-GOVERNANCE-ADVANCED-02; NH-FUNCTION-FINANCE-D4-SECURITY-GOVERNANCE-ADVANCED-04; NH-INDUSTRY-FINANCIAL-D4-SECURITY-GOVERNANCE-ADVANCED-01; NH-INDUSTRY-FINANCIAL-D4-SECURITY-GOVERNANCE-ADVANCED-03; NH-INDUSTRY-FINANCIAL-D4-SECURITY-GOVERNANCE-ADVANCED-04; NH-INDUSTRY-PUBLIC-D4-SECURITY-GOVERNANCE-ADVANCED-01","A realistic access or audit record containing only the identities, scopes, actions and authorization evidence needed for the decision.","A realistic access or audit record containing only the identities, scopes, actions and authorization evidence needed for the decision. Use only facts supported by the scenario. Label any proposed fictional additions for review. Do not add highlighted errors, warning verdicts, invented risks or corrective answers. Define labels and scores. Avoid repeating the scenario. Preserve equivalent English and Thai evidence and record unverified release checks."
"security-audit-log","Security / access / audit evidence","D5","ROI and measurement","applied","high","13","NH-CORE-GENERAL-D5-ROI-METRICS-APPLIED-04; NH-CORE-GENERAL-D5-ROI-METRICS-APPLIED-08; NH-FUNCTION-GENERAL-D5-ROI-METRICS-APPLIED-02; NH-FUNCTION-GENERAL-D5-ROI-METRICS-APPLIED-03; NH-FUNCTION-FINANCE-D5-ROI-METRICS-APPLIED-02; NH-FUNCTION-FINANCE-D5-ROI-METRICS-APPLIED-04; NH-INDUSTRY-FINANCIAL-D5-ROI-METRICS-APPLIED-01; NH-INDUSTRY-FINANCIAL-D5-ROI-METRICS-APPLIED-03","A realistic access or audit record containing only the identities, scopes, actions and authorization evidence needed for the decision.","A realistic access or audit record containing only the identities, scopes, actions and authorization evidence needed for the decision. Use only facts supported by the scenario. Label any proposed fictional additions for review. Do not add highlighted errors, warning verdicts, invented risks or corrective answers. Define labels and scores. Avoid repeating the scenario. Preserve equivalent English and Thai evidence and record unverified release checks."
"source-comparison-pack","Source comparison / version evidence","D2","Prompt design","advanced","high","13","NH-CORE-GENERAL-D2-PROMPT-DESIGN-ADVANCED-02; NH-CORE-GENERAL-D2-PROMPT-DESIGN-ADVANCED-05; NH-CORE-GENERAL-D2-PROMPT-DESIGN-ADVANCED-06; NH-FUNCTION-GENERAL-D2-PROMPT-DESIGN-ADVANCED-02; NH-FUNCTION-PEOPLE-D2-PROMPT-DESIGN-ADVANCED-03; NH-FUNCTION-PEOPLE-D2-PROMPT-DESIGN-ADVANCED-04; NH-FUNCTION-MARKETING-D2-PROMPT-DESIGN-ADVANCED-04; NH-FUNCTION-SALES-D2-PROMPT-DESIGN-ADVANCED-01","Source excerpts with document IDs, versions, dates and scope needed for the question. Present all excerpts neutrally.","Source excerpts with document IDs, versions, dates and scope needed for the question. Present all excerpts neutrally. Use only facts supported by the scenario. Label any proposed fictional additions for review. Do not add highlighted errors, warning verdicts, invented risks or corrective answers. Define labels and scores. Avoid repeating the scenario. Preserve equivalent English and Thai evidence and record unverified release checks."
"source-comparison-pack","Source comparison / version evidence","D5","Use-case evaluation","awareness","high","13","NH-CORE-GENERAL-D5-USECASE-FIT-AWARENESS-02; NH-CORE-GENERAL-D5-USECASE-FIT-AWARENESS-05; NH-FUNCTION-PEOPLE-D5-USECASE-FIT-AWARENESS-03; NH-FUNCTION-SALES-D5-USECASE-FIT-AWARENESS-01; NH-FUNCTION-SALES-D5-USECASE-FIT-AWARENESS-02; NH-FUNCTION-SALES-D5-USECASE-FIT-AWARENESS-03; NH-FUNCTION-SALES-D5-USECASE-FIT-AWARENESS-04; NH-FUNCTION-OPERATIONS-D5-USECASE-FIT-AWARENESS-01","Source excerpts with document IDs, versions, dates and scope needed for the question. Present all excerpts neutrally.","Source excerpts with document IDs, versions, dates and scope needed for the question. Present all excerpts neutrally. Use only facts supported by the scenario. Label any proposed fictional additions for review. Do not add highlighted errors, warning verdicts, invented risks or corrective answers. Define labels and scores. Avoid repeating the scenario. Preserve equivalent English and Thai evidence and record unverified release checks."
"source-comparison-pack","Source comparison / version evidence","D5","Use-case evaluation","applied","high","13","NH-CORE-GENERAL-D5-USECASE-FIT-APPLIED-02; NH-CORE-GENERAL-D5-USECASE-FIT-APPLIED-05; NH-FUNCTION-PEOPLE-D5-USECASE-FIT-APPLIED-03; NH-FUNCTION-SALES-D5-USECASE-FIT-APPLIED-01; NH-FUNCTION-SALES-D5-USECASE-FIT-APPLIED-02; NH-FUNCTION-SALES-D5-USECASE-FIT-APPLIED-03; NH-FUNCTION-SALES-D5-USECASE-FIT-APPLIED-04; NH-FUNCTION-OPERATIONS-D5-USECASE-FIT-APPLIED-01","Source excerpts with document IDs, versions, dates and scope needed for the question. Present all excerpts neutrally.","Source excerpts with document IDs, versions, dates and scope needed for the question. Present all excerpts neutrally. Use only facts supported by the scenario. Label any proposed fictional additions for review. Do not add highlighted errors, warning verdicts, invented risks or corrective answers. Define labels and scores. Avoid repeating the scenario. Preserve equivalent English and Thai evidence and record unverified release checks."
"source-comparison-pack","Source comparison / version evidence","D5","Use-case evaluation","proficient","high","13","NH-CORE-GENERAL-D5-USECASE-FIT-PROFICIENT-02; NH-CORE-GENERAL-D5-USECASE-FIT-PROFICIENT-05; NH-FUNCTION-PEOPLE-D5-USECASE-FIT-PROFICIENT-03; NH-FUNCTION-SALES-D5-USECASE-FIT-PROFICIENT-01; NH-FUNCTION-SALES-D5-USECASE-FIT-PROFICIENT-02; NH-FUNCTION-SALES-D5-USECASE-FIT-PROFICIENT-03; NH-FUNCTION-SALES-D5-USECASE-FIT-PROFICIENT-04; NH-FUNCTION-OPERATIONS-D5-USECASE-FIT-PROFICIENT-01","Source excerpts with document IDs, versions, dates and scope needed for the question. Present all excerpts neutrally.","Source excerpts with document IDs, versions, dates and scope needed for the question. Present all excerpts neutrally. Use only facts supported by the scenario. Label any proposed fictional additions for review. Do not add highlighted errors, warning verdicts, invented risks or corrective answers. Define labels and scores. Avoid repeating the scenario. Preserve equivalent English and Thai evidence and record unverified release checks."
"source-comparison-pack","Source comparison / version evidence","D5","Use-case evaluation","advanced","high","13","NH-CORE-GENERAL-D5-USECASE-FIT-ADVANCED-02; NH-CORE-GENERAL-D5-USECASE-FIT-ADVANCED-05; NH-FUNCTION-PEOPLE-D5-USECASE-FIT-ADVANCED-03; NH-FUNCTION-SALES-D5-USECASE-FIT-ADVANCED-01; NH-FUNCTION-SALES-D5-USECASE-FIT-ADVANCED-02; NH-FUNCTION-SALES-D5-USECASE-FIT-ADVANCED-03; NH-FUNCTION-SALES-D5-USECASE-FIT-ADVANCED-04; NH-FUNCTION-OPERATIONS-D5-USECASE-FIT-ADVANCED-01","Source excerpts with document IDs, versions, dates and scope needed for the question. Present all excerpts neutrally.","Source excerpts with document IDs, versions, dates and scope needed for the question. Present all excerpts neutrally. Use only facts supported by the scenario. Label any proposed fictional additions for review. Do not add highlighted errors, warning verdicts, invented risks or corrective answers. Define labels and scores. Avoid repeating the scenario. Preserve equivalent English and Thai evidence and record unverified release checks."
"source-comparison-pack","Source comparison / version evidence","D6","Change enablement","applied","high","13","NH-CORE-GENERAL-D6-CHANGE-ENABLEMENT-APPLIED-02; NH-CORE-GENERAL-D6-CHANGE-ENABLEMENT-APPLIED-05; NH-CORE-GENERAL-D6-CHANGE-ENABLEMENT-APPLIED-06; NH-FUNCTION-PEOPLE-D6-CHANGE-ENABLEMENT-APPLIED-01; NH-FUNCTION-PEOPLE-D6-CHANGE-ENABLEMENT-APPLIED-03; NH-FUNCTION-OPERATIONS-D6-CHANGE-ENABLEMENT-APPLIED-01; NH-FUNCTION-OPERATIONS-D6-CHANGE-ENABLEMENT-APPLIED-02; NH-FUNCTION-OPERATIONS-D6-CHANGE-ENABLEMENT-APPLIED-03","Source excerpts with document IDs, versions, dates and scope needed for the question. Present all excerpts neutrally.","Source excerpts with document IDs, versions, dates and scope needed for the question. Present all excerpts neutrally. Use only facts supported by the scenario. Label any proposed fictional additions for review. Do not add highlighted errors, warning verdicts, invented risks or corrective answers. Define labels and scores. Avoid repeating the scenario. Preserve equivalent English and Thai evidence and record unverified release checks."
"workflow-trace","Workflow / agent trace","D2","Agentic workflows","advanced","high","13","NH-CORE-GENERAL-D2-AGENTIC-WORKFLOWS-ADVANCED-06; NH-FUNCTION-GENERAL-D2-AGENTIC-WORKFLOWS-ADVANCED-01; NH-FUNCTION-GENERAL-D2-AGENTIC-WORKFLOWS-ADVANCED-03; NH-FUNCTION-FINANCE-D2-AGENTIC-WORKFLOWS-ADVANCED-03; NH-FUNCTION-TECHNICAL-D2-AGENTIC-WORKFLOWS-ADVANCED-01; NH-FUNCTION-TECHNICAL-D2-AGENTIC-WORKFLOWS-ADVANCED-02; NH-FUNCTION-TECHNICAL-D2-AGENTIC-WORKFLOWS-ADVANCED-03; NH-FUNCTION-TECHNICAL-D2-AGENTIC-WORKFLOWS-ADVANCED-04","A workflow record showing the relevant actions, permissions, approvals and outcomes without marking the correct diagnosis.","A workflow record showing the relevant actions, permissions, approvals and outcomes without marking the correct diagnosis. Use only facts supported by the scenario. Label any proposed fictional additions for review. Do not add highlighted errors, warning verdicts, invented risks or corrective answers. Define labels and scores. Avoid repeating the scenario. Preserve equivalent English and Thai evidence and record unverified release checks."
"workflow-trace","Workflow / agent trace","D5","Use-case evaluation","proficient","high","13","NH-CORE-GENERAL-D5-USECASE-FIT-PROFICIENT-01; NH-CORE-GENERAL-D5-USECASE-FIT-PROFICIENT-06; NH-FUNCTION-GENERAL-D5-USECASE-FIT-PROFICIENT-01; NH-FUNCTION-PEOPLE-D5-USECASE-FIT-PROFICIENT-01; NH-FUNCTION-MARKETING-D5-USECASE-FIT-PROFICIENT-01; NH-FUNCTION-TECHNICAL-D5-USECASE-FIT-PROFICIENT-01; NH-FUNCTION-TECHNICAL-D5-USECASE-FIT-PROFICIENT-02; NH-FUNCTION-TECHNICAL-D5-USECASE-FIT-PROFICIENT-03","A workflow record showing the relevant actions, permissions, approvals and outcomes without marking the correct diagnosis.","A workflow record showing the relevant actions, permissions, approvals and outcomes without marking the correct diagnosis. Use only facts supported by the scenario. Label any proposed fictional additions for review. Do not add highlighted errors, warning verdicts, invented risks or corrective answers. Define labels and scores. Avoid repeating the scenario. Preserve equivalent English and Thai evidence and record unverified release checks."
"workflow-trace","Workflow / agent trace","D6","Learning and improvement loops","advanced","high","13","NH-CORE-GENERAL-D6-LEARNING-LOOPS-ADVANCED-06; NH-FUNCTION-MARKETING-D6-LEARNING-LOOPS-ADVANCED-03; NH-FUNCTION-TECHNICAL-D6-LEARNING-LOOPS-ADVANCED-01; NH-FUNCTION-TECHNICAL-D6-LEARNING-LOOPS-ADVANCED-02; NH-FUNCTION-TECHNICAL-D6-LEARNING-LOOPS-ADVANCED-03; NH-FUNCTION-TECHNICAL-D6-LEARNING-LOOPS-ADVANCED-04; NH-INDUSTRY-EDUCATION-D6-LEARNING-LOOPS-ADVANCED-01; NH-EXECUTIVE-PEOPLE-D6-LEARNING-LOOPS-ADVANCED-02","A workflow record showing the relevant actions, permissions, approvals and outcomes without marking the correct diagnosis.","A workflow record showing the relevant actions, permissions, approvals and outcomes without marking the correct diagnosis. Use only facts supported by the scenario. Label any proposed fictional additions for review. Do not add highlighted errors, warning verdicts, invented risks or corrective answers. Define labels and scores. Avoid repeating the scenario. Preserve equivalent English and Thai evidence and record unverified release checks."
"data-chart-dashboard","Dashboard / chart / calculation evidence","D3","Data and chart judgment","applied","high","12","NH-CORE-GENERAL-D3-DATA-CHART-JUDGMENT-APPLIED-01; NH-CORE-GENERAL-D3-DATA-CHART-JUDGMENT-APPLIED-03; NH-CORE-GENERAL-D3-DATA-CHART-JUDGMENT-APPLIED-07; NH-FUNCTION-GENERAL-D3-DATA-CHART-JUDGMENT-APPLIED-02; NH-FUNCTION-GENERAL-D3-DATA-CHART-JUDGMENT-APPLIED-04; NH-FUNCTION-FINANCE-D3-DATA-CHART-JUDGMENT-APPLIED-01; NH-FUNCTION-FINANCE-D3-DATA-CHART-JUDGMENT-APPLIED-03; NH-EXECUTIVE-BOARD-D3-DATA-CHART-JUDGMENT-APPLIED-02","A clearly labeled table or chart with the task outcome, units, comparison basis and relevant sample or scope. Check all calculations.","A clearly labeled table or chart with the task outcome, units, comparison basis and relevant sample or scope. Check all calculations. Use only facts supported by the scenario. Label any proposed fictional additions for review. Do not add highlighted errors, warning verdicts, invented risks or corrective answers. Define labels and scores. Avoid repeating the scenario. Preserve equivalent English and Thai evidence and record unverified release checks."
"data-chart-dashboard","Dashboard / chart / calculation evidence","D3","Data and chart judgment","proficient","high","12","NH-CORE-GENERAL-D3-DATA-CHART-JUDGMENT-PROFICIENT-03; NH-CORE-GENERAL-D3-DATA-CHART-JUDGMENT-PROFICIENT-04; NH-CORE-GENERAL-D3-DATA-CHART-JUDGMENT-PROFICIENT-07; NH-CORE-GENERAL-D3-DATA-CHART-JUDGMENT-PROFICIENT-08; NH-FUNCTION-GENERAL-D3-DATA-CHART-JUDGMENT-PROFICIENT-04; NH-FUNCTION-FINANCE-D3-DATA-CHART-JUDGMENT-PROFICIENT-03; NH-EXECUTIVE-BOARD-D3-DATA-CHART-JUDGMENT-PROFICIENT-01; NH-EXECUTIVE-BOARD-D3-DATA-CHART-JUDGMENT-PROFICIENT-02","A clearly labeled table or chart with the task outcome, units, comparison basis and relevant sample or scope. Check all calculations.","A clearly labeled table or chart with the task outcome, units, comparison basis and relevant sample or scope. Check all calculations. Use only facts supported by the scenario. Label any proposed fictional additions for review. Do not add highlighted errors, warning verdicts, invented risks or corrective answers. Define labels and scores. Avoid repeating the scenario. Preserve equivalent English and Thai evidence and record unverified release checks."
"media-asset-review","Media / asset provenance evidence","D3","Media provenance","applied","high","12","NH-CORE-GENERAL-D3-MEDIA-PROVENANCE-APPLIED-01; NH-CORE-GENERAL-D3-MEDIA-PROVENANCE-APPLIED-03; NH-CORE-GENERAL-D3-MEDIA-PROVENANCE-APPLIED-04; NH-CORE-GENERAL-D3-MEDIA-PROVENANCE-APPLIED-07; NH-CORE-GENERAL-D3-MEDIA-PROVENANCE-APPLIED-08; NH-FUNCTION-MARKETING-D3-MEDIA-PROVENANCE-APPLIED-01; NH-FUNCTION-MARKETING-D3-MEDIA-PROVENANCE-APPLIED-02; NH-FUNCTION-MARKETING-D3-MEDIA-PROVENANCE-APPLIED-03","A task brief, proposed media and relevant source or permission records. Show the objective and intended use clearly.","A task brief, proposed media and relevant source or permission records. Show the objective and intended use clearly. Use only facts supported by the scenario. Label any proposed fictional additions for review. Do not add highlighted errors, warning verdicts, invented risks or corrective answers. Define labels and scores. Avoid repeating the scenario. Preserve equivalent English and Thai evidence and record unverified release checks."
"source-comparison-pack","Source comparison / version evidence","D2","Output refinement","proficient","high","12","NH-CORE-GENERAL-D2-OUTPUT-REFINEMENT-PROFICIENT-01; NH-CORE-GENERAL-D2-OUTPUT-REFINEMENT-PROFICIENT-02; NH-CORE-GENERAL-D2-OUTPUT-REFINEMENT-PROFICIENT-05; NH-FUNCTION-PEOPLE-D2-OUTPUT-REFINEMENT-PROFICIENT-02; NH-FUNCTION-PEOPLE-D2-OUTPUT-REFINEMENT-PROFICIENT-03; NH-FUNCTION-MARKETING-D2-OUTPUT-REFINEMENT-PROFICIENT-04; NH-FUNCTION-CUSTOMERSERVICE-D2-OUTPUT-REFINEMENT-PROFICIENT-01; NH-FUNCTION-CUSTOMERSERVICE-D2-OUTPUT-REFINEMENT-PROFICIENT-02","Source excerpts with document IDs, versions, dates and scope needed for the question. Present all excerpts neutrally.","Source excerpts with document IDs, versions, dates and scope needed for the question. Present all excerpts neutrally. Use only facts supported by the scenario. Label any proposed fictional additions for review. Do not add highlighted errors, warning verdicts, invented risks or corrective answers. Define labels and scores. Avoid repeating the scenario. Preserve equivalent English and Thai evidence and record unverified release checks."
"source-comparison-pack","Source comparison / version evidence","D3","Fraud and manipulation detection","awareness","high","12","NH-CORE-GENERAL-D3-FRAUD-DETECTION-AWARENESS-02; NH-CORE-GENERAL-D3-FRAUD-DETECTION-AWARENESS-05; NH-FUNCTION-SALES-D3-FRAUD-DETECTION-AWARENESS-01; NH-FUNCTION-SALES-D3-FRAUD-DETECTION-AWARENESS-02; NH-FUNCTION-SALES-D3-FRAUD-DETECTION-AWARENESS-03; NH-FUNCTION-SALES-D3-FRAUD-DETECTION-AWARENESS-04; NH-FUNCTION-CUSTOMERSERVICE-D3-FRAUD-DETECTION-AWARENESS-01; NH-FUNCTION-CUSTOMERSERVICE-D3-FRAUD-DETECTION-AWARENESS-02","Source excerpts with document IDs, versions, dates and scope needed for the question. Present all excerpts neutrally.","Source excerpts with document IDs, versions, dates and scope needed for the question. Present all excerpts neutrally. Use only facts supported by the scenario. Label any proposed fictional additions for review. Do not add highlighted errors, warning verdicts, invented risks or corrective answers. Define labels and scores. Avoid repeating the scenario. Preserve equivalent English and Thai evidence and record unverified release checks."
"source-comparison-pack","Source comparison / version evidence","D3","Fraud and manipulation detection","proficient","high","12","NH-CORE-GENERAL-D3-FRAUD-DETECTION-PROFICIENT-02; NH-CORE-GENERAL-D3-FRAUD-DETECTION-PROFICIENT-05; NH-FUNCTION-SALES-D3-FRAUD-DETECTION-PROFICIENT-01; NH-FUNCTION-SALES-D3-FRAUD-DETECTION-PROFICIENT-02; NH-FUNCTION-SALES-D3-FRAUD-DETECTION-PROFICIENT-03; NH-FUNCTION-SALES-D3-FRAUD-DETECTION-PROFICIENT-04; NH-FUNCTION-CUSTOMERSERVICE-D3-FRAUD-DETECTION-PROFICIENT-01; NH-FUNCTION-CUSTOMERSERVICE-D3-FRAUD-DETECTION-PROFICIENT-02","Source excerpts with document IDs, versions, dates and scope needed for the question. Present all excerpts neutrally.","Source excerpts with document IDs, versions, dates and scope needed for the question. Present all excerpts neutrally. Use only facts supported by the scenario. Label any proposed fictional additions for review. Do not add highlighted errors, warning verdicts, invented risks or corrective answers. Define labels and scores. Avoid repeating the scenario. Preserve equivalent English and Thai evidence and record unverified release checks."
"workflow-trace","Workflow / agent trace","D1","AI systems literacy","awareness","high","12","NH-CORE-GENERAL-D1-AI-SYSTEMS-AWARENESS-06; NH-FUNCTION-FINANCE-D1-AI-SYSTEMS-AWARENESS-04; NH-FUNCTION-TECHNICAL-D1-AI-SYSTEMS-AWARENESS-01; NH-FUNCTION-TECHNICAL-D1-AI-SYSTEMS-AWARENESS-02; NH-FUNCTION-TECHNICAL-D1-AI-SYSTEMS-AWARENESS-03; NH-FUNCTION-TECHNICAL-D1-AI-SYSTEMS-AWARENESS-04; NH-EXECUTIVE-FINANCE-D1-AI-SYSTEMS-AWARENESS-01; NH-EXECUTIVE-TECHNOLOGY-D1-AI-SYSTEMS-AWARENESS-01","A workflow record showing the relevant actions, permissions, approvals and outcomes without marking the correct diagnosis.","A workflow record showing the relevant actions, permissions, approvals and outcomes without marking the correct diagnosis. Use only facts supported by the scenario. Label any proposed fictional additions for review. Do not add highlighted errors, warning verdicts, invented risks or corrective answers. Define labels and scores. Avoid repeating the scenario. Preserve equivalent English and Thai evidence and record unverified release checks."
"workflow-trace","Workflow / agent trace","D3","Fraud and manipulation detection","advanced","high","12","NH-CORE-GENERAL-D3-FRAUD-DETECTION-ADVANCED-03; NH-CORE-GENERAL-D3-FRAUD-DETECTION-ADVANCED-04; NH-CORE-GENERAL-D3-FRAUD-DETECTION-ADVANCED-06; NH-CORE-GENERAL-D3-FRAUD-DETECTION-ADVANCED-07; NH-CORE-GENERAL-D3-FRAUD-DETECTION-ADVANCED-08; NH-FUNCTION-FINANCE-D3-FRAUD-DETECTION-ADVANCED-02; NH-FUNCTION-FINANCE-D3-FRAUD-DETECTION-ADVANCED-03; NH-INDUSTRY-FINANCIAL-D3-FRAUD-DETECTION-ADVANCED-01","A workflow record showing the relevant actions, permissions, approvals and outcomes without marking the correct diagnosis.","A workflow record showing the relevant actions, permissions, approvals and outcomes without marking the correct diagnosis. Use only facts supported by the scenario. Label any proposed fictional additions for review. Do not add highlighted errors, warning verdicts, invented risks or corrective answers. Define labels and scores. Avoid repeating the scenario. Preserve equivalent English and Thai evidence and record unverified release checks."
"data-chart-dashboard","Dashboard / chart / calculation evidence","D5","Use-case evaluation","proficient","high","11","NH-CORE-GENERAL-D5-USECASE-FIT-PROFICIENT-03; NH-CORE-GENERAL-D5-USECASE-FIT-PROFICIENT-07; NH-FUNCTION-GENERAL-D5-USECASE-FIT-PROFICIENT-02; NH-FUNCTION-PEOPLE-D5-USECASE-FIT-PROFICIENT-02; NH-EXECUTIVE-CEO-D5-USECASE-FIT-PROFICIENT-03; NH-EXECUTIVE-CEO-D5-USECASE-FIT-PROFICIENT-04; NH-EXECUTIVE-PEOPLE-D5-USECASE-FIT-PROFICIENT-01; NH-EXECUTIVE-PEOPLE-D5-USECASE-FIT-PROFICIENT-03","A clearly labeled table or chart with the task outcome, units, comparison basis and relevant sample or scope. Check all calculations.","A clearly labeled table or chart with the task outcome, units, comparison basis and relevant sample or scope. Check all calculations. Use only facts supported by the scenario. Label any proposed fictional additions for review. Do not add highlighted errors, warning verdicts, invented risks or corrective answers. Define labels and scores. Avoid repeating the scenario. Preserve equivalent English and Thai evidence and record unverified release checks."
"data-chart-dashboard","Dashboard / chart / calculation evidence","D5","ROI and measurement","applied","high","11","NH-CORE-GENERAL-D5-ROI-METRICS-APPLIED-03; NH-CORE-GENERAL-D5-ROI-METRICS-APPLIED-07; NH-FUNCTION-GENERAL-D5-ROI-METRICS-APPLIED-04; NH-FUNCTION-FINANCE-D5-ROI-METRICS-APPLIED-03; NH-EXECUTIVE-CEO-D5-ROI-METRICS-APPLIED-02; NH-EXECUTIVE-CEO-D5-ROI-METRICS-APPLIED-03; NH-EXECUTIVE-FINANCE-D5-ROI-METRICS-APPLIED-01; NH-EXECUTIVE-FINANCE-D5-ROI-METRICS-APPLIED-02","A clearly labeled table or chart with the task outcome, units, comparison basis and relevant sample or scope. Check all calculations.","A clearly labeled table or chart with the task outcome, units, comparison basis and relevant sample or scope. Check all calculations. Use only facts supported by the scenario. Label any proposed fictional additions for review. Do not add highlighted errors, warning verdicts, invented risks or corrective answers. Define labels and scores. Avoid repeating the scenario. Preserve equivalent English and Thai evidence and record unverified release checks."
"data-chart-dashboard","Dashboard / chart / calculation evidence","D5","ROI and measurement","proficient","high","11","NH-FUNCTION-GENERAL-D5-ROI-METRICS-PROFICIENT-02; NH-FUNCTION-FINANCE-D5-ROI-METRICS-PROFICIENT-01; NH-FUNCTION-FINANCE-D5-ROI-METRICS-PROFICIENT-03; NH-EXECUTIVE-CEO-D5-ROI-METRICS-PROFICIENT-02; NH-EXECUTIVE-CEO-D5-ROI-METRICS-PROFICIENT-03; NH-EXECUTIVE-CEO-D5-ROI-METRICS-PROFICIENT-04; NH-EXECUTIVE-BOARD-D5-ROI-METRICS-PROFICIENT-01; NH-EXECUTIVE-FINANCE-D5-ROI-METRICS-PROFICIENT-03","A clearly labeled table or chart with the task outcome, units, comparison basis and relevant sample or scope. Check all calculations.","A clearly labeled table or chart with the task outcome, units, comparison basis and relevant sample or scope. Check all calculations. Use only facts supported by the scenario. Label any proposed fictional additions for review. Do not add highlighted errors, warning verdicts, invented risks or corrective answers. Define labels and scores. Avoid repeating the scenario. Preserve equivalent English and Thai evidence and record unverified release checks."
"data-chart-dashboard","Dashboard / chart / calculation evidence","D5","Use-case evaluation","awareness","high","11","NH-FUNCTION-PEOPLE-D5-USECASE-FIT-AWARENESS-04; NH-EXECUTIVE-CEO-D5-USECASE-FIT-AWARENESS-02; NH-EXECUTIVE-CEO-D5-USECASE-FIT-AWARENESS-03; NH-EXECUTIVE-CEO-D5-USECASE-FIT-AWARENESS-04; NH-EXECUTIVE-PEOPLE-D5-USECASE-FIT-AWARENESS-01; NH-EXECUTIVE-PEOPLE-D5-USECASE-FIT-AWARENESS-02; NH-EXECUTIVE-PEOPLE-D5-USECASE-FIT-AWARENESS-03; NH-EXECUTIVE-PEOPLE-D5-USECASE-FIT-AWARENESS-04","A clearly labeled table or chart with the task outcome, units, comparison basis and relevant sample or scope. Check all calculations.","A clearly labeled table or chart with the task outcome, units, comparison basis and relevant sample or scope. Check all calculations. Use only facts supported by the scenario. Label any proposed fictional additions for review. Do not add highlighted errors, warning verdicts, invented risks or corrective answers. Define labels and scores. Avoid repeating the scenario. Preserve equivalent English and Thai evidence and record unverified release checks."
"data-chart-dashboard","Dashboard / chart / calculation evidence","D5","Use-case evaluation","advanced","high","11","NH-FUNCTION-PEOPLE-D5-USECASE-FIT-ADVANCED-04; NH-EXECUTIVE-CEO-D5-USECASE-FIT-ADVANCED-02; NH-EXECUTIVE-CEO-D5-USECASE-FIT-ADVANCED-03; NH-EXECUTIVE-CEO-D5-USECASE-FIT-ADVANCED-04; NH-EXECUTIVE-PEOPLE-D5-USECASE-FIT-ADVANCED-01; NH-EXECUTIVE-PEOPLE-D5-USECASE-FIT-ADVANCED-02; NH-EXECUTIVE-PEOPLE-D5-USECASE-FIT-ADVANCED-03; NH-EXECUTIVE-PEOPLE-D5-USECASE-FIT-ADVANCED-04","A clearly labeled table or chart with the task outcome, units, comparison basis and relevant sample or scope. Check all calculations.","A clearly labeled table or chart with the task outcome, units, comparison basis and relevant sample or scope. Check all calculations. Use only facts supported by the scenario. Label any proposed fictional additions for review. Do not add highlighted errors, warning verdicts, invented risks or corrective answers. Define labels and scores. Avoid repeating the scenario. Preserve equivalent English and Thai evidence and record unverified release checks."
"media-asset-review","Media / asset provenance evidence","D4","Fairness, ethics, and rights","applied","high","11","NH-CORE-GENERAL-D4-FAIRNESS-ETHICS-APPLIED-04; NH-CORE-GENERAL-D4-FAIRNESS-ETHICS-APPLIED-08; NH-FUNCTION-PEOPLE-D4-FAIRNESS-ETHICS-APPLIED-01; NH-FUNCTION-MARKETING-D4-FAIRNESS-ETHICS-APPLIED-01; NH-FUNCTION-MARKETING-D4-FAIRNESS-ETHICS-APPLIED-02; NH-FUNCTION-MARKETING-D4-FAIRNESS-ETHICS-APPLIED-03; NH-FUNCTION-MARKETING-D4-FAIRNESS-ETHICS-APPLIED-04; NH-INDUSTRY-EDUCATION-D4-FAIRNESS-ETHICS-APPLIED-02","A task brief, proposed media and relevant source or permission records. Show the objective and intended use clearly.","A task brief, proposed media and relevant source or permission records. Show the objective and intended use clearly. Use only facts supported by the scenario. Label any proposed fictional additions for review. Do not add highlighted errors, warning verdicts, invented risks or corrective answers. Define labels and scores. Avoid repeating the scenario. Preserve equivalent English and Thai evidence and record unverified release checks."
"media-asset-review","Media / asset provenance evidence","D4","Fairness, ethics, and rights","advanced","high","11","NH-CORE-GENERAL-D4-FAIRNESS-ETHICS-ADVANCED-04; NH-CORE-GENERAL-D4-FAIRNESS-ETHICS-ADVANCED-08; NH-FUNCTION-MARKETING-D4-FAIRNESS-ETHICS-ADVANCED-01; NH-FUNCTION-MARKETING-D4-FAIRNESS-ETHICS-ADVANCED-02; NH-FUNCTION-MARKETING-D4-FAIRNESS-ETHICS-ADVANCED-03; NH-FUNCTION-MARKETING-D4-FAIRNESS-ETHICS-ADVANCED-04; NH-INDUSTRY-EDUCATION-D4-FAIRNESS-ETHICS-ADVANCED-02; NH-INDUSTRY-HEALTHCARE-D4-FAIRNESS-ETHICS-ADVANCED-03","A task brief, proposed media and relevant source or permission records. Show the objective and intended use clearly.","A task brief, proposed media and relevant source or permission records. Show the objective and intended use clearly. Use only facts supported by the scenario. Label any proposed fictional additions for review. Do not add highlighted errors, warning verdicts, invented risks or corrective answers. Define labels and scores. Avoid repeating the scenario. Preserve equivalent English and Thai evidence and record unverified release checks."
"source-comparison-pack","Source comparison / version evidence","D1","Generative AI mechanics","proficient","high","11","NH-CORE-GENERAL-D1-GENAI-MECHANICS-PROFICIENT-02; NH-CORE-GENERAL-D1-GENAI-MECHANICS-PROFICIENT-03; NH-CORE-GENERAL-D1-GENAI-MECHANICS-PROFICIENT-05; NH-CORE-GENERAL-D1-GENAI-MECHANICS-PROFICIENT-06; NH-CORE-GENERAL-D1-GENAI-MECHANICS-PROFICIENT-07; NH-FUNCTION-MARKETING-D1-GENAI-MECHANICS-PROFICIENT-03; NH-FUNCTION-MARKETING-D1-GENAI-MECHANICS-PROFICIENT-04; NH-FUNCTION-TECHNICAL-D1-GENAI-MECHANICS-PROFICIENT-01","Source excerpts with document IDs, versions, dates and scope needed for the question. Present all excerpts neutrally.","Source excerpts with document IDs, versions, dates and scope needed for the question. Present all excerpts neutrally. Use only facts supported by the scenario. Label any proposed fictional additions for review. Do not add highlighted errors, warning verdicts, invented risks or corrective answers. Define labels and scores. Avoid repeating the scenario. Preserve equivalent English and Thai evidence and record unverified release checks."
"source-comparison-pack","Source comparison / version evidence","D2","Prompt design","applied","high","11","NH-CORE-GENERAL-D2-PROMPT-DESIGN-APPLIED-02; NH-CORE-GENERAL-D2-PROMPT-DESIGN-APPLIED-05; NH-FUNCTION-PEOPLE-D2-PROMPT-DESIGN-APPLIED-03; NH-FUNCTION-SALES-D2-PROMPT-DESIGN-APPLIED-01; NH-FUNCTION-SALES-D2-PROMPT-DESIGN-APPLIED-02; NH-FUNCTION-SALES-D2-PROMPT-DESIGN-APPLIED-03; NH-FUNCTION-SALES-D2-PROMPT-DESIGN-APPLIED-04; NH-FUNCTION-CUSTOMERSERVICE-D2-PROMPT-DESIGN-APPLIED-01","Source excerpts with document IDs, versions, dates and scope needed for the question. Present all excerpts neutrally.","Source excerpts with document IDs, versions, dates and scope needed for the question. Present all excerpts neutrally. Use only facts supported by the scenario. Label any proposed fictional additions for review. Do not add highlighted errors, warning verdicts, invented risks or corrective answers. Define labels and scores. Avoid repeating the scenario. Preserve equivalent English and Thai evidence and record unverified release checks."
"source-comparison-pack","Source comparison / version evidence","D4","Data protection and privacy","applied","high","11","NH-CORE-GENERAL-D4-DATA-PRIVACY-APPLIED-02; NH-CORE-GENERAL-D4-DATA-PRIVACY-APPLIED-05; NH-FUNCTION-PEOPLE-D4-DATA-PRIVACY-APPLIED-03; NH-FUNCTION-SALES-D4-DATA-PRIVACY-APPLIED-01; NH-FUNCTION-SALES-D4-DATA-PRIVACY-APPLIED-02; NH-FUNCTION-SALES-D4-DATA-PRIVACY-APPLIED-03; NH-FUNCTION-SALES-D4-DATA-PRIVACY-APPLIED-04; NH-FUNCTION-CUSTOMERSERVICE-D4-DATA-PRIVACY-APPLIED-01","Source excerpts with document IDs, versions, dates and scope needed for the question. Present all excerpts neutrally.","Source excerpts with document IDs, versions, dates and scope needed for the question. Present all excerpts neutrally. Use only facts supported by the scenario. Label any proposed fictional additions for review. Do not add highlighted errors, warning verdicts, invented risks or corrective answers. Define labels and scores. Avoid repeating the scenario. Preserve equivalent English and Thai evidence and record unverified release checks."
"source-comparison-pack","Source comparison / version evidence","D4","Data protection and privacy","advanced","high","11","NH-CORE-GENERAL-D4-DATA-PRIVACY-ADVANCED-02; NH-CORE-GENERAL-D4-DATA-PRIVACY-ADVANCED-05; NH-FUNCTION-PEOPLE-D4-DATA-PRIVACY-ADVANCED-03; NH-FUNCTION-SALES-D4-DATA-PRIVACY-ADVANCED-01; NH-FUNCTION-SALES-D4-DATA-PRIVACY-ADVANCED-02; NH-FUNCTION-SALES-D4-DATA-PRIVACY-ADVANCED-03; NH-FUNCTION-SALES-D4-DATA-PRIVACY-ADVANCED-04; NH-FUNCTION-CUSTOMERSERVICE-D4-DATA-PRIVACY-ADVANCED-01","Source excerpts with document IDs, versions, dates and scope needed for the question. Present all excerpts neutrally.","Source excerpts with document IDs, versions, dates and scope needed for the question. Present all excerpts neutrally. Use only facts supported by the scenario. Label any proposed fictional additions for review. Do not add highlighted errors, warning verdicts, invented risks or corrective answers. Define labels and scores. Avoid repeating the scenario. Preserve equivalent English and Thai evidence and record unverified release checks."
"source-comparison-pack","Source comparison / version evidence","D5","Strategy and transformation","proficient","high","11","NH-CORE-GENERAL-D5-TRANSFORMATION-STRATEGY-PROFICIENT-02; NH-CORE-GENERAL-D5-TRANSFORMATION-STRATEGY-PROFICIENT-05; NH-CORE-GENERAL-D5-TRANSFORMATION-STRATEGY-PROFICIENT-06; NH-EXECUTIVE-CEO-D5-TRANSFORMATION-STRATEGY-PROFICIENT-01; NH-EXECUTIVE-CEO-D5-TRANSFORMATION-STRATEGY-PROFICIENT-03; NH-EXECUTIVE-BOARD-D5-TRANSFORMATION-STRATEGY-PROFICIENT-02; NH-EXECUTIVE-BOARD-D5-TRANSFORMATION-STRATEGY-PROFICIENT-03; NH-EXECUTIVE-BOARD-D5-TRANSFORMATION-STRATEGY-PROFICIENT-04","Source excerpts with document IDs, versions, dates and scope needed for the question. Present all excerpts neutrally.","Source excerpts with document IDs, versions, dates and scope needed for the question. Present all excerpts neutrally. Use only facts supported by the scenario. Label any proposed fictional additions for review. Do not add highlighted errors, warning verdicts, invented risks or corrective answers. Define labels and scores. Avoid repeating the scenario. Preserve equivalent English and Thai evidence and record unverified release checks."
"workflow-trace","Workflow / agent trace","D5","Strategy and transformation","applied","high","11","NH-CORE-GENERAL-D5-TRANSFORMATION-STRATEGY-APPLIED-04; NH-CORE-GENERAL-D5-TRANSFORMATION-STRATEGY-APPLIED-06; NH-CORE-GENERAL-D5-TRANSFORMATION-STRATEGY-APPLIED-08; NH-EXECUTIVE-CEO-D5-TRANSFORMATION-STRATEGY-APPLIED-02; NH-EXECUTIVE-BOARD-D5-TRANSFORMATION-STRATEGY-APPLIED-02; NH-EXECUTIVE-FINANCE-D5-TRANSFORMATION-STRATEGY-APPLIED-03; NH-EXECUTIVE-TECHNOLOGY-D5-TRANSFORMATION-STRATEGY-APPLIED-01; NH-EXECUTIVE-TECHNOLOGY-D5-TRANSFORMATION-STRATEGY-APPLIED-02","A workflow record showing the relevant actions, permissions, approvals and outcomes without marking the correct diagnosis.","A workflow record showing the relevant actions, permissions, approvals and outcomes without marking the correct diagnosis. Use only facts supported by the scenario. Label any proposed fictional additions for review. Do not add highlighted errors, warning verdicts, invented risks or corrective answers. Define labels and scores. Avoid repeating the scenario. Preserve equivalent English and Thai evidence and record unverified release checks."
"data-chart-dashboard","Dashboard / chart / calculation evidence","D3","Data and chart judgment","awareness","high","10","NH-CORE-GENERAL-D3-DATA-CHART-JUDGMENT-AWARENESS-03; NH-CORE-GENERAL-D3-DATA-CHART-JUDGMENT-AWARENESS-07; NH-FUNCTION-GENERAL-D3-DATA-CHART-JUDGMENT-AWARENESS-02; NH-FUNCTION-FINANCE-D3-DATA-CHART-JUDGMENT-AWARENESS-03; NH-EXECUTIVE-BOARD-D3-DATA-CHART-JUDGMENT-AWARENESS-01; NH-EXECUTIVE-BOARD-D3-DATA-CHART-JUDGMENT-AWARENESS-02; NH-EXECUTIVE-FINANCE-D3-DATA-CHART-JUDGMENT-AWARENESS-01; NH-EXECUTIVE-FINANCE-D3-DATA-CHART-JUDGMENT-AWARENESS-02","A clearly labeled table or chart with the task outcome, units, comparison basis and relevant sample or scope. Check all calculations.","A clearly labeled table or chart with the task outcome, units, comparison basis and relevant sample or scope. Check all calculations. Use only facts supported by the scenario. Label any proposed fictional additions for review. Do not add highlighted errors, warning verdicts, invented risks or corrective answers. Define labels and scores. Avoid repeating the scenario. Preserve equivalent English and Thai evidence and record unverified release checks."
"data-chart-dashboard","Dashboard / chart / calculation evidence","D6","Change enablement","awareness","high","10","NH-CORE-GENERAL-D6-CHANGE-ENABLEMENT-AWARENESS-01; NH-CORE-GENERAL-D6-CHANGE-ENABLEMENT-AWARENESS-03; NH-CORE-GENERAL-D6-CHANGE-ENABLEMENT-AWARENESS-07; NH-FUNCTION-PEOPLE-D6-CHANGE-ENABLEMENT-AWARENESS-01; NH-INDUSTRY-EDUCATION-D6-CHANGE-ENABLEMENT-AWARENESS-02; NH-INDUSTRY-EDUCATION-D6-CHANGE-ENABLEMENT-AWARENESS-04; NH-EXECUTIVE-CEO-D6-CHANGE-ENABLEMENT-AWARENESS-03; NH-EXECUTIVE-PEOPLE-D6-CHANGE-ENABLEMENT-AWARENESS-01","A clearly labeled table or chart with the task outcome, units, comparison basis and relevant sample or scope. Check all calculations.","A clearly labeled table or chart with the task outcome, units, comparison basis and relevant sample or scope. Check all calculations. Use only facts supported by the scenario. Label any proposed fictional additions for review. Do not add highlighted errors, warning verdicts, invented risks or corrective answers. Define labels and scores. Avoid repeating the scenario. Preserve equivalent English and Thai evidence and record unverified release checks."
"data-chart-dashboard","Dashboard / chart / calculation evidence","D6","Learning and improvement loops","advanced","high","10","NH-CORE-GENERAL-D6-LEARNING-LOOPS-ADVANCED-01; NH-INDUSTRY-EDUCATION-D6-LEARNING-LOOPS-ADVANCED-04; NH-EXECUTIVE-CEO-D6-LEARNING-LOOPS-ADVANCED-02; NH-EXECUTIVE-CEO-D6-LEARNING-LOOPS-ADVANCED-03; NH-EXECUTIVE-CEO-D6-LEARNING-LOOPS-ADVANCED-04; NH-EXECUTIVE-PEOPLE-D6-LEARNING-LOOPS-ADVANCED-01; NH-EXECUTIVE-PEOPLE-D6-LEARNING-LOOPS-ADVANCED-03; NH-EXECUTIVE-PEOPLE-D6-LEARNING-LOOPS-ADVANCED-04","A clearly labeled table or chart with the task outcome, units, comparison basis and relevant sample or scope. Check all calculations.","A clearly labeled table or chart with the task outcome, units, comparison basis and relevant sample or scope. Check all calculations. Use only facts supported by the scenario. Label any proposed fictional additions for review. Do not add highlighted errors, warning verdicts, invented risks or corrective answers. Define labels and scores. Avoid repeating the scenario. Preserve equivalent English and Thai evidence and record unverified release checks."
"data-chart-dashboard","Dashboard / chart / calculation evidence","D5","Strategy and transformation","advanced","high","10","NH-EXECUTIVE-CEO-D5-TRANSFORMATION-STRATEGY-ADVANCED-02; NH-EXECUTIVE-CEO-D5-TRANSFORMATION-STRATEGY-ADVANCED-03; NH-EXECUTIVE-CEO-D5-TRANSFORMATION-STRATEGY-ADVANCED-04; NH-EXECUTIVE-FINANCE-D5-TRANSFORMATION-STRATEGY-ADVANCED-01; NH-EXECUTIVE-FINANCE-D5-TRANSFORMATION-STRATEGY-ADVANCED-02; NH-EXECUTIVE-FINANCE-D5-TRANSFORMATION-STRATEGY-ADVANCED-03; NH-EXECUTIVE-FINANCE-D5-TRANSFORMATION-STRATEGY-ADVANCED-04; NH-EXECUTIVE-TRANSFORMATION-D5-TRANSFORMATION-STRATEGY-ADVANCED-02","A clearly labeled table or chart with the task outcome, units, comparison basis and relevant sample or scope. Check all calculations.","A clearly labeled table or chart with the task outcome, units, comparison basis and relevant sample or scope. Check all calculations. Use only facts supported by the scenario. Label any proposed fictional additions for review. Do not add highlighted errors, warning verdicts, invented risks or corrective answers. Define labels and scores. Avoid repeating the scenario. Preserve equivalent English and Thai evidence and record unverified release checks."
"data-chart-dashboard","Dashboard / chart / calculation evidence","D6","Learning and improvement loops","proficient","high","10","NH-EXECUTIVE-CEO-D6-LEARNING-LOOPS-PROFICIENT-02; NH-EXECUTIVE-CEO-D6-LEARNING-LOOPS-PROFICIENT-03; NH-EXECUTIVE-CEO-D6-LEARNING-LOOPS-PROFICIENT-04; NH-EXECUTIVE-PEOPLE-D6-LEARNING-LOOPS-PROFICIENT-01; NH-EXECUTIVE-PEOPLE-D6-LEARNING-LOOPS-PROFICIENT-02; NH-EXECUTIVE-PEOPLE-D6-LEARNING-LOOPS-PROFICIENT-03; NH-EXECUTIVE-PEOPLE-D6-LEARNING-LOOPS-PROFICIENT-04; NH-EXECUTIVE-TRANSFORMATION-D6-LEARNING-LOOPS-PROFICIENT-02","A clearly labeled table or chart with the task outcome, units, comparison basis and relevant sample or scope. Check all calculations.","A clearly labeled table or chart with the task outcome, units, comparison basis and relevant sample or scope. Check all calculations. Use only facts supported by the scenario. Label any proposed fictional additions for review. Do not add highlighted errors, warning verdicts, invented risks or corrective answers. Define labels and scores. Avoid repeating the scenario. Preserve equivalent English and Thai evidence and record unverified release checks."
"security-audit-log","Security / access / audit evidence","D4","Regulatory and policy fluency","awareness","high","10","NH-CORE-GENERAL-D4-REGULATORY-POLICY-AWARENESS-03; NH-CORE-GENERAL-D4-REGULATORY-POLICY-AWARENESS-07; NH-FUNCTION-PEOPLE-D4-REGULATORY-POLICY-AWARENESS-04; NH-FUNCTION-FINANCE-D4-REGULATORY-POLICY-AWARENESS-04; NH-INDUSTRY-FINANCIAL-D4-REGULATORY-POLICY-AWARENESS-03; NH-INDUSTRY-HEALTHCARE-D4-REGULATORY-POLICY-AWARENESS-01; NH-INDUSTRY-PUBLIC-D4-REGULATORY-POLICY-AWARENESS-04; NH-EXECUTIVE-BOARD-D4-REGULATORY-POLICY-AWARENESS-02","A realistic access or audit record containing only the identities, scopes, actions and authorization evidence needed for the decision.","A realistic access or audit record containing only the identities, scopes, actions and authorization evidence needed for the decision. Use only facts supported by the scenario. Label any proposed fictional additions for review. Do not add highlighted errors, warning verdicts, invented risks or corrective answers. Define labels and scores. Avoid repeating the scenario. Preserve equivalent English and Thai evidence and record unverified release checks."
"source-comparison-pack","Source comparison / version evidence","D2","Tool selection and integration","awareness","high","10","NH-CORE-GENERAL-D2-TOOL-SELECTION-AWARENESS-02; NH-CORE-GENERAL-D2-TOOL-SELECTION-AWARENESS-05; NH-FUNCTION-SALES-D2-TOOL-SELECTION-AWARENESS-01; NH-FUNCTION-SALES-D2-TOOL-SELECTION-AWARENESS-02; NH-FUNCTION-SALES-D2-TOOL-SELECTION-AWARENESS-03; NH-FUNCTION-SALES-D2-TOOL-SELECTION-AWARENESS-04; NH-FUNCTION-OPERATIONS-D2-TOOL-SELECTION-AWARENESS-01; NH-FUNCTION-OPERATIONS-D2-TOOL-SELECTION-AWARENESS-02","Source excerpts with document IDs, versions, dates and scope needed for the question. Present all excerpts neutrally.","Source excerpts with document IDs, versions, dates and scope needed for the question. Present all excerpts neutrally. Use only facts supported by the scenario. Label any proposed fictional additions for review. Do not add highlighted errors, warning verdicts, invented risks or corrective answers. Define labels and scores. Avoid repeating the scenario. Preserve equivalent English and Thai evidence and record unverified release checks."
"source-comparison-pack","Source comparison / version evidence","D2","Tool selection and integration","applied","high","10","NH-CORE-GENERAL-D2-TOOL-SELECTION-APPLIED-02; NH-CORE-GENERAL-D2-TOOL-SELECTION-APPLIED-05; NH-FUNCTION-SALES-D2-TOOL-SELECTION-APPLIED-01; NH-FUNCTION-SALES-D2-TOOL-SELECTION-APPLIED-02; NH-FUNCTION-SALES-D2-TOOL-SELECTION-APPLIED-03; NH-FUNCTION-SALES-D2-TOOL-SELECTION-APPLIED-04; NH-FUNCTION-OPERATIONS-D2-TOOL-SELECTION-APPLIED-01; NH-FUNCTION-OPERATIONS-D2-TOOL-SELECTION-APPLIED-02","Source excerpts with document IDs, versions, dates and scope needed for the question. Present all excerpts neutrally.","Source excerpts with document IDs, versions, dates and scope needed for the question. Present all excerpts neutrally. Use only facts supported by the scenario. Label any proposed fictional additions for review. Do not add highlighted errors, warning verdicts, invented risks or corrective answers. Define labels and scores. Avoid repeating the scenario. Preserve equivalent English and Thai evidence and record unverified release checks."
"source-comparison-pack","Source comparison / version evidence","D2","Tool selection and integration","proficient","high","10","NH-CORE-GENERAL-D2-TOOL-SELECTION-PROFICIENT-02; NH-CORE-GENERAL-D2-TOOL-SELECTION-PROFICIENT-05; NH-FUNCTION-SALES-D2-TOOL-SELECTION-PROFICIENT-01; NH-FUNCTION-SALES-D2-TOOL-SELECTION-PROFICIENT-02; NH-FUNCTION-SALES-D2-TOOL-SELECTION-PROFICIENT-03; NH-FUNCTION-SALES-D2-TOOL-SELECTION-PROFICIENT-04; NH-FUNCTION-OPERATIONS-D2-TOOL-SELECTION-PROFICIENT-01; NH-FUNCTION-OPERATIONS-D2-TOOL-SELECTION-PROFICIENT-02","Source excerpts with document IDs, versions, dates and scope needed for the question. Present all excerpts neutrally.","Source excerpts with document IDs, versions, dates and scope needed for the question. Present all excerpts neutrally. Use only facts supported by the scenario. Label any proposed fictional additions for review. Do not add highlighted errors, warning verdicts, invented risks or corrective answers. Define labels and scores. Avoid repeating the scenario. Preserve equivalent English and Thai evidence and record unverified release checks."
"source-comparison-pack","Source comparison / version evidence","D2","Agentic workflows","awareness","high","10","NH-CORE-GENERAL-D2-AGENTIC-WORKFLOWS-AWARENESS-02; NH-CORE-GENERAL-D2-AGENTIC-WORKFLOWS-AWARENESS-05; NH-FUNCTION-CUSTOMERSERVICE-D2-AGENTIC-WORKFLOWS-AWARENESS-01; NH-FUNCTION-CUSTOMERSERVICE-D2-AGENTIC-WORKFLOWS-AWARENESS-02; NH-FUNCTION-CUSTOMERSERVICE-D2-AGENTIC-WORKFLOWS-AWARENESS-03; NH-FUNCTION-CUSTOMERSERVICE-D2-AGENTIC-WORKFLOWS-AWARENESS-04; NH-FUNCTION-OPERATIONS-D2-AGENTIC-WORKFLOWS-AWARENESS-01; NH-FUNCTION-OPERATIONS-D2-AGENTIC-WORKFLOWS-AWARENESS-02","Source excerpts with document IDs, versions, dates and scope needed for the question. Present all excerpts neutrally.","Source excerpts with document IDs, versions, dates and scope needed for the question. Present all excerpts neutrally. Use only facts supported by the scenario. Label any proposed fictional additions for review. Do not add highlighted errors, warning verdicts, invented risks or corrective answers. Define labels and scores. Avoid repeating the scenario. Preserve equivalent English and Thai evidence and record unverified release checks."
"source-comparison-pack","Source comparison / version evidence","D2","Agentic workflows","applied","high","10","NH-CORE-GENERAL-D2-AGENTIC-WORKFLOWS-APPLIED-02; NH-CORE-GENERAL-D2-AGENTIC-WORKFLOWS-APPLIED-05; NH-FUNCTION-CUSTOMERSERVICE-D2-AGENTIC-WORKFLOWS-APPLIED-01; NH-FUNCTION-CUSTOMERSERVICE-D2-AGENTIC-WORKFLOWS-APPLIED-02; NH-FUNCTION-CUSTOMERSERVICE-D2-AGENTIC-WORKFLOWS-APPLIED-03; NH-FUNCTION-CUSTOMERSERVICE-D2-AGENTIC-WORKFLOWS-APPLIED-04; NH-FUNCTION-OPERATIONS-D2-AGENTIC-WORKFLOWS-APPLIED-01; NH-FUNCTION-OPERATIONS-D2-AGENTIC-WORKFLOWS-APPLIED-02","Source excerpts with document IDs, versions, dates and scope needed for the question. Present all excerpts neutrally.","Source excerpts with document IDs, versions, dates and scope needed for the question. Present all excerpts neutrally. Use only facts supported by the scenario. Label any proposed fictional additions for review. Do not add highlighted errors, warning verdicts, invented risks or corrective answers. Define labels and scores. Avoid repeating the scenario. Preserve equivalent English and Thai evidence and record unverified release checks."
"source-comparison-pack","Source comparison / version evidence","D2","Agentic workflows","proficient","high","10","NH-CORE-GENERAL-D2-AGENTIC-WORKFLOWS-PROFICIENT-02; NH-CORE-GENERAL-D2-AGENTIC-WORKFLOWS-PROFICIENT-05; NH-FUNCTION-CUSTOMERSERVICE-D2-AGENTIC-WORKFLOWS-PROFICIENT-01; NH-FUNCTION-CUSTOMERSERVICE-D2-AGENTIC-WORKFLOWS-PROFICIENT-02; NH-FUNCTION-CUSTOMERSERVICE-D2-AGENTIC-WORKFLOWS-PROFICIENT-03; NH-FUNCTION-CUSTOMERSERVICE-D2-AGENTIC-WORKFLOWS-PROFICIENT-04; NH-FUNCTION-OPERATIONS-D2-AGENTIC-WORKFLOWS-PROFICIENT-01; NH-FUNCTION-OPERATIONS-D2-AGENTIC-WORKFLOWS-PROFICIENT-02","Source excerpts with document IDs, versions, dates and scope needed for the question. Present all excerpts neutrally.","Source excerpts with document IDs, versions, dates and scope needed for the question. Present all excerpts neutrally. Use only facts supported by the scenario. Label any proposed fictional additions for review. Do not add highlighted errors, warning verdicts, invented risks or corrective answers. Define labels and scores. Avoid repeating the scenario. Preserve equivalent English and Thai evidence and record unverified release checks."
"source-comparison-pack","Source comparison / version evidence","D2","Agentic workflows","advanced","high","10","NH-CORE-GENERAL-D2-AGENTIC-WORKFLOWS-ADVANCED-02; NH-CORE-GENERAL-D2-AGENTIC-WORKFLOWS-ADVANCED-05; NH-FUNCTION-CUSTOMERSERVICE-D2-AGENTIC-WORKFLOWS-ADVANCED-01; NH-FUNCTION-CUSTOMERSERVICE-D2-AGENTIC-WORKFLOWS-ADVANCED-02; NH-FUNCTION-CUSTOMERSERVICE-D2-AGENTIC-WORKFLOWS-ADVANCED-03; NH-FUNCTION-CUSTOMERSERVICE-D2-AGENTIC-WORKFLOWS-ADVANCED-04; NH-FUNCTION-OPERATIONS-D2-AGENTIC-WORKFLOWS-ADVANCED-01; NH-FUNCTION-OPERATIONS-D2-AGENTIC-WORKFLOWS-ADVANCED-02","Source excerpts with document IDs, versions, dates and scope needed for the question. Present all excerpts neutrally.","Source excerpts with document IDs, versions, dates and scope needed for the question. Present all excerpts neutrally. Use only facts supported by the scenario. Label any proposed fictional additions for review. Do not add highlighted errors, warning verdicts, invented risks or corrective answers. Define labels and scores. Avoid repeating the scenario. Preserve equivalent English and Thai evidence and record unverified release checks."
"source-comparison-pack","Source comparison / version evidence","D3","Fraud and manipulation detection","advanced","high","10","NH-CORE-GENERAL-D3-FRAUD-DETECTION-ADVANCED-02; NH-CORE-GENERAL-D3-FRAUD-DETECTION-ADVANCED-05; NH-FUNCTION-SALES-D3-FRAUD-DETECTION-ADVANCED-01; NH-FUNCTION-SALES-D3-FRAUD-DETECTION-ADVANCED-02; NH-FUNCTION-SALES-D3-FRAUD-DETECTION-ADVANCED-03; NH-FUNCTION-SALES-D3-FRAUD-DETECTION-ADVANCED-04; NH-FUNCTION-CUSTOMERSERVICE-D3-FRAUD-DETECTION-ADVANCED-01; NH-FUNCTION-CUSTOMERSERVICE-D3-FRAUD-DETECTION-ADVANCED-03","Source excerpts with document IDs, versions, dates and scope needed for the question. Present all excerpts neutrally.","Source excerpts with document IDs, versions, dates and scope needed for the question. Present all excerpts neutrally. Use only facts supported by the scenario. Label any proposed fictional additions for review. Do not add highlighted errors, warning verdicts, invented risks or corrective answers. Define labels and scores. Avoid repeating the scenario. Preserve equivalent English and Thai evidence and record unverified release checks."
"source-comparison-pack","Source comparison / version evidence","D6","Trust and challenge culture","proficient","high","10","NH-CORE-GENERAL-D6-TRUST-CULTURE-PROFICIENT-02; NH-CORE-GENERAL-D6-TRUST-CULTURE-PROFICIENT-05; NH-FUNCTION-PEOPLE-D6-TRUST-CULTURE-PROFICIENT-03; NH-FUNCTION-CUSTOMERSERVICE-D6-TRUST-CULTURE-PROFICIENT-01; NH-FUNCTION-CUSTOMERSERVICE-D6-TRUST-CULTURE-PROFICIENT-02; NH-FUNCTION-CUSTOMERSERVICE-D6-TRUST-CULTURE-PROFICIENT-03; NH-FUNCTION-CUSTOMERSERVICE-D6-TRUST-CULTURE-PROFICIENT-04; NH-EXECUTIVE-CEO-D6-TRUST-CULTURE-PROFICIENT-01","Source excerpts with document IDs, versions, dates and scope needed for the question. Present all excerpts neutrally.","Source excerpts with document IDs, versions, dates and scope needed for the question. Present all excerpts neutrally. Use only facts supported by the scenario. Label any proposed fictional additions for review. Do not add highlighted errors, warning verdicts, invented risks or corrective answers. Define labels and scores. Avoid repeating the scenario. Preserve equivalent English and Thai evidence and record unverified release checks."
"workflow-trace","Workflow / agent trace","D2","Tool selection and integration","applied","high","10","NH-CORE-GENERAL-D2-TOOL-SELECTION-APPLIED-06; NH-FUNCTION-GENERAL-D2-TOOL-SELECTION-APPLIED-01; NH-FUNCTION-TECHNICAL-D2-TOOL-SELECTION-APPLIED-01; NH-FUNCTION-TECHNICAL-D2-TOOL-SELECTION-APPLIED-02; NH-FUNCTION-TECHNICAL-D2-TOOL-SELECTION-APPLIED-03; NH-FUNCTION-TECHNICAL-D2-TOOL-SELECTION-APPLIED-04; NH-EXECUTIVE-TECHNOLOGY-D2-TOOL-SELECTION-APPLIED-01; NH-EXECUTIVE-TECHNOLOGY-D2-TOOL-SELECTION-APPLIED-02","A workflow record showing the relevant actions, permissions, approvals and outcomes without marking the correct diagnosis.","A workflow record showing the relevant actions, permissions, approvals and outcomes without marking the correct diagnosis. Use only facts supported by the scenario. Label any proposed fictional additions for review. Do not add highlighted errors, warning verdicts, invented risks or corrective answers. Define labels and scores. Avoid repeating the scenario. Preserve equivalent English and Thai evidence and record unverified release checks."
"workflow-trace","Workflow / agent trace","D2","Tool selection and integration","proficient","high","10","NH-CORE-GENERAL-D2-TOOL-SELECTION-PROFICIENT-06; NH-FUNCTION-GENERAL-D2-TOOL-SELECTION-PROFICIENT-01; NH-FUNCTION-TECHNICAL-D2-TOOL-SELECTION-PROFICIENT-01; NH-FUNCTION-TECHNICAL-D2-TOOL-SELECTION-PROFICIENT-02; NH-FUNCTION-TECHNICAL-D2-TOOL-SELECTION-PROFICIENT-03; NH-FUNCTION-TECHNICAL-D2-TOOL-SELECTION-PROFICIENT-04; NH-EXECUTIVE-TECHNOLOGY-D2-TOOL-SELECTION-PROFICIENT-01; NH-EXECUTIVE-TECHNOLOGY-D2-TOOL-SELECTION-PROFICIENT-02","A workflow record showing the relevant actions, permissions, approvals and outcomes without marking the correct diagnosis.","A workflow record showing the relevant actions, permissions, approvals and outcomes without marking the correct diagnosis. Use only facts supported by the scenario. Label any proposed fictional additions for review. Do not add highlighted errors, warning verdicts, invented risks or corrective answers. Define labels and scores. Avoid repeating the scenario. Preserve equivalent English and Thai evidence and record unverified release checks."
"workflow-trace","Workflow / agent trace","D4","Data protection and privacy","proficient","high","10","NH-CORE-GENERAL-D4-DATA-PRIVACY-PROFICIENT-06; NH-FUNCTION-GENERAL-D4-DATA-PRIVACY-PROFICIENT-01; NH-FUNCTION-TECHNICAL-D4-DATA-PRIVACY-PROFICIENT-01; NH-FUNCTION-TECHNICAL-D4-DATA-PRIVACY-PROFICIENT-02; NH-FUNCTION-TECHNICAL-D4-DATA-PRIVACY-PROFICIENT-03; NH-FUNCTION-TECHNICAL-D4-DATA-PRIVACY-PROFICIENT-04; NH-EXECUTIVE-TECHNOLOGY-D4-DATA-PRIVACY-PROFICIENT-01; NH-EXECUTIVE-TECHNOLOGY-D4-DATA-PRIVACY-PROFICIENT-02","A workflow record showing the relevant actions, permissions, approvals and outcomes without marking the correct diagnosis.","A workflow record showing the relevant actions, permissions, approvals and outcomes without marking the correct diagnosis. Use only facts supported by the scenario. Label any proposed fictional additions for review. Do not add highlighted errors, warning verdicts, invented risks or corrective answers. Define labels and scores. Avoid repeating the scenario. Preserve equivalent English and Thai evidence and record unverified release checks."
"workflow-trace","Workflow / agent trace","D4","Data protection and privacy","advanced","high","10","NH-CORE-GENERAL-D4-DATA-PRIVACY-ADVANCED-06; NH-FUNCTION-GENERAL-D4-DATA-PRIVACY-ADVANCED-01; NH-FUNCTION-TECHNICAL-D4-DATA-PRIVACY-ADVANCED-01; NH-FUNCTION-TECHNICAL-D4-DATA-PRIVACY-ADVANCED-02; NH-FUNCTION-TECHNICAL-D4-DATA-PRIVACY-ADVANCED-03; NH-FUNCTION-TECHNICAL-D4-DATA-PRIVACY-ADVANCED-04; NH-EXECUTIVE-TECHNOLOGY-D4-DATA-PRIVACY-ADVANCED-01; NH-EXECUTIVE-TECHNOLOGY-D4-DATA-PRIVACY-ADVANCED-02","A workflow record showing the relevant actions, permissions, approvals and outcomes without marking the correct diagnosis.","A workflow record showing the relevant actions, permissions, approvals and outcomes without marking the correct diagnosis. Use only facts supported by the scenario. Label any proposed fictional additions for review. Do not add highlighted errors, warning verdicts, invented risks or corrective answers. Define labels and scores. Avoid repeating the scenario. Preserve equivalent English and Thai evidence and record unverified release checks."
"workflow-trace","Workflow / agent trace","D4","Security and governance controls","proficient","high","10","NH-CORE-GENERAL-D4-SECURITY-GOVERNANCE-PROFICIENT-06; NH-FUNCTION-GENERAL-D4-SECURITY-GOVERNANCE-PROFICIENT-01; NH-FUNCTION-TECHNICAL-D4-SECURITY-GOVERNANCE-PROFICIENT-01; NH-FUNCTION-TECHNICAL-D4-SECURITY-GOVERNANCE-PROFICIENT-02; NH-FUNCTION-TECHNICAL-D4-SECURITY-GOVERNANCE-PROFICIENT-03; NH-FUNCTION-TECHNICAL-D4-SECURITY-GOVERNANCE-PROFICIENT-04; NH-EXECUTIVE-TECHNOLOGY-D4-SECURITY-GOVERNANCE-PROFICIENT-01; NH-EXECUTIVE-TECHNOLOGY-D4-SECURITY-GOVERNANCE-PROFICIENT-02","A workflow record showing the relevant actions, permissions, approvals and outcomes without marking the correct diagnosis.","A workflow record showing the relevant actions, permissions, approvals and outcomes without marking the correct diagnosis. Use only facts supported by the scenario. Label any proposed fictional additions for review. Do not add highlighted errors, warning verdicts, invented risks or corrective answers. Define labels and scores. Avoid repeating the scenario. Preserve equivalent English and Thai evidence and record unverified release checks."
"workflow-trace","Workflow / agent trace","D4","Security and governance controls","advanced","high","10","NH-CORE-GENERAL-D4-SECURITY-GOVERNANCE-ADVANCED-06; NH-FUNCTION-GENERAL-D4-SECURITY-GOVERNANCE-ADVANCED-01; NH-FUNCTION-TECHNICAL-D4-SECURITY-GOVERNANCE-ADVANCED-01; NH-FUNCTION-TECHNICAL-D4-SECURITY-GOVERNANCE-ADVANCED-02; NH-FUNCTION-TECHNICAL-D4-SECURITY-GOVERNANCE-ADVANCED-03; NH-FUNCTION-TECHNICAL-D4-SECURITY-GOVERNANCE-ADVANCED-04; NH-EXECUTIVE-TECHNOLOGY-D4-SECURITY-GOVERNANCE-ADVANCED-01; NH-EXECUTIVE-TECHNOLOGY-D4-SECURITY-GOVERNANCE-ADVANCED-02","A workflow record showing the relevant actions, permissions, approvals and outcomes without marking the correct diagnosis.","A workflow record showing the relevant actions, permissions, approvals and outcomes without marking the correct diagnosis. Use only facts supported by the scenario. Label any proposed fictional additions for review. Do not add highlighted errors, warning verdicts, invented risks or corrective answers. Define labels and scores. Avoid repeating the scenario. Preserve equivalent English and Thai evidence and record unverified release checks."
"workflow-trace","Workflow / agent trace","D5","Use-case evaluation","applied","high","10","NH-CORE-GENERAL-D5-USECASE-FIT-APPLIED-06; NH-FUNCTION-GENERAL-D5-USECASE-FIT-APPLIED-03; NH-FUNCTION-PEOPLE-D5-USECASE-FIT-APPLIED-04; NH-FUNCTION-MARKETING-D5-USECASE-FIT-APPLIED-02; NH-FUNCTION-TECHNICAL-D5-USECASE-FIT-APPLIED-01; NH-FUNCTION-TECHNICAL-D5-USECASE-FIT-APPLIED-02; NH-FUNCTION-TECHNICAL-D5-USECASE-FIT-APPLIED-03; NH-FUNCTION-TECHNICAL-D5-USECASE-FIT-APPLIED-04","A workflow record showing the relevant actions, permissions, approvals and outcomes without marking the correct diagnosis.","A workflow record showing the relevant actions, permissions, approvals and outcomes without marking the correct diagnosis. Use only facts supported by the scenario. Label any proposed fictional additions for review. Do not add highlighted errors, warning verdicts, invented risks or corrective answers. Define labels and scores. Avoid repeating the scenario. Preserve equivalent English and Thai evidence and record unverified release checks."
"workflow-trace","Workflow / agent trace","D6","Human-AI role clarity","advanced","high","10","NH-CORE-GENERAL-D6-ROLE-CLARITY-ADVANCED-04; NH-CORE-GENERAL-D6-ROLE-CLARITY-ADVANCED-06; NH-CORE-GENERAL-D6-ROLE-CLARITY-ADVANCED-08; NH-FUNCTION-GENERAL-D6-ROLE-CLARITY-ADVANCED-01; NH-FUNCTION-GENERAL-D6-ROLE-CLARITY-ADVANCED-02; NH-FUNCTION-PEOPLE-D6-ROLE-CLARITY-ADVANCED-04; NH-FUNCTION-FINANCE-D6-ROLE-CLARITY-ADVANCED-04; NH-INDUSTRY-HEALTHCARE-D6-ROLE-CLARITY-ADVANCED-04","A workflow record showing the relevant actions, permissions, approvals and outcomes without marking the correct diagnosis.","A workflow record showing the relevant actions, permissions, approvals and outcomes without marking the correct diagnosis. Use only facts supported by the scenario. Label any proposed fictional additions for review. Do not add highlighted errors, warning verdicts, invented risks or corrective answers. Define labels and scores. Avoid repeating the scenario. Preserve equivalent English and Thai evidence and record unverified release checks."
"communication-thread","Email / chat / ticket thread","D4","Fairness, ethics, and rights","awareness","high","9","NH-CORE-GENERAL-D4-FAIRNESS-ETHICS-AWARENESS-04; NH-FUNCTION-PEOPLE-D4-FAIRNESS-ETHICS-AWARENESS-01; NH-FUNCTION-PEOPLE-D4-FAIRNESS-ETHICS-AWARENESS-02; NH-INDUSTRY-HEALTHCARE-D4-FAIRNESS-ETHICS-AWARENESS-01; NH-INDUSTRY-HEALTHCARE-D4-FAIRNESS-ETHICS-AWARENESS-02; NH-INDUSTRY-HEALTHCARE-D4-FAIRNESS-ETHICS-AWARENESS-04; NH-INDUSTRY-PUBLIC-D4-FAIRNESS-ETHICS-AWARENESS-01; NH-INDUSTRY-PUBLIC-D4-FAIRNESS-ETHICS-AWARENESS-02","A realistic message or ticket containing only the communication evidence needed for this question, with clear speakers and sequence.","A realistic message or ticket containing only the communication evidence needed for this question, with clear speakers and sequence. Use only facts supported by the scenario. Label any proposed fictional additions for review. Do not add highlighted errors, warning verdicts, invented risks or corrective answers. Define labels and scores. Avoid repeating the scenario. Preserve equivalent English and Thai evidence and record unverified release checks."
"data-chart-dashboard","Dashboard / chart / calculation evidence","D1","AI systems literacy","awareness","high","9","NH-FUNCTION-FINANCE-D1-AI-SYSTEMS-AWARENESS-03; NH-EXECUTIVE-CEO-D1-AI-SYSTEMS-AWARENESS-02; NH-EXECUTIVE-CEO-D1-AI-SYSTEMS-AWARENESS-03; NH-EXECUTIVE-CEO-D1-AI-SYSTEMS-AWARENESS-04; NH-EXECUTIVE-FINANCE-D1-AI-SYSTEMS-AWARENESS-02; NH-EXECUTIVE-FINANCE-D1-AI-SYSTEMS-AWARENESS-03; NH-EXECUTIVE-FINANCE-D1-AI-SYSTEMS-AWARENESS-04; NH-EXECUTIVE-TRANSFORMATION-D1-AI-SYSTEMS-AWARENESS-02","A clearly labeled table or chart with the task outcome, units, comparison basis and relevant sample or scope. Check all calculations.","A clearly labeled table or chart with the task outcome, units, comparison basis and relevant sample or scope. Check all calculations. Use only facts supported by the scenario. Label any proposed fictional additions for review. Do not add highlighted errors, warning verdicts, invented risks or corrective answers. Define labels and scores. Avoid repeating the scenario. Preserve equivalent English and Thai evidence and record unverified release checks."
"media-asset-review","Media / asset provenance evidence","D3","Source and claim verification","awareness","high","9","NH-CORE-GENERAL-D3-SOURCE-VERIFICATION-AWARENESS-01; NH-FUNCTION-PEOPLE-D3-SOURCE-VERIFICATION-AWARENESS-02; NH-FUNCTION-MARKETING-D3-SOURCE-VERIFICATION-AWARENESS-01; NH-FUNCTION-MARKETING-D3-SOURCE-VERIFICATION-AWARENESS-03; NH-FUNCTION-MARKETING-D3-SOURCE-VERIFICATION-AWARENESS-04; NH-EXECUTIVE-CEO-D3-SOURCE-VERIFICATION-AWARENESS-03; NH-EXECUTIVE-PEOPLE-D3-SOURCE-VERIFICATION-AWARENESS-03; NH-EXECUTIVE-TRANSFORMATION-D3-SOURCE-VERIFICATION-AWARENESS-01","A task brief, proposed media and relevant source or permission records. Show the objective and intended use clearly.","A task brief, proposed media and relevant source or permission records. Show the objective and intended use clearly. Use only facts supported by the scenario. Label any proposed fictional additions for review. Do not add highlighted errors, warning verdicts, invented risks or corrective answers. Define labels and scores. Avoid repeating the scenario. Preserve equivalent English and Thai evidence and record unverified release checks."
"media-asset-review","Media / asset provenance evidence","D3","Media provenance","awareness","high","9","NH-CORE-GENERAL-D3-MEDIA-PROVENANCE-AWARENESS-01; NH-CORE-GENERAL-D3-MEDIA-PROVENANCE-AWARENESS-04; NH-CORE-GENERAL-D3-MEDIA-PROVENANCE-AWARENESS-08; NH-FUNCTION-MARKETING-D3-MEDIA-PROVENANCE-AWARENESS-01; NH-FUNCTION-MARKETING-D3-MEDIA-PROVENANCE-AWARENESS-02; NH-FUNCTION-MARKETING-D3-MEDIA-PROVENANCE-AWARENESS-03; NH-INDUSTRY-RETAIL-D3-MEDIA-PROVENANCE-AWARENESS-02; NH-INDUSTRY-RETAIL-D3-MEDIA-PROVENANCE-AWARENESS-03","A task brief, proposed media and relevant source or permission records. Show the objective and intended use clearly.","A task brief, proposed media and relevant source or permission records. Show the objective and intended use clearly. Use only facts supported by the scenario. Label any proposed fictional additions for review. Do not add highlighted errors, warning verdicts, invented risks or corrective answers. Define labels and scores. Avoid repeating the scenario. Preserve equivalent English and Thai evidence and record unverified release checks."
"media-asset-review","Media / asset provenance evidence","D4","Fairness, ethics, and rights","awareness","high","9","NH-FUNCTION-PEOPLE-D4-FAIRNESS-ETHICS-AWARENESS-04; NH-FUNCTION-MARKETING-D4-FAIRNESS-ETHICS-AWARENESS-01; NH-FUNCTION-MARKETING-D4-FAIRNESS-ETHICS-AWARENESS-02; NH-FUNCTION-MARKETING-D4-FAIRNESS-ETHICS-AWARENESS-03; NH-FUNCTION-MARKETING-D4-FAIRNESS-ETHICS-AWARENESS-04; NH-INDUSTRY-EDUCATION-D4-FAIRNESS-ETHICS-AWARENESS-02; NH-INDUSTRY-HEALTHCARE-D4-FAIRNESS-ETHICS-AWARENESS-03; NH-INDUSTRY-PUBLIC-D4-FAIRNESS-ETHICS-AWARENESS-04","A task brief, proposed media and relevant source or permission records. Show the objective and intended use clearly.","A task brief, proposed media and relevant source or permission records. Show the objective and intended use clearly. Use only facts supported by the scenario. Label any proposed fictional additions for review. Do not add highlighted errors, warning verdicts, invented risks or corrective answers. Define labels and scores. Avoid repeating the scenario. Preserve equivalent English and Thai evidence and record unverified release checks."
"media-asset-review","Media / asset provenance evidence","D4","Fairness, ethics, and rights","proficient","high","9","NH-FUNCTION-PEOPLE-D4-FAIRNESS-ETHICS-PROFICIENT-01; NH-FUNCTION-MARKETING-D4-FAIRNESS-ETHICS-PROFICIENT-01; NH-FUNCTION-MARKETING-D4-FAIRNESS-ETHICS-PROFICIENT-02; NH-FUNCTION-MARKETING-D4-FAIRNESS-ETHICS-PROFICIENT-03; NH-FUNCTION-MARKETING-D4-FAIRNESS-ETHICS-PROFICIENT-04; NH-INDUSTRY-EDUCATION-D4-FAIRNESS-ETHICS-PROFICIENT-03; NH-INDUSTRY-HEALTHCARE-D4-FAIRNESS-ETHICS-PROFICIENT-03; NH-INDUSTRY-PUBLIC-D4-FAIRNESS-ETHICS-PROFICIENT-02","A task brief, proposed media and relevant source or permission records. Show the objective and intended use clearly.","A task brief, proposed media and relevant source or permission records. Show the objective and intended use clearly. Use only facts supported by the scenario. Label any proposed fictional additions for review. Do not add highlighted errors, warning verdicts, invented risks or corrective answers. Define labels and scores. Avoid repeating the scenario. Preserve equivalent English and Thai evidence and record unverified release checks."
"security-audit-log","Security / access / audit evidence","D4","Security and governance controls","proficient","high","9","NH-CORE-GENERAL-D4-SECURITY-GOVERNANCE-PROFICIENT-01; NH-FUNCTION-GENERAL-D4-SECURITY-GOVERNANCE-PROFICIENT-03; NH-FUNCTION-FINANCE-D4-SECURITY-GOVERNANCE-PROFICIENT-02; NH-FUNCTION-FINANCE-D4-SECURITY-GOVERNANCE-PROFICIENT-03; NH-INDUSTRY-FINANCIAL-D4-SECURITY-GOVERNANCE-PROFICIENT-01; NH-INDUSTRY-FINANCIAL-D4-SECURITY-GOVERNANCE-PROFICIENT-03; NH-INDUSTRY-PUBLIC-D4-SECURITY-GOVERNANCE-PROFICIENT-04; NH-EXECUTIVE-CEO-D4-SECURITY-GOVERNANCE-PROFICIENT-02","A realistic access or audit record containing only the identities, scopes, actions and authorization evidence needed for the decision.","A realistic access or audit record containing only the identities, scopes, actions and authorization evidence needed for the decision. Use only facts supported by the scenario. Label any proposed fictional additions for review. Do not add highlighted errors, warning verdicts, invented risks or corrective answers. Define labels and scores. Avoid repeating the scenario. Preserve equivalent English and Thai evidence and record unverified release checks."
"source-comparison-pack","Source comparison / version evidence","D3","Data and chart judgment","awareness","high","9","NH-CORE-GENERAL-D3-DATA-CHART-JUDGMENT-AWARENESS-02; NH-CORE-GENERAL-D3-DATA-CHART-JUDGMENT-AWARENESS-05; NH-FUNCTION-GENERAL-D3-DATA-CHART-JUDGMENT-AWARENESS-04; NH-FUNCTION-OPERATIONS-D3-DATA-CHART-JUDGMENT-AWARENESS-01; NH-FUNCTION-OPERATIONS-D3-DATA-CHART-JUDGMENT-AWARENESS-02; NH-FUNCTION-OPERATIONS-D3-DATA-CHART-JUDGMENT-AWARENESS-03; NH-FUNCTION-OPERATIONS-D3-DATA-CHART-JUDGMENT-AWARENESS-04; NH-EXECUTIVE-BOARD-D3-DATA-CHART-JUDGMENT-AWARENESS-03","Source excerpts with document IDs, versions, dates and scope needed for the question. Present all excerpts neutrally.","Source excerpts with document IDs, versions, dates and scope needed for the question. Present all excerpts neutrally. Use only facts supported by the scenario. Label any proposed fictional additions for review. Do not add highlighted errors, warning verdicts, invented risks or corrective answers. Define labels and scores. Avoid repeating the scenario. Preserve equivalent English and Thai evidence and record unverified release checks."
"source-comparison-pack","Source comparison / version evidence","D5","Portfolio prioritization","awareness","high","9","NH-CORE-GENERAL-D5-PORTFOLIO-PRIORITIZATION-AWARENESS-02; NH-CORE-GENERAL-D5-PORTFOLIO-PRIORITIZATION-AWARENESS-05; NH-FUNCTION-OPERATIONS-D5-PORTFOLIO-PRIORITIZATION-AWARENESS-01; NH-FUNCTION-OPERATIONS-D5-PORTFOLIO-PRIORITIZATION-AWARENESS-02; NH-FUNCTION-OPERATIONS-D5-PORTFOLIO-PRIORITIZATION-AWARENESS-03; NH-FUNCTION-OPERATIONS-D5-PORTFOLIO-PRIORITIZATION-AWARENESS-04; NH-EXECUTIVE-CEO-D5-PORTFOLIO-PRIORITIZATION-AWARENESS-01; NH-EXECUTIVE-BOARD-D5-PORTFOLIO-PRIORITIZATION-AWARENESS-03","Source excerpts with document IDs, versions, dates and scope needed for the question. Present all excerpts neutrally.","Source excerpts with document IDs, versions, dates and scope needed for the question. Present all excerpts neutrally. Use only facts supported by the scenario. Label any proposed fictional additions for review. Do not add highlighted errors, warning verdicts, invented risks or corrective answers. Define labels and scores. Avoid repeating the scenario. Preserve equivalent English and Thai evidence and record unverified release checks."
"source-comparison-pack","Source comparison / version evidence","D5","Portfolio prioritization","applied","high","9","NH-CORE-GENERAL-D5-PORTFOLIO-PRIORITIZATION-APPLIED-02; NH-CORE-GENERAL-D5-PORTFOLIO-PRIORITIZATION-APPLIED-05; NH-FUNCTION-OPERATIONS-D5-PORTFOLIO-PRIORITIZATION-APPLIED-01; NH-FUNCTION-OPERATIONS-D5-PORTFOLIO-PRIORITIZATION-APPLIED-02; NH-FUNCTION-OPERATIONS-D5-PORTFOLIO-PRIORITIZATION-APPLIED-03; NH-FUNCTION-OPERATIONS-D5-PORTFOLIO-PRIORITIZATION-APPLIED-04; NH-EXECUTIVE-CEO-D5-PORTFOLIO-PRIORITIZATION-APPLIED-01; NH-EXECUTIVE-BOARD-D5-PORTFOLIO-PRIORITIZATION-APPLIED-03","Source excerpts with document IDs, versions, dates and scope needed for the question. Present all excerpts neutrally.","Source excerpts with document IDs, versions, dates and scope needed for the question. Present all excerpts neutrally. Use only facts supported by the scenario. Label any proposed fictional additions for review. Do not add highlighted errors, warning verdicts, invented risks or corrective answers. Define labels and scores. Avoid repeating the scenario. Preserve equivalent English and Thai evidence and record unverified release checks."
"source-comparison-pack","Source comparison / version evidence","D5","Portfolio prioritization","proficient","high","9","NH-CORE-GENERAL-D5-PORTFOLIO-PRIORITIZATION-PROFICIENT-02; NH-CORE-GENERAL-D5-PORTFOLIO-PRIORITIZATION-PROFICIENT-05; NH-FUNCTION-OPERATIONS-D5-PORTFOLIO-PRIORITIZATION-PROFICIENT-01; NH-FUNCTION-OPERATIONS-D5-PORTFOLIO-PRIORITIZATION-PROFICIENT-02; NH-FUNCTION-OPERATIONS-D5-PORTFOLIO-PRIORITIZATION-PROFICIENT-03; NH-FUNCTION-OPERATIONS-D5-PORTFOLIO-PRIORITIZATION-PROFICIENT-04; NH-EXECUTIVE-CEO-D5-PORTFOLIO-PRIORITIZATION-PROFICIENT-01; NH-EXECUTIVE-BOARD-D5-PORTFOLIO-PRIORITIZATION-PROFICIENT-03","Source excerpts with document IDs, versions, dates and scope needed for the question. Present all excerpts neutrally.","Source excerpts with document IDs, versions, dates and scope needed for the question. Present all excerpts neutrally. Use only facts supported by the scenario. Label any proposed fictional additions for review. Do not add highlighted errors, warning verdicts, invented risks or corrective answers. Define labels and scores. Avoid repeating the scenario. Preserve equivalent English and Thai evidence and record unverified release checks."
"source-comparison-pack","Source comparison / version evidence","D5","Portfolio prioritization","advanced","high","9","NH-CORE-GENERAL-D5-PORTFOLIO-PRIORITIZATION-ADVANCED-02; NH-CORE-GENERAL-D5-PORTFOLIO-PRIORITIZATION-ADVANCED-05; NH-FUNCTION-OPERATIONS-D5-PORTFOLIO-PRIORITIZATION-ADVANCED-01; NH-FUNCTION-OPERATIONS-D5-PORTFOLIO-PRIORITIZATION-ADVANCED-02; NH-FUNCTION-OPERATIONS-D5-PORTFOLIO-PRIORITIZATION-ADVANCED-03; NH-FUNCTION-OPERATIONS-D5-PORTFOLIO-PRIORITIZATION-ADVANCED-04; NH-EXECUTIVE-CEO-D5-PORTFOLIO-PRIORITIZATION-ADVANCED-01; NH-EXECUTIVE-BOARD-D5-PORTFOLIO-PRIORITIZATION-ADVANCED-03","Source excerpts with document IDs, versions, dates and scope needed for the question. Present all excerpts neutrally.","Source excerpts with document IDs, versions, dates and scope needed for the question. Present all excerpts neutrally. Use only facts supported by the scenario. Label any proposed fictional additions for review. Do not add highlighted errors, warning verdicts, invented risks or corrective answers. Define labels and scores. Avoid repeating the scenario. Preserve equivalent English and Thai evidence and record unverified release checks."
"workflow-trace","Workflow / agent trace","D1","Generative AI mechanics","awareness","high","9","NH-CORE-GENERAL-D1-GENAI-MECHANICS-AWARENESS-06; NH-FUNCTION-TECHNICAL-D1-GENAI-MECHANICS-AWARENESS-01; NH-FUNCTION-TECHNICAL-D1-GENAI-MECHANICS-AWARENESS-02; NH-FUNCTION-TECHNICAL-D1-GENAI-MECHANICS-AWARENESS-03; NH-FUNCTION-TECHNICAL-D1-GENAI-MECHANICS-AWARENESS-04; NH-EXECUTIVE-TECHNOLOGY-D1-GENAI-MECHANICS-AWARENESS-01; NH-EXECUTIVE-TECHNOLOGY-D1-GENAI-MECHANICS-AWARENESS-02; NH-EXECUTIVE-TECHNOLOGY-D1-GENAI-MECHANICS-AWARENESS-03","A workflow record showing the relevant actions, permissions, approvals and outcomes without marking the correct diagnosis.","A workflow record showing the relevant actions, permissions, approvals and outcomes without marking the correct diagnosis. Use only facts supported by the scenario. Label any proposed fictional additions for review. Do not add highlighted errors, warning verdicts, invented risks or corrective answers. Define labels and scores. Avoid repeating the scenario. Preserve equivalent English and Thai evidence and record unverified release checks."
"workflow-trace","Workflow / agent trace","D1","Generative AI mechanics","applied","high","9","NH-CORE-GENERAL-D1-GENAI-MECHANICS-APPLIED-06; NH-FUNCTION-TECHNICAL-D1-GENAI-MECHANICS-APPLIED-01; NH-FUNCTION-TECHNICAL-D1-GENAI-MECHANICS-APPLIED-02; NH-FUNCTION-TECHNICAL-D1-GENAI-MECHANICS-APPLIED-03; NH-FUNCTION-TECHNICAL-D1-GENAI-MECHANICS-APPLIED-04; NH-EXECUTIVE-TECHNOLOGY-D1-GENAI-MECHANICS-APPLIED-01; NH-EXECUTIVE-TECHNOLOGY-D1-GENAI-MECHANICS-APPLIED-02; NH-EXECUTIVE-TECHNOLOGY-D1-GENAI-MECHANICS-APPLIED-03","A workflow record showing the relevant actions, permissions, approvals and outcomes without marking the correct diagnosis.","A workflow record showing the relevant actions, permissions, approvals and outcomes without marking the correct diagnosis. Use only facts supported by the scenario. Label any proposed fictional additions for review. Do not add highlighted errors, warning verdicts, invented risks or corrective answers. Define labels and scores. Avoid repeating the scenario. Preserve equivalent English and Thai evidence and record unverified release checks."
"workflow-trace","Workflow / agent trace","D4","Data protection and privacy","awareness","high","9","NH-CORE-GENERAL-D4-DATA-PRIVACY-AWARENESS-06; NH-FUNCTION-TECHNICAL-D4-DATA-PRIVACY-AWARENESS-01; NH-FUNCTION-TECHNICAL-D4-DATA-PRIVACY-AWARENESS-02; NH-FUNCTION-TECHNICAL-D4-DATA-PRIVACY-AWARENESS-03; NH-FUNCTION-TECHNICAL-D4-DATA-PRIVACY-AWARENESS-04; NH-EXECUTIVE-TECHNOLOGY-D4-DATA-PRIVACY-AWARENESS-01; NH-EXECUTIVE-TECHNOLOGY-D4-DATA-PRIVACY-AWARENESS-02; NH-EXECUTIVE-TECHNOLOGY-D4-DATA-PRIVACY-AWARENESS-03","A workflow record showing the relevant actions, permissions, approvals and outcomes without marking the correct diagnosis.","A workflow record showing the relevant actions, permissions, approvals and outcomes without marking the correct diagnosis. Use only facts supported by the scenario. Label any proposed fictional additions for review. Do not add highlighted errors, warning verdicts, invented risks or corrective answers. Define labels and scores. Avoid repeating the scenario. Preserve equivalent English and Thai evidence and record unverified release checks."
"workflow-trace","Workflow / agent trace","D4","Data protection and privacy","applied","high","9","NH-CORE-GENERAL-D4-DATA-PRIVACY-APPLIED-06; NH-FUNCTION-TECHNICAL-D4-DATA-PRIVACY-APPLIED-01; NH-FUNCTION-TECHNICAL-D4-DATA-PRIVACY-APPLIED-02; NH-FUNCTION-TECHNICAL-D4-DATA-PRIVACY-APPLIED-03; NH-FUNCTION-TECHNICAL-D4-DATA-PRIVACY-APPLIED-04; NH-EXECUTIVE-TECHNOLOGY-D4-DATA-PRIVACY-APPLIED-01; NH-EXECUTIVE-TECHNOLOGY-D4-DATA-PRIVACY-APPLIED-02; NH-EXECUTIVE-TECHNOLOGY-D4-DATA-PRIVACY-APPLIED-03","A workflow record showing the relevant actions, permissions, approvals and outcomes without marking the correct diagnosis.","A workflow record showing the relevant actions, permissions, approvals and outcomes without marking the correct diagnosis. Use only facts supported by the scenario. Label any proposed fictional additions for review. Do not add highlighted errors, warning verdicts, invented risks or corrective answers. Define labels and scores. Avoid repeating the scenario. Preserve equivalent English and Thai evidence and record unverified release checks."
"workflow-trace","Workflow / agent trace","D6","Learning and improvement loops","applied","high","9","NH-CORE-GENERAL-D6-LEARNING-LOOPS-APPLIED-06; NH-FUNCTION-TECHNICAL-D6-LEARNING-LOOPS-APPLIED-01; NH-FUNCTION-TECHNICAL-D6-LEARNING-LOOPS-APPLIED-02; NH-FUNCTION-TECHNICAL-D6-LEARNING-LOOPS-APPLIED-03; NH-FUNCTION-TECHNICAL-D6-LEARNING-LOOPS-APPLIED-04; NH-EXECUTIVE-TECHNOLOGY-D6-LEARNING-LOOPS-APPLIED-01; NH-EXECUTIVE-TECHNOLOGY-D6-LEARNING-LOOPS-APPLIED-02; NH-EXECUTIVE-TECHNOLOGY-D6-LEARNING-LOOPS-APPLIED-03","A workflow record showing the relevant actions, permissions, approvals and outcomes without marking the correct diagnosis.","A workflow record showing the relevant actions, permissions, approvals and outcomes without marking the correct diagnosis. Use only facts supported by the scenario. Label any proposed fictional additions for review. Do not add highlighted errors, warning verdicts, invented risks or corrective answers. Define labels and scores. Avoid repeating the scenario. Preserve equivalent English and Thai evidence and record unverified release checks."
"workflow-trace","Workflow / agent trace","D6","Learning and improvement loops","proficient","high","9","NH-CORE-GENERAL-D6-LEARNING-LOOPS-PROFICIENT-06; NH-FUNCTION-TECHNICAL-D6-LEARNING-LOOPS-PROFICIENT-01; NH-FUNCTION-TECHNICAL-D6-LEARNING-LOOPS-PROFICIENT-02; NH-FUNCTION-TECHNICAL-D6-LEARNING-LOOPS-PROFICIENT-03; NH-FUNCTION-TECHNICAL-D6-LEARNING-LOOPS-PROFICIENT-04; NH-EXECUTIVE-TECHNOLOGY-D6-LEARNING-LOOPS-PROFICIENT-01; NH-EXECUTIVE-TECHNOLOGY-D6-LEARNING-LOOPS-PROFICIENT-02; NH-EXECUTIVE-TECHNOLOGY-D6-LEARNING-LOOPS-PROFICIENT-03","A workflow record showing the relevant actions, permissions, approvals and outcomes without marking the correct diagnosis.","A workflow record showing the relevant actions, permissions, approvals and outcomes without marking the correct diagnosis. Use only facts supported by the scenario. Label any proposed fictional additions for review. Do not add highlighted errors, warning verdicts, invented risks or corrective answers. Define labels and scores. Avoid repeating the scenario. Preserve equivalent English and Thai evidence and record unverified release checks."
"communication-thread","Email / chat / ticket thread","D4","Data protection and privacy","awareness","high","8","NH-CORE-GENERAL-D4-DATA-PRIVACY-AWARENESS-04; NH-FUNCTION-PEOPLE-D4-DATA-PRIVACY-AWARENESS-01; NH-FUNCTION-PEOPLE-D4-DATA-PRIVACY-AWARENESS-02; NH-FUNCTION-PEOPLE-D4-DATA-PRIVACY-AWARENESS-04; NH-INDUSTRY-HEALTHCARE-D4-DATA-PRIVACY-AWARENESS-01; NH-INDUSTRY-HEALTHCARE-D4-DATA-PRIVACY-AWARENESS-02; NH-INDUSTRY-HEALTHCARE-D4-DATA-PRIVACY-AWARENESS-03; NH-INDUSTRY-HEALTHCARE-D4-DATA-PRIVACY-AWARENESS-04","A realistic message or ticket containing only the communication evidence needed for this question, with clear speakers and sequence.","A realistic message or ticket containing only the communication evidence needed for this question, with clear speakers and sequence. Use only facts supported by the scenario. Label any proposed fictional additions for review. Do not add highlighted errors, warning verdicts, invented risks or corrective answers. Define labels and scores. Avoid repeating the scenario. Preserve equivalent English and Thai evidence and record unverified release checks."
"communication-thread","Email / chat / ticket thread","D4","Data protection and privacy","applied","high","8","NH-CORE-GENERAL-D4-DATA-PRIVACY-APPLIED-04; NH-FUNCTION-PEOPLE-D4-DATA-PRIVACY-APPLIED-01; NH-FUNCTION-PEOPLE-D4-DATA-PRIVACY-APPLIED-02; NH-FUNCTION-PEOPLE-D4-DATA-PRIVACY-APPLIED-04; NH-INDUSTRY-HEALTHCARE-D4-DATA-PRIVACY-APPLIED-01; NH-INDUSTRY-HEALTHCARE-D4-DATA-PRIVACY-APPLIED-02; NH-INDUSTRY-HEALTHCARE-D4-DATA-PRIVACY-APPLIED-03; NH-INDUSTRY-HEALTHCARE-D4-DATA-PRIVACY-APPLIED-04","A realistic message or ticket containing only the communication evidence needed for this question, with clear speakers and sequence.","A realistic message or ticket containing only the communication evidence needed for this question, with clear speakers and sequence. Use only facts supported by the scenario. Label any proposed fictional additions for review. Do not add highlighted errors, warning verdicts, invented risks or corrective answers. Define labels and scores. Avoid repeating the scenario. Preserve equivalent English and Thai evidence and record unverified release checks."
"communication-thread","Email / chat / ticket thread","D4","Regulatory and policy fluency","advanced","high","8","NH-CORE-GENERAL-D4-REGULATORY-POLICY-ADVANCED-04; NH-FUNCTION-PEOPLE-D4-REGULATORY-POLICY-ADVANCED-01; NH-FUNCTION-PEOPLE-D4-REGULATORY-POLICY-ADVANCED-02; NH-INDUSTRY-HEALTHCARE-D4-REGULATORY-POLICY-ADVANCED-01; NH-INDUSTRY-HEALTHCARE-D4-REGULATORY-POLICY-ADVANCED-03; NH-INDUSTRY-HEALTHCARE-D4-REGULATORY-POLICY-ADVANCED-04; NH-INDUSTRY-PUBLIC-D4-REGULATORY-POLICY-ADVANCED-02; NH-INDUSTRY-PUBLIC-D4-REGULATORY-POLICY-ADVANCED-03","A realistic message or ticket containing only the communication evidence needed for this question, with clear speakers and sequence.","A realistic message or ticket containing only the communication evidence needed for this question, with clear speakers and sequence. Use only facts supported by the scenario. Label any proposed fictional additions for review. Do not add highlighted errors, warning verdicts, invented risks or corrective answers. Define labels and scores. Avoid repeating the scenario. Preserve equivalent English and Thai evidence and record unverified release checks."
"communication-thread","Email / chat / ticket thread","D4","Fairness, ethics, and rights","proficient","high","8","NH-CORE-GENERAL-D4-FAIRNESS-ETHICS-PROFICIENT-04; NH-FUNCTION-PEOPLE-D4-FAIRNESS-ETHICS-PROFICIENT-02; NH-FUNCTION-PEOPLE-D4-FAIRNESS-ETHICS-PROFICIENT-04; NH-INDUSTRY-HEALTHCARE-D4-FAIRNESS-ETHICS-PROFICIENT-01; NH-INDUSTRY-HEALTHCARE-D4-FAIRNESS-ETHICS-PROFICIENT-02; NH-INDUSTRY-HEALTHCARE-D4-FAIRNESS-ETHICS-PROFICIENT-04; NH-INDUSTRY-PUBLIC-D4-FAIRNESS-ETHICS-PROFICIENT-01; NH-INDUSTRY-PUBLIC-D4-FAIRNESS-ETHICS-PROFICIENT-03","A realistic message or ticket containing only the communication evidence needed for this question, with clear speakers and sequence.","A realistic message or ticket containing only the communication evidence needed for this question, with clear speakers and sequence. Use only facts supported by the scenario. Label any proposed fictional additions for review. Do not add highlighted errors, warning verdicts, invented risks or corrective answers. Define labels and scores. Avoid repeating the scenario. Preserve equivalent English and Thai evidence and record unverified release checks."
"communication-thread","Email / chat / ticket thread","D4","Fairness, ethics, and rights","advanced","high","8","NH-FUNCTION-PEOPLE-D4-FAIRNESS-ETHICS-ADVANCED-01; NH-FUNCTION-PEOPLE-D4-FAIRNESS-ETHICS-ADVANCED-02; NH-FUNCTION-PEOPLE-D4-FAIRNESS-ETHICS-ADVANCED-04; NH-INDUSTRY-HEALTHCARE-D4-FAIRNESS-ETHICS-ADVANCED-01; NH-INDUSTRY-HEALTHCARE-D4-FAIRNESS-ETHICS-ADVANCED-02; NH-INDUSTRY-HEALTHCARE-D4-FAIRNESS-ETHICS-ADVANCED-04; NH-INDUSTRY-PUBLIC-D4-FAIRNESS-ETHICS-ADVANCED-01; NH-INDUSTRY-PUBLIC-D4-FAIRNESS-ETHICS-ADVANCED-02","A realistic message or ticket containing only the communication evidence needed for this question, with clear speakers and sequence.","A realistic message or ticket containing only the communication evidence needed for this question, with clear speakers and sequence. Use only facts supported by the scenario. Label any proposed fictional additions for review. Do not add highlighted errors, warning verdicts, invented risks or corrective answers. Define labels and scores. Avoid repeating the scenario. Preserve equivalent English and Thai evidence and record unverified release checks."
"data-chart-dashboard","Dashboard / chart / calculation evidence","D3","Data and chart judgment","advanced","high","8","NH-CORE-GENERAL-D3-DATA-CHART-JUDGMENT-ADVANCED-01; NH-FUNCTION-GENERAL-D3-DATA-CHART-JUDGMENT-ADVANCED-02; NH-FUNCTION-FINANCE-D3-DATA-CHART-JUDGMENT-ADVANCED-01; NH-FUNCTION-FINANCE-D3-DATA-CHART-JUDGMENT-ADVANCED-03; NH-EXECUTIVE-FINANCE-D3-DATA-CHART-JUDGMENT-ADVANCED-01; NH-EXECUTIVE-FINANCE-D3-DATA-CHART-JUDGMENT-ADVANCED-02; NH-EXECUTIVE-FINANCE-D3-DATA-CHART-JUDGMENT-ADVANCED-03; NH-EXECUTIVE-FINANCE-D3-DATA-CHART-JUDGMENT-ADVANCED-04","A clearly labeled table or chart with the task outcome, units, comparison basis and relevant sample or scope. Check all calculations.","A clearly labeled table or chart with the task outcome, units, comparison basis and relevant sample or scope. Check all calculations. Use only facts supported by the scenario. Label any proposed fictional additions for review. Do not add highlighted errors, warning verdicts, invented risks or corrective answers. Define labels and scores. Avoid repeating the scenario. Preserve equivalent English and Thai evidence and record unverified release checks."
"data-chart-dashboard","Dashboard / chart / calculation evidence","D4","Security and governance controls","advanced","high","8","NH-FUNCTION-FINANCE-D4-SECURITY-GOVERNANCE-ADVANCED-03; NH-EXECUTIVE-CEO-D4-SECURITY-GOVERNANCE-ADVANCED-03; NH-EXECUTIVE-CEO-D4-SECURITY-GOVERNANCE-ADVANCED-04; NH-EXECUTIVE-FINANCE-D4-SECURITY-GOVERNANCE-ADVANCED-01; NH-EXECUTIVE-FINANCE-D4-SECURITY-GOVERNANCE-ADVANCED-02; NH-EXECUTIVE-FINANCE-D4-SECURITY-GOVERNANCE-ADVANCED-03; NH-EXECUTIVE-TRANSFORMATION-D4-SECURITY-GOVERNANCE-ADVANCED-03; NH-EXECUTIVE-TRANSFORMATION-D4-SECURITY-GOVERNANCE-ADVANCED-04","A clearly labeled table or chart with the task outcome, units, comparison basis and relevant sample or scope. Check all calculations.","A clearly labeled table or chart with the task outcome, units, comparison basis and relevant sample or scope. Check all calculations. Use only facts supported by the scenario. Label any proposed fictional additions for review. Do not add highlighted errors, warning verdicts, invented risks or corrective answers. Define labels and scores. Avoid repeating the scenario. Preserve equivalent English and Thai evidence and record unverified release checks."
"data-chart-dashboard","Dashboard / chart / calculation evidence","D3","Source and claim verification","proficient","high","8","NH-EXECUTIVE-CEO-D3-SOURCE-VERIFICATION-PROFICIENT-03; NH-EXECUTIVE-CEO-D3-SOURCE-VERIFICATION-PROFICIENT-04; NH-EXECUTIVE-PEOPLE-D3-SOURCE-VERIFICATION-PROFICIENT-01; NH-EXECUTIVE-PEOPLE-D3-SOURCE-VERIFICATION-PROFICIENT-02; NH-EXECUTIVE-PEOPLE-D3-SOURCE-VERIFICATION-PROFICIENT-03; NH-EXECUTIVE-TRANSFORMATION-D3-SOURCE-VERIFICATION-PROFICIENT-02; NH-EXECUTIVE-TRANSFORMATION-D3-SOURCE-VERIFICATION-PROFICIENT-03; NH-EXECUTIVE-TRANSFORMATION-D3-SOURCE-VERIFICATION-PROFICIENT-04","A clearly labeled table or chart with the task outcome, units, comparison basis and relevant sample or scope. Check all calculations.","A clearly labeled table or chart with the task outcome, units, comparison basis and relevant sample or scope. Check all calculations. Use only facts supported by the scenario. Label any proposed fictional additions for review. Do not add highlighted errors, warning verdicts, invented risks or corrective answers. Define labels and scores. Avoid repeating the scenario. Preserve equivalent English and Thai evidence and record unverified release checks."
"data-chart-dashboard","Dashboard / chart / calculation evidence","D4","Security and governance controls","proficient","high","8","NH-EXECUTIVE-CEO-D4-SECURITY-GOVERNANCE-PROFICIENT-03; NH-EXECUTIVE-CEO-D4-SECURITY-GOVERNANCE-PROFICIENT-04; NH-EXECUTIVE-FINANCE-D4-SECURITY-GOVERNANCE-PROFICIENT-01; NH-EXECUTIVE-FINANCE-D4-SECURITY-GOVERNANCE-PROFICIENT-02; NH-EXECUTIVE-FINANCE-D4-SECURITY-GOVERNANCE-PROFICIENT-04; NH-EXECUTIVE-TRANSFORMATION-D4-SECURITY-GOVERNANCE-PROFICIENT-02; NH-EXECUTIVE-TRANSFORMATION-D4-SECURITY-GOVERNANCE-PROFICIENT-03; NH-EXECUTIVE-TRANSFORMATION-D4-SECURITY-GOVERNANCE-PROFICIENT-04","A clearly labeled table or chart with the task outcome, units, comparison basis and relevant sample or scope. Check all calculations.","A clearly labeled table or chart with the task outcome, units, comparison basis and relevant sample or scope. Check all calculations. Use only facts supported by the scenario. Label any proposed fictional additions for review. Do not add highlighted errors, warning verdicts, invented risks or corrective answers. Define labels and scores. Avoid repeating the scenario. Preserve equivalent English and Thai evidence and record unverified release checks."
"data-chart-dashboard","Dashboard / chart / calculation evidence","D5","Use-case evaluation","applied","high","8","NH-EXECUTIVE-CEO-D5-USECASE-FIT-APPLIED-02; NH-EXECUTIVE-CEO-D5-USECASE-FIT-APPLIED-03; NH-EXECUTIVE-CEO-D5-USECASE-FIT-APPLIED-04; NH-EXECUTIVE-PEOPLE-D5-USECASE-FIT-APPLIED-02; NH-EXECUTIVE-PEOPLE-D5-USECASE-FIT-APPLIED-03; NH-EXECUTIVE-PEOPLE-D5-USECASE-FIT-APPLIED-04; NH-EXECUTIVE-TRANSFORMATION-D5-USECASE-FIT-APPLIED-02; NH-EXECUTIVE-TRANSFORMATION-D5-USECASE-FIT-APPLIED-04","A clearly labeled table or chart with the task outcome, units, comparison basis and relevant sample or scope. Check all calculations.","A clearly labeled table or chart with the task outcome, units, comparison basis and relevant sample or scope. Check all calculations. Use only facts supported by the scenario. Label any proposed fictional additions for review. Do not add highlighted errors, warning verdicts, invented risks or corrective answers. Define labels and scores. Avoid repeating the scenario. Preserve equivalent English and Thai evidence and record unverified release checks."
"media-asset-review","Media / asset provenance evidence","D3","Source and claim verification","advanced","high","8","NH-CORE-GENERAL-D3-SOURCE-VERIFICATION-ADVANCED-01; NH-FUNCTION-GENERAL-D3-SOURCE-VERIFICATION-ADVANCED-04; NH-FUNCTION-PEOPLE-D3-SOURCE-VERIFICATION-ADVANCED-02; NH-FUNCTION-MARKETING-D3-SOURCE-VERIFICATION-ADVANCED-01; NH-FUNCTION-MARKETING-D3-SOURCE-VERIFICATION-ADVANCED-03; NH-EXECUTIVE-CEO-D3-SOURCE-VERIFICATION-ADVANCED-04; NH-EXECUTIVE-PEOPLE-D3-SOURCE-VERIFICATION-ADVANCED-02; NH-EXECUTIVE-TRANSFORMATION-D3-SOURCE-VERIFICATION-ADVANCED-01","A task brief, proposed media and relevant source or permission records. Show the objective and intended use clearly.","A task brief, proposed media and relevant source or permission records. Show the objective and intended use clearly. Use only facts supported by the scenario. Label any proposed fictional additions for review. Do not add highlighted errors, warning verdicts, invented risks or corrective answers. Define labels and scores. Avoid repeating the scenario. Preserve equivalent English and Thai evidence and record unverified release checks."
"media-asset-review","Media / asset provenance evidence","D3","Media provenance","proficient","high","8","NH-CORE-GENERAL-D3-MEDIA-PROVENANCE-PROFICIENT-01; NH-CORE-GENERAL-D3-MEDIA-PROVENANCE-PROFICIENT-04; NH-CORE-GENERAL-D3-MEDIA-PROVENANCE-PROFICIENT-08; NH-FUNCTION-MARKETING-D3-MEDIA-PROVENANCE-PROFICIENT-01; NH-FUNCTION-MARKETING-D3-MEDIA-PROVENANCE-PROFICIENT-02; NH-FUNCTION-MARKETING-D3-MEDIA-PROVENANCE-PROFICIENT-04; NH-INDUSTRY-RETAIL-D3-MEDIA-PROVENANCE-PROFICIENT-02; NH-INDUSTRY-RETAIL-D3-MEDIA-PROVENANCE-PROFICIENT-03","A task brief, proposed media and relevant source or permission records. Show the objective and intended use clearly.","A task brief, proposed media and relevant source or permission records. Show the objective and intended use clearly. Use only facts supported by the scenario. Label any proposed fictional additions for review. Do not add highlighted errors, warning verdicts, invented risks or corrective answers. Define labels and scores. Avoid repeating the scenario. Preserve equivalent English and Thai evidence and record unverified release checks."
"media-asset-review","Media / asset provenance evidence","D6","Change enablement","awareness","high","8","NH-CORE-GENERAL-D6-CHANGE-ENABLEMENT-AWARENESS-04; NH-CORE-GENERAL-D6-CHANGE-ENABLEMENT-AWARENESS-08; NH-FUNCTION-PEOPLE-D6-CHANGE-ENABLEMENT-AWARENESS-04; NH-INDUSTRY-EDUCATION-D6-CHANGE-ENABLEMENT-AWARENESS-01; NH-EXECUTIVE-CEO-D6-CHANGE-ENABLEMENT-AWARENESS-02; NH-EXECUTIVE-PEOPLE-D6-CHANGE-ENABLEMENT-AWARENESS-02; NH-EXECUTIVE-TRANSFORMATION-D6-CHANGE-ENABLEMENT-AWARENESS-01; NH-EXECUTIVE-TRANSFORMATION-D6-CHANGE-ENABLEMENT-AWARENESS-02","A task brief, proposed media and relevant source or permission records. Show the objective and intended use clearly.","A task brief, proposed media and relevant source or permission records. Show the objective and intended use clearly. Use only facts supported by the scenario. Label any proposed fictional additions for review. Do not add highlighted errors, warning verdicts, invented risks or corrective answers. Define labels and scores. Avoid repeating the scenario. Preserve equivalent English and Thai evidence and record unverified release checks."
"media-asset-review","Media / asset provenance evidence","D5","Use-case evaluation","awareness","high","8","NH-FUNCTION-MARKETING-D5-USECASE-FIT-AWARENESS-01; NH-FUNCTION-MARKETING-D5-USECASE-FIT-AWARENESS-02; NH-FUNCTION-MARKETING-D5-USECASE-FIT-AWARENESS-03; NH-FUNCTION-MARKETING-D5-USECASE-FIT-AWARENESS-04; NH-INDUSTRY-RETAIL-D5-USECASE-FIT-AWARENESS-02; NH-INDUSTRY-RETAIL-D5-USECASE-FIT-AWARENESS-03; NH-INDUSTRY-RETAIL-D5-USECASE-FIT-AWARENESS-04; NH-EXECUTIVE-TRANSFORMATION-D5-USECASE-FIT-AWARENESS-01","A task brief, proposed media and relevant source or permission records. Show the objective and intended use clearly.","A task brief, proposed media and relevant source or permission records. Show the objective and intended use clearly. Use only facts supported by the scenario. Label any proposed fictional additions for review. Do not add highlighted errors, warning verdicts, invented risks or corrective answers. Define labels and scores. Avoid repeating the scenario. Preserve equivalent English and Thai evidence and record unverified release checks."
"media-asset-review","Media / asset provenance evidence","D5","Use-case evaluation","advanced","high","8","NH-FUNCTION-MARKETING-D5-USECASE-FIT-ADVANCED-01; NH-FUNCTION-MARKETING-D5-USECASE-FIT-ADVANCED-02; NH-FUNCTION-MARKETING-D5-USECASE-FIT-ADVANCED-03; NH-FUNCTION-MARKETING-D5-USECASE-FIT-ADVANCED-04; NH-INDUSTRY-RETAIL-D5-USECASE-FIT-ADVANCED-02; NH-INDUSTRY-RETAIL-D5-USECASE-FIT-ADVANCED-03; NH-INDUSTRY-RETAIL-D5-USECASE-FIT-ADVANCED-04; NH-EXECUTIVE-TRANSFORMATION-D5-USECASE-FIT-ADVANCED-01","A task brief, proposed media and relevant source or permission records. Show the objective and intended use clearly.","A task brief, proposed media and relevant source or permission records. Show the objective and intended use clearly. Use only facts supported by the scenario. Label any proposed fictional additions for review. Do not add highlighted errors, warning verdicts, invented risks or corrective answers. Define labels and scores. Avoid repeating the scenario. Preserve equivalent English and Thai evidence and record unverified release checks."
"media-asset-review","Media / asset provenance evidence","D5","ROI and measurement","awareness","high","8","NH-FUNCTION-MARKETING-D5-ROI-METRICS-AWARENESS-01; NH-FUNCTION-MARKETING-D5-ROI-METRICS-AWARENESS-02; NH-FUNCTION-MARKETING-D5-ROI-METRICS-AWARENESS-03; NH-FUNCTION-MARKETING-D5-ROI-METRICS-AWARENESS-04; NH-INDUSTRY-RETAIL-D5-ROI-METRICS-AWARENESS-02; NH-INDUSTRY-RETAIL-D5-ROI-METRICS-AWARENESS-03; NH-INDUSTRY-RETAIL-D5-ROI-METRICS-AWARENESS-04; NH-EXECUTIVE-TRANSFORMATION-D5-ROI-METRICS-AWARENESS-01","A task brief, proposed media and relevant source or permission records. Show the objective and intended use clearly.","A task brief, proposed media and relevant source or permission records. Show the objective and intended use clearly. Use only facts supported by the scenario. Label any proposed fictional additions for review. Do not add highlighted errors, warning verdicts, invented risks or corrective answers. Define labels and scores. Avoid repeating the scenario. Preserve equivalent English and Thai evidence and record unverified release checks."
"media-asset-review","Media / asset provenance evidence","D5","ROI and measurement","applied","high","8","NH-FUNCTION-MARKETING-D5-ROI-METRICS-APPLIED-01; NH-FUNCTION-MARKETING-D5-ROI-METRICS-APPLIED-02; NH-FUNCTION-MARKETING-D5-ROI-METRICS-APPLIED-03; NH-FUNCTION-MARKETING-D5-ROI-METRICS-APPLIED-04; NH-INDUSTRY-RETAIL-D5-ROI-METRICS-APPLIED-02; NH-INDUSTRY-RETAIL-D5-ROI-METRICS-APPLIED-03; NH-INDUSTRY-RETAIL-D5-ROI-METRICS-APPLIED-04; NH-EXECUTIVE-TRANSFORMATION-D5-ROI-METRICS-APPLIED-01","A task brief, proposed media and relevant source or permission records. Show the objective and intended use clearly.","A task brief, proposed media and relevant source or permission records. Show the objective and intended use clearly. Use only facts supported by the scenario. Label any proposed fictional additions for review. Do not add highlighted errors, warning verdicts, invented risks or corrective answers. Define labels and scores. Avoid repeating the scenario. Preserve equivalent English and Thai evidence and record unverified release checks."
"media-asset-review","Media / asset provenance evidence","D5","ROI and measurement","advanced","high","8","NH-FUNCTION-MARKETING-D5-ROI-METRICS-ADVANCED-01; NH-FUNCTION-MARKETING-D5-ROI-METRICS-ADVANCED-02; NH-FUNCTION-MARKETING-D5-ROI-METRICS-ADVANCED-03; NH-FUNCTION-MARKETING-D5-ROI-METRICS-ADVANCED-04; NH-INDUSTRY-RETAIL-D5-ROI-METRICS-ADVANCED-02; NH-INDUSTRY-RETAIL-D5-ROI-METRICS-ADVANCED-03; NH-INDUSTRY-RETAIL-D5-ROI-METRICS-ADVANCED-04; NH-EXECUTIVE-TRANSFORMATION-D5-ROI-METRICS-ADVANCED-01","A task brief, proposed media and relevant source or permission records. Show the objective and intended use clearly.","A task brief, proposed media and relevant source or permission records. Show the objective and intended use clearly. Use only facts supported by the scenario. Label any proposed fictional additions for review. Do not add highlighted errors, warning verdicts, invented risks or corrective answers. Define labels and scores. Avoid repeating the scenario. Preserve equivalent English and Thai evidence and record unverified release checks."
"security-audit-log","Security / access / audit evidence","D4","Data protection and privacy","advanced","high","8","NH-CORE-GENERAL-D4-DATA-PRIVACY-ADVANCED-04; NH-CORE-GENERAL-D4-DATA-PRIVACY-ADVANCED-08; NH-FUNCTION-GENERAL-D4-DATA-PRIVACY-ADVANCED-03; NH-FUNCTION-GENERAL-D4-DATA-PRIVACY-ADVANCED-04; NH-FUNCTION-PEOPLE-D4-DATA-PRIVACY-ADVANCED-01; NH-INDUSTRY-EDUCATION-D4-DATA-PRIVACY-ADVANCED-04; NH-INDUSTRY-HEALTHCARE-D4-DATA-PRIVACY-ADVANCED-04; NH-EXECUTIVE-PEOPLE-D4-DATA-PRIVACY-ADVANCED-02","A realistic access or audit record containing only the identities, scopes, actions and authorization evidence needed for the decision.","A realistic access or audit record containing only the identities, scopes, actions and authorization evidence needed for the decision. Use only facts supported by the scenario. Label any proposed fictional additions for review. Do not add highlighted errors, warning verdicts, invented risks or corrective answers. Define labels and scores. Avoid repeating the scenario. Preserve equivalent English and Thai evidence and record unverified release checks."
"security-audit-log","Security / access / audit evidence","D5","Portfolio prioritization","advanced","high","8","NH-CORE-GENERAL-D5-PORTFOLIO-PRIORITIZATION-ADVANCED-04; NH-CORE-GENERAL-D5-PORTFOLIO-PRIORITIZATION-ADVANCED-08; NH-FUNCTION-FINANCE-D5-PORTFOLIO-PRIORITIZATION-ADVANCED-01; NH-FUNCTION-FINANCE-D5-PORTFOLIO-PRIORITIZATION-ADVANCED-02; NH-EXECUTIVE-CEO-D5-PORTFOLIO-PRIORITIZATION-ADVANCED-02; NH-EXECUTIVE-BOARD-D5-PORTFOLIO-PRIORITIZATION-ADVANCED-01; NH-EXECUTIVE-FINANCE-D5-PORTFOLIO-PRIORITIZATION-ADVANCED-04; NH-EXECUTIVE-TRANSFORMATION-D5-PORTFOLIO-PRIORITIZATION-ADVANCED-03","A realistic access or audit record containing only the identities, scopes, actions and authorization evidence needed for the decision.","A realistic access or audit record containing only the identities, scopes, actions and authorization evidence needed for the decision. Use only facts supported by the scenario. Label any proposed fictional additions for review. Do not add highlighted errors, warning verdicts, invented risks or corrective answers. Define labels and scores. Avoid repeating the scenario. Preserve equivalent English and Thai evidence and record unverified release checks."
"source-comparison-pack","Source comparison / version evidence","D1","Capability boundaries","awareness","high","8","NH-CORE-GENERAL-D1-CAPABILITY-LIMITS-AWARENESS-02; NH-CORE-GENERAL-D1-CAPABILITY-LIMITS-AWARENESS-05; NH-FUNCTION-SALES-D1-CAPABILITY-LIMITS-AWARENESS-01; NH-FUNCTION-SALES-D1-CAPABILITY-LIMITS-AWARENESS-02; NH-FUNCTION-SALES-D1-CAPABILITY-LIMITS-AWARENESS-03; NH-FUNCTION-SALES-D1-CAPABILITY-LIMITS-AWARENESS-04; NH-EXECUTIVE-BOARD-D1-CAPABILITY-LIMITS-AWARENESS-03; NH-EXECUTIVE-BOARD-D1-CAPABILITY-LIMITS-AWARENESS-04","Source excerpts with document IDs, versions, dates and scope needed for the question. Present all excerpts neutrally.","Source excerpts with document IDs, versions, dates and scope needed for the question. Present all excerpts neutrally. Use only facts supported by the scenario. Label any proposed fictional additions for review. Do not add highlighted errors, warning verdicts, invented risks or corrective answers. Define labels and scores. Avoid repeating the scenario. Preserve equivalent English and Thai evidence and record unverified release checks."
"source-comparison-pack","Source comparison / version evidence","D2","Prompt design","awareness","high","8","NH-CORE-GENERAL-D2-PROMPT-DESIGN-AWARENESS-02; NH-CORE-GENERAL-D2-PROMPT-DESIGN-AWARENESS-05; NH-FUNCTION-PEOPLE-D2-PROMPT-DESIGN-AWARENESS-03; NH-FUNCTION-SALES-D2-PROMPT-DESIGN-AWARENESS-01; NH-FUNCTION-SALES-D2-PROMPT-DESIGN-AWARENESS-02; NH-FUNCTION-SALES-D2-PROMPT-DESIGN-AWARENESS-03; NH-FUNCTION-SALES-D2-PROMPT-DESIGN-AWARENESS-04; NH-FUNCTION-CUSTOMERSERVICE-D2-PROMPT-DESIGN-AWARENESS-04","Source excerpts with document IDs, versions, dates and scope needed for the question. Present all excerpts neutrally.","Source excerpts with document IDs, versions, dates and scope needed for the question. Present all excerpts neutrally. Use only facts supported by the scenario. Label any proposed fictional additions for review. Do not add highlighted errors, warning verdicts, invented risks or corrective answers. Define labels and scores. Avoid repeating the scenario. Preserve equivalent English and Thai evidence and record unverified release checks."
"source-comparison-pack","Source comparison / version evidence","D3","Data and chart judgment","applied","high","8","NH-CORE-GENERAL-D3-DATA-CHART-JUDGMENT-APPLIED-02; NH-CORE-GENERAL-D3-DATA-CHART-JUDGMENT-APPLIED-05; NH-FUNCTION-OPERATIONS-D3-DATA-CHART-JUDGMENT-APPLIED-01; NH-FUNCTION-OPERATIONS-D3-DATA-CHART-JUDGMENT-APPLIED-02; NH-FUNCTION-OPERATIONS-D3-DATA-CHART-JUDGMENT-APPLIED-03; NH-FUNCTION-OPERATIONS-D3-DATA-CHART-JUDGMENT-APPLIED-04; NH-EXECUTIVE-BOARD-D3-DATA-CHART-JUDGMENT-APPLIED-03; NH-EXECUTIVE-BOARD-D3-DATA-CHART-JUDGMENT-APPLIED-04","Source excerpts with document IDs, versions, dates and scope needed for the question. Present all excerpts neutrally.","Source excerpts with document IDs, versions, dates and scope needed for the question. Present all excerpts neutrally. Use only facts supported by the scenario. Label any proposed fictional additions for review. Do not add highlighted errors, warning verdicts, invented risks or corrective answers. Define labels and scores. Avoid repeating the scenario. Preserve equivalent English and Thai evidence and record unverified release checks."
"source-comparison-pack","Source comparison / version evidence","D3","Data and chart judgment","proficient","high","8","NH-CORE-GENERAL-D3-DATA-CHART-JUDGMENT-PROFICIENT-02; NH-CORE-GENERAL-D3-DATA-CHART-JUDGMENT-PROFICIENT-05; NH-FUNCTION-OPERATIONS-D3-DATA-CHART-JUDGMENT-PROFICIENT-01; NH-FUNCTION-OPERATIONS-D3-DATA-CHART-JUDGMENT-PROFICIENT-02; NH-FUNCTION-OPERATIONS-D3-DATA-CHART-JUDGMENT-PROFICIENT-03; NH-FUNCTION-OPERATIONS-D3-DATA-CHART-JUDGMENT-PROFICIENT-04; NH-EXECUTIVE-BOARD-D3-DATA-CHART-JUDGMENT-PROFICIENT-03; NH-EXECUTIVE-BOARD-D3-DATA-CHART-JUDGMENT-PROFICIENT-04","Source excerpts with document IDs, versions, dates and scope needed for the question. Present all excerpts neutrally.","Source excerpts with document IDs, versions, dates and scope needed for the question. Present all excerpts neutrally. Use only facts supported by the scenario. Label any proposed fictional additions for review. Do not add highlighted errors, warning verdicts, invented risks or corrective answers. Define labels and scores. Avoid repeating the scenario. Preserve equivalent English and Thai evidence and record unverified release checks."
"source-comparison-pack","Source comparison / version evidence","D3","Data and chart judgment","advanced","high","8","NH-CORE-GENERAL-D3-DATA-CHART-JUDGMENT-ADVANCED-02; NH-CORE-GENERAL-D3-DATA-CHART-JUDGMENT-ADVANCED-05; NH-FUNCTION-OPERATIONS-D3-DATA-CHART-JUDGMENT-ADVANCED-01; NH-FUNCTION-OPERATIONS-D3-DATA-CHART-JUDGMENT-ADVANCED-02; NH-FUNCTION-OPERATIONS-D3-DATA-CHART-JUDGMENT-ADVANCED-03; NH-FUNCTION-OPERATIONS-D3-DATA-CHART-JUDGMENT-ADVANCED-04; NH-EXECUTIVE-BOARD-D3-DATA-CHART-JUDGMENT-ADVANCED-03; NH-EXECUTIVE-BOARD-D3-DATA-CHART-JUDGMENT-ADVANCED-04","Source excerpts with document IDs, versions, dates and scope needed for the question. Present all excerpts neutrally.","Source excerpts with document IDs, versions, dates and scope needed for the question. Present all excerpts neutrally. Use only facts supported by the scenario. Label any proposed fictional additions for review. Do not add highlighted errors, warning verdicts, invented risks or corrective answers. Define labels and scores. Avoid repeating the scenario. Preserve equivalent English and Thai evidence and record unverified release checks."
"source-comparison-pack","Source comparison / version evidence","D4","Data protection and privacy","proficient","high","8","NH-CORE-GENERAL-D4-DATA-PRIVACY-PROFICIENT-02; NH-CORE-GENERAL-D4-DATA-PRIVACY-PROFICIENT-05; NH-FUNCTION-PEOPLE-D4-DATA-PRIVACY-PROFICIENT-03; NH-FUNCTION-SALES-D4-DATA-PRIVACY-PROFICIENT-01; NH-FUNCTION-SALES-D4-DATA-PRIVACY-PROFICIENT-02; NH-FUNCTION-SALES-D4-DATA-PRIVACY-PROFICIENT-03; NH-FUNCTION-SALES-D4-DATA-PRIVACY-PROFICIENT-04; NH-FUNCTION-CUSTOMERSERVICE-D4-DATA-PRIVACY-PROFICIENT-04","Source excerpts with document IDs, versions, dates and scope needed for the question. Present all excerpts neutrally.","Source excerpts with document IDs, versions, dates and scope needed for the question. Present all excerpts neutrally. Use only facts supported by the scenario. Label any proposed fictional additions for review. Do not add highlighted errors, warning verdicts, invented risks or corrective answers. Define labels and scores. Avoid repeating the scenario. Preserve equivalent English and Thai evidence and record unverified release checks."
"source-comparison-pack","Source comparison / version evidence","D6","Change enablement","advanced","high","8","NH-CORE-GENERAL-D6-CHANGE-ENABLEMENT-ADVANCED-02; NH-CORE-GENERAL-D6-CHANGE-ENABLEMENT-ADVANCED-05; NH-FUNCTION-PEOPLE-D6-CHANGE-ENABLEMENT-ADVANCED-03; NH-FUNCTION-OPERATIONS-D6-CHANGE-ENABLEMENT-ADVANCED-01; NH-FUNCTION-OPERATIONS-D6-CHANGE-ENABLEMENT-ADVANCED-02; NH-FUNCTION-OPERATIONS-D6-CHANGE-ENABLEMENT-ADVANCED-03; NH-FUNCTION-OPERATIONS-D6-CHANGE-ENABLEMENT-ADVANCED-04; NH-EXECUTIVE-CEO-D6-CHANGE-ENABLEMENT-ADVANCED-01","Source excerpts with document IDs, versions, dates and scope needed for the question. Present all excerpts neutrally.","Source excerpts with document IDs, versions, dates and scope needed for the question. Present all excerpts neutrally. Use only facts supported by the scenario. Label any proposed fictional additions for review. Do not add highlighted errors, warning verdicts, invented risks or corrective answers. Define labels and scores. Avoid repeating the scenario. Preserve equivalent English and Thai evidence and record unverified release checks."
"workflow-trace","Workflow / agent trace","D3","Source and claim verification","awareness","high","8","NH-CORE-GENERAL-D3-SOURCE-VERIFICATION-AWARENESS-06; NH-FUNCTION-GENERAL-D3-SOURCE-VERIFICATION-AWARENESS-01; NH-FUNCTION-TECHNICAL-D3-SOURCE-VERIFICATION-AWARENESS-01; NH-FUNCTION-TECHNICAL-D3-SOURCE-VERIFICATION-AWARENESS-03; NH-FUNCTION-TECHNICAL-D3-SOURCE-VERIFICATION-AWARENESS-04; NH-EXECUTIVE-TECHNOLOGY-D3-SOURCE-VERIFICATION-AWARENESS-01; NH-EXECUTIVE-TECHNOLOGY-D3-SOURCE-VERIFICATION-AWARENESS-02; NH-EXECUTIVE-TECHNOLOGY-D3-SOURCE-VERIFICATION-AWARENESS-03","A workflow record showing the relevant actions, permissions, approvals and outcomes without marking the correct diagnosis.","A workflow record showing the relevant actions, permissions, approvals and outcomes without marking the correct diagnosis. Use only facts supported by the scenario. Label any proposed fictional additions for review. Do not add highlighted errors, warning verdicts, invented risks or corrective answers. Define labels and scores. Avoid repeating the scenario. Preserve equivalent English and Thai evidence and record unverified release checks."
"workflow-trace","Workflow / agent trace","D5","Strategy and transformation","awareness","high","8","NH-CORE-GENERAL-D5-TRANSFORMATION-STRATEGY-AWARENESS-06; NH-EXECUTIVE-CEO-D5-TRANSFORMATION-STRATEGY-AWARENESS-02; NH-EXECUTIVE-FINANCE-D5-TRANSFORMATION-STRATEGY-AWARENESS-01; NH-EXECUTIVE-TECHNOLOGY-D5-TRANSFORMATION-STRATEGY-AWARENESS-01; NH-EXECUTIVE-TECHNOLOGY-D5-TRANSFORMATION-STRATEGY-AWARENESS-02; NH-EXECUTIVE-TECHNOLOGY-D5-TRANSFORMATION-STRATEGY-AWARENESS-03; NH-EXECUTIVE-TECHNOLOGY-D5-TRANSFORMATION-STRATEGY-AWARENESS-04; NH-EXECUTIVE-TRANSFORMATION-D5-TRANSFORMATION-STRATEGY-AWARENESS-04","A workflow record showing the relevant actions, permissions, approvals and outcomes without marking the correct diagnosis.","A workflow record showing the relevant actions, permissions, approvals and outcomes without marking the correct diagnosis. Use only facts supported by the scenario. Label any proposed fictional additions for review. Do not add highlighted errors, warning verdicts, invented risks or corrective answers. Define labels and scores. Avoid repeating the scenario. Preserve equivalent English and Thai evidence and record unverified release checks."
"communication-thread","Email / chat / ticket thread","D6","Trust and challenge culture","proficient","high","7","NH-CORE-GENERAL-D6-TRUST-CULTURE-PROFICIENT-04; NH-FUNCTION-PEOPLE-D6-TRUST-CULTURE-PROFICIENT-01; NH-FUNCTION-PEOPLE-D6-TRUST-CULTURE-PROFICIENT-02; NH-FUNCTION-PEOPLE-D6-TRUST-CULTURE-PROFICIENT-04; NH-INDUSTRY-PUBLIC-D6-TRUST-CULTURE-PROFICIENT-01; NH-INDUSTRY-PUBLIC-D6-TRUST-CULTURE-PROFICIENT-02; NH-INDUSTRY-PUBLIC-D6-TRUST-CULTURE-PROFICIENT-03","A realistic message or ticket containing only the communication evidence needed for this question, with clear speakers and sequence.","A realistic message or ticket containing only the communication evidence needed for this question, with clear speakers and sequence. Use only facts supported by the scenario. Label any proposed fictional additions for review. Do not add highlighted errors, warning verdicts, invented risks or corrective answers. Define labels and scores. Avoid repeating the scenario. Preserve equivalent English and Thai evidence and record unverified release checks."
"communication-thread","Email / chat / ticket thread","D4","Fairness, ethics, and rights","applied","high","7","NH-FUNCTION-PEOPLE-D4-FAIRNESS-ETHICS-APPLIED-02; NH-FUNCTION-PEOPLE-D4-FAIRNESS-ETHICS-APPLIED-04; NH-INDUSTRY-HEALTHCARE-D4-FAIRNESS-ETHICS-APPLIED-01; NH-INDUSTRY-HEALTHCARE-D4-FAIRNESS-ETHICS-APPLIED-02; NH-INDUSTRY-HEALTHCARE-D4-FAIRNESS-ETHICS-APPLIED-03; NH-INDUSTRY-PUBLIC-D4-FAIRNESS-ETHICS-APPLIED-02; NH-INDUSTRY-PUBLIC-D4-FAIRNESS-ETHICS-APPLIED-03","A realistic message or ticket containing only the communication evidence needed for this question, with clear speakers and sequence.","A realistic message or ticket containing only the communication evidence needed for this question, with clear speakers and sequence. Use only facts supported by the scenario. Label any proposed fictional additions for review. Do not add highlighted errors, warning verdicts, invented risks or corrective answers. Define labels and scores. Avoid repeating the scenario. Preserve equivalent English and Thai evidence and record unverified release checks."
"data-chart-dashboard","Dashboard / chart / calculation evidence","D5","Strategy and transformation","proficient","high","7","NH-CORE-GENERAL-D5-TRANSFORMATION-STRATEGY-PROFICIENT-01; NH-EXECUTIVE-CEO-D5-TRANSFORMATION-STRATEGY-PROFICIENT-02; NH-EXECUTIVE-CEO-D5-TRANSFORMATION-STRATEGY-PROFICIENT-04; NH-EXECUTIVE-BOARD-D5-TRANSFORMATION-STRATEGY-PROFICIENT-01; NH-EXECUTIVE-FINANCE-D5-TRANSFORMATION-STRATEGY-PROFICIENT-02; NH-EXECUTIVE-FINANCE-D5-TRANSFORMATION-STRATEGY-PROFICIENT-04; NH-EXECUTIVE-TRANSFORMATION-D5-TRANSFORMATION-STRATEGY-PROFICIENT-03","A clearly labeled table or chart with the task outcome, units, comparison basis and relevant sample or scope. Check all calculations.","A clearly labeled table or chart with the task outcome, units, comparison basis and relevant sample or scope. Check all calculations. Use only facts supported by the scenario. Label any proposed fictional additions for review. Do not add highlighted errors, warning verdicts, invented risks or corrective answers. Define labels and scores. Avoid repeating the scenario. Preserve equivalent English and Thai evidence and record unverified release checks."
"data-chart-dashboard","Dashboard / chart / calculation evidence","D1","AI systems literacy","applied","high","7","NH-FUNCTION-FINANCE-D1-AI-SYSTEMS-APPLIED-03; NH-EXECUTIVE-CEO-D1-AI-SYSTEMS-APPLIED-03; NH-EXECUTIVE-CEO-D1-AI-SYSTEMS-APPLIED-04; NH-EXECUTIVE-FINANCE-D1-AI-SYSTEMS-APPLIED-02; NH-EXECUTIVE-FINANCE-D1-AI-SYSTEMS-APPLIED-03; NH-EXECUTIVE-TRANSFORMATION-D1-AI-SYSTEMS-APPLIED-02; NH-EXECUTIVE-TRANSFORMATION-D1-AI-SYSTEMS-APPLIED-03","A clearly labeled table or chart with the task outcome, units, comparison basis and relevant sample or scope. Check all calculations.","A clearly labeled table or chart with the task outcome, units, comparison basis and relevant sample or scope. Check all calculations. Use only facts supported by the scenario. Label any proposed fictional additions for review. Do not add highlighted errors, warning verdicts, invented risks or corrective answers. Define labels and scores. Avoid repeating the scenario. Preserve equivalent English and Thai evidence and record unverified release checks."
"data-chart-dashboard","Dashboard / chart / calculation evidence","D6","Human-AI role clarity","proficient","high","7","NH-FUNCTION-FINANCE-D6-ROLE-CLARITY-PROFICIENT-03; NH-EXECUTIVE-PEOPLE-D6-ROLE-CLARITY-PROFICIENT-02; NH-EXECUTIVE-PEOPLE-D6-ROLE-CLARITY-PROFICIENT-03; NH-EXECUTIVE-PEOPLE-D6-ROLE-CLARITY-PROFICIENT-04; NH-EXECUTIVE-FINANCE-D6-ROLE-CLARITY-PROFICIENT-01; NH-EXECUTIVE-FINANCE-D6-ROLE-CLARITY-PROFICIENT-03; NH-EXECUTIVE-FINANCE-D6-ROLE-CLARITY-PROFICIENT-04","A clearly labeled table or chart with the task outcome, units, comparison basis and relevant sample or scope. Check all calculations.","A clearly labeled table or chart with the task outcome, units, comparison basis and relevant sample or scope. Check all calculations. Use only facts supported by the scenario. Label any proposed fictional additions for review. Do not add highlighted errors, warning verdicts, invented risks or corrective answers. Define labels and scores. Avoid repeating the scenario. Preserve equivalent English and Thai evidence and record unverified release checks."
"data-chart-dashboard","Dashboard / chart / calculation evidence","D6","Human-AI role clarity","advanced","high","7","NH-FUNCTION-FINANCE-D6-ROLE-CLARITY-ADVANCED-03; NH-EXECUTIVE-PEOPLE-D6-ROLE-CLARITY-ADVANCED-02; NH-EXECUTIVE-PEOPLE-D6-ROLE-CLARITY-ADVANCED-03; NH-EXECUTIVE-PEOPLE-D6-ROLE-CLARITY-ADVANCED-04; NH-EXECUTIVE-FINANCE-D6-ROLE-CLARITY-ADVANCED-01; NH-EXECUTIVE-FINANCE-D6-ROLE-CLARITY-ADVANCED-02; NH-EXECUTIVE-FINANCE-D6-ROLE-CLARITY-ADVANCED-03","A clearly labeled table or chart with the task outcome, units, comparison basis and relevant sample or scope. Check all calculations.","A clearly labeled table or chart with the task outcome, units, comparison basis and relevant sample or scope. Check all calculations. Use only facts supported by the scenario. Label any proposed fictional additions for review. Do not add highlighted errors, warning verdicts, invented risks or corrective answers. Define labels and scores. Avoid repeating the scenario. Preserve equivalent English and Thai evidence and record unverified release checks."
"data-chart-dashboard","Dashboard / chart / calculation evidence","D5","Strategy and transformation","applied","high","7","NH-EXECUTIVE-CEO-D5-TRANSFORMATION-STRATEGY-APPLIED-03; NH-EXECUTIVE-CEO-D5-TRANSFORMATION-STRATEGY-APPLIED-04; NH-EXECUTIVE-FINANCE-D5-TRANSFORMATION-STRATEGY-APPLIED-01; NH-EXECUTIVE-FINANCE-D5-TRANSFORMATION-STRATEGY-APPLIED-02; NH-EXECUTIVE-FINANCE-D5-TRANSFORMATION-STRATEGY-APPLIED-04; NH-EXECUTIVE-TRANSFORMATION-D5-TRANSFORMATION-STRATEGY-APPLIED-03; NH-EXECUTIVE-TRANSFORMATION-D5-TRANSFORMATION-STRATEGY-APPLIED-04","A clearly labeled table or chart with the task outcome, units, comparison basis and relevant sample or scope. Check all calculations.","A clearly labeled table or chart with the task outcome, units, comparison basis and relevant sample or scope. Check all calculations. Use only facts supported by the scenario. Label any proposed fictional additions for review. Do not add highlighted errors, warning verdicts, invented risks or corrective answers. Define labels and scores. Avoid repeating the scenario. Preserve equivalent English and Thai evidence and record unverified release checks."
"data-chart-dashboard","Dashboard / chart / calculation evidence","D6","Trust and challenge culture","proficient","high","7","NH-EXECUTIVE-CEO-D6-TRUST-CULTURE-PROFICIENT-02; NH-EXECUTIVE-CEO-D6-TRUST-CULTURE-PROFICIENT-03; NH-EXECUTIVE-CEO-D6-TRUST-CULTURE-PROFICIENT-04; NH-EXECUTIVE-PEOPLE-D6-TRUST-CULTURE-PROFICIENT-01; NH-EXECUTIVE-PEOPLE-D6-TRUST-CULTURE-PROFICIENT-02; NH-EXECUTIVE-PEOPLE-D6-TRUST-CULTURE-PROFICIENT-03; NH-EXECUTIVE-PEOPLE-D6-TRUST-CULTURE-PROFICIENT-04","A clearly labeled table or chart with the task outcome, units, comparison basis and relevant sample or scope. Check all calculations.","A clearly labeled table or chart with the task outcome, units, comparison basis and relevant sample or scope. Check all calculations. Use only facts supported by the scenario. Label any proposed fictional additions for review. Do not add highlighted errors, warning verdicts, invented risks or corrective answers. Define labels and scores. Avoid repeating the scenario. Preserve equivalent English and Thai evidence and record unverified release checks."
"media-asset-review","Media / asset provenance evidence","D5","Use-case evaluation","applied","high","7","NH-FUNCTION-MARKETING-D5-USECASE-FIT-APPLIED-01; NH-FUNCTION-MARKETING-D5-USECASE-FIT-APPLIED-03; NH-FUNCTION-MARKETING-D5-USECASE-FIT-APPLIED-04; NH-INDUSTRY-RETAIL-D5-USECASE-FIT-APPLIED-02; NH-INDUSTRY-RETAIL-D5-USECASE-FIT-APPLIED-03; NH-INDUSTRY-RETAIL-D5-USECASE-FIT-APPLIED-04; NH-EXECUTIVE-TRANSFORMATION-D5-USECASE-FIT-APPLIED-01","A task brief, proposed media and relevant source or permission records. Show the objective and intended use clearly.","A task brief, proposed media and relevant source or permission records. Show the objective and intended use clearly. Use only facts supported by the scenario. Label any proposed fictional additions for review. Do not add highlighted errors, warning verdicts, invented risks or corrective answers. Define labels and scores. Avoid repeating the scenario. Preserve equivalent English and Thai evidence and record unverified release checks."
"media-asset-review","Media / asset provenance evidence","D5","ROI and measurement","proficient","high","7","NH-FUNCTION-MARKETING-D5-ROI-METRICS-PROFICIENT-01; NH-FUNCTION-MARKETING-D5-ROI-METRICS-PROFICIENT-02; NH-FUNCTION-MARKETING-D5-ROI-METRICS-PROFICIENT-03; NH-INDUSTRY-RETAIL-D5-ROI-METRICS-PROFICIENT-02; NH-INDUSTRY-RETAIL-D5-ROI-METRICS-PROFICIENT-03; NH-INDUSTRY-RETAIL-D5-ROI-METRICS-PROFICIENT-04; NH-EXECUTIVE-TRANSFORMATION-D5-ROI-METRICS-PROFICIENT-01","A task brief, proposed media and relevant source or permission records. Show the objective and intended use clearly.","A task brief, proposed media and relevant source or permission records. Show the objective and intended use clearly. Use only facts supported by the scenario. Label any proposed fictional additions for review. Do not add highlighted errors, warning verdicts, invented risks or corrective answers. Define labels and scores. Avoid repeating the scenario. Preserve equivalent English and Thai evidence and record unverified release checks."
"source-comparison-pack","Source comparison / version evidence","D1","AI systems literacy","awareness","high","7","NH-CORE-GENERAL-D1-AI-SYSTEMS-AWARENESS-02; NH-CORE-GENERAL-D1-AI-SYSTEMS-AWARENESS-05; NH-FUNCTION-OPERATIONS-D1-AI-SYSTEMS-AWARENESS-01; NH-FUNCTION-OPERATIONS-D1-AI-SYSTEMS-AWARENESS-02; NH-FUNCTION-OPERATIONS-D1-AI-SYSTEMS-AWARENESS-03; NH-FUNCTION-OPERATIONS-D1-AI-SYSTEMS-AWARENESS-04; NH-EXECUTIVE-CEO-D1-AI-SYSTEMS-AWARENESS-01","Source excerpts with document IDs, versions, dates and scope needed for the question. Present all excerpts neutrally.","Source excerpts with document IDs, versions, dates and scope needed for the question. Present all excerpts neutrally. Use only facts supported by the scenario. Label any proposed fictional additions for review. Do not add highlighted errors, warning verdicts, invented risks or corrective answers. Define labels and scores. Avoid repeating the scenario. Preserve equivalent English and Thai evidence and record unverified release checks."
"source-comparison-pack","Source comparison / version evidence","D1","AI systems literacy","applied","high","7","NH-CORE-GENERAL-D1-AI-SYSTEMS-APPLIED-02; NH-CORE-GENERAL-D1-AI-SYSTEMS-APPLIED-05; NH-FUNCTION-OPERATIONS-D1-AI-SYSTEMS-APPLIED-01; NH-FUNCTION-OPERATIONS-D1-AI-SYSTEMS-APPLIED-02; NH-FUNCTION-OPERATIONS-D1-AI-SYSTEMS-APPLIED-03; NH-FUNCTION-OPERATIONS-D1-AI-SYSTEMS-APPLIED-04; NH-EXECUTIVE-CEO-D1-AI-SYSTEMS-APPLIED-01","Source excerpts with document IDs, versions, dates and scope needed for the question. Present all excerpts neutrally.","Source excerpts with document IDs, versions, dates and scope needed for the question. Present all excerpts neutrally. Use only facts supported by the scenario. Label any proposed fictional additions for review. Do not add highlighted errors, warning verdicts, invented risks or corrective answers. Define labels and scores. Avoid repeating the scenario. Preserve equivalent English and Thai evidence and record unverified release checks."
"source-comparison-pack","Source comparison / version evidence","D1","AI systems literacy","proficient","high","7","NH-CORE-GENERAL-D1-AI-SYSTEMS-PROFICIENT-02; NH-CORE-GENERAL-D1-AI-SYSTEMS-PROFICIENT-05; NH-FUNCTION-OPERATIONS-D1-AI-SYSTEMS-PROFICIENT-01; NH-FUNCTION-OPERATIONS-D1-AI-SYSTEMS-PROFICIENT-02; NH-FUNCTION-OPERATIONS-D1-AI-SYSTEMS-PROFICIENT-03; NH-FUNCTION-OPERATIONS-D1-AI-SYSTEMS-PROFICIENT-04; NH-EXECUTIVE-CEO-D1-AI-SYSTEMS-PROFICIENT-01","Source excerpts with document IDs, versions, dates and scope needed for the question. Present all excerpts neutrally.","Source excerpts with document IDs, versions, dates and scope needed for the question. Present all excerpts neutrally. Use only facts supported by the scenario. Label any proposed fictional additions for review. Do not add highlighted errors, warning verdicts, invented risks or corrective answers. Define labels and scores. Avoid repeating the scenario. Preserve equivalent English and Thai evidence and record unverified release checks."
"source-comparison-pack","Source comparison / version evidence","D1","AI systems literacy","advanced","high","7","NH-CORE-GENERAL-D1-AI-SYSTEMS-ADVANCED-02; NH-CORE-GENERAL-D1-AI-SYSTEMS-ADVANCED-05; NH-FUNCTION-OPERATIONS-D1-AI-SYSTEMS-ADVANCED-01; NH-FUNCTION-OPERATIONS-D1-AI-SYSTEMS-ADVANCED-02; NH-FUNCTION-OPERATIONS-D1-AI-SYSTEMS-ADVANCED-03; NH-FUNCTION-OPERATIONS-D1-AI-SYSTEMS-ADVANCED-04; NH-EXECUTIVE-CEO-D1-AI-SYSTEMS-ADVANCED-01","Source excerpts with document IDs, versions, dates and scope needed for the question. Present all excerpts neutrally.","Source excerpts with document IDs, versions, dates and scope needed for the question. Present all excerpts neutrally. Use only facts supported by the scenario. Label any proposed fictional additions for review. Do not add highlighted errors, warning verdicts, invented risks or corrective answers. Define labels and scores. Avoid repeating the scenario. Preserve equivalent English and Thai evidence and record unverified release checks."
"source-comparison-pack","Source comparison / version evidence","D3","Media provenance","proficient","high","7","NH-CORE-GENERAL-D3-MEDIA-PROVENANCE-PROFICIENT-02; NH-CORE-GENERAL-D3-MEDIA-PROVENANCE-PROFICIENT-03; NH-CORE-GENERAL-D3-MEDIA-PROVENANCE-PROFICIENT-05; NH-CORE-GENERAL-D3-MEDIA-PROVENANCE-PROFICIENT-07; NH-FUNCTION-MARKETING-D3-MEDIA-PROVENANCE-PROFICIENT-03; NH-INDUSTRY-RETAIL-D3-MEDIA-PROVENANCE-PROFICIENT-01; NH-INDUSTRY-RETAIL-D3-MEDIA-PROVENANCE-PROFICIENT-04","Source excerpts with document IDs, versions, dates and scope needed for the question. Present all excerpts neutrally.","Source excerpts with document IDs, versions, dates and scope needed for the question. Present all excerpts neutrally. Use only facts supported by the scenario. Label any proposed fictional additions for review. Do not add highlighted errors, warning verdicts, invented risks or corrective answers. Define labels and scores. Avoid repeating the scenario. Preserve equivalent English and Thai evidence and record unverified release checks."
"source-comparison-pack","Source comparison / version evidence","D4","Data protection and privacy","awareness","high","7","NH-CORE-GENERAL-D4-DATA-PRIVACY-AWARENESS-02; NH-CORE-GENERAL-D4-DATA-PRIVACY-AWARENESS-05; NH-FUNCTION-PEOPLE-D4-DATA-PRIVACY-AWARENESS-03; NH-FUNCTION-SALES-D4-DATA-PRIVACY-AWARENESS-01; NH-FUNCTION-SALES-D4-DATA-PRIVACY-AWARENESS-02; NH-FUNCTION-SALES-D4-DATA-PRIVACY-AWARENESS-03; NH-FUNCTION-SALES-D4-DATA-PRIVACY-AWARENESS-04","Source excerpts with document IDs, versions, dates and scope needed for the question. Present all excerpts neutrally.","Source excerpts with document IDs, versions, dates and scope needed for the question. Present all excerpts neutrally. Use only facts supported by the scenario. Label any proposed fictional additions for review. Do not add highlighted errors, warning verdicts, invented risks or corrective answers. Define labels and scores. Avoid repeating the scenario. Preserve equivalent English and Thai evidence and record unverified release checks."
"workflow-trace","Workflow / agent trace","D1","Generative AI mechanics","advanced","high","7","NH-CORE-GENERAL-D1-GENAI-MECHANICS-ADVANCED-06; NH-FUNCTION-TECHNICAL-D1-GENAI-MECHANICS-ADVANCED-01; NH-FUNCTION-TECHNICAL-D1-GENAI-MECHANICS-ADVANCED-02; NH-FUNCTION-TECHNICAL-D1-GENAI-MECHANICS-ADVANCED-04; NH-EXECUTIVE-TECHNOLOGY-D1-GENAI-MECHANICS-ADVANCED-01; NH-EXECUTIVE-TECHNOLOGY-D1-GENAI-MECHANICS-ADVANCED-02; NH-EXECUTIVE-TECHNOLOGY-D1-GENAI-MECHANICS-ADVANCED-04","A workflow record showing the relevant actions, permissions, approvals and outcomes without marking the correct diagnosis.","A workflow record showing the relevant actions, permissions, approvals and outcomes without marking the correct diagnosis. Use only facts supported by the scenario. Label any proposed fictional additions for review. Do not add highlighted errors, warning verdicts, invented risks or corrective answers. Define labels and scores. Avoid repeating the scenario. Preserve equivalent English and Thai evidence and record unverified release checks."
"workflow-trace","Workflow / agent trace","D2","Tool selection and integration","advanced","high","7","NH-CORE-GENERAL-D2-TOOL-SELECTION-ADVANCED-01; NH-FUNCTION-GENERAL-D2-TOOL-SELECTION-ADVANCED-02; NH-FUNCTION-FINANCE-D2-TOOL-SELECTION-ADVANCED-01; NH-FUNCTION-TECHNICAL-D2-TOOL-SELECTION-ADVANCED-01; NH-FUNCTION-TECHNICAL-D2-TOOL-SELECTION-ADVANCED-03; NH-EXECUTIVE-TECHNOLOGY-D2-TOOL-SELECTION-ADVANCED-01; NH-EXECUTIVE-TECHNOLOGY-D2-TOOL-SELECTION-ADVANCED-03","A workflow record showing the relevant actions, permissions, approvals and outcomes without marking the correct diagnosis.","A workflow record showing the relevant actions, permissions, approvals and outcomes without marking the correct diagnosis. Use only facts supported by the scenario. Label any proposed fictional additions for review. Do not add highlighted errors, warning verdicts, invented risks or corrective answers. Define labels and scores. Avoid repeating the scenario. Preserve equivalent English and Thai evidence and record unverified release checks."
"workflow-trace","Workflow / agent trace","D6","Human-AI role clarity","applied","medium","7","NH-CORE-GENERAL-D6-ROLE-CLARITY-APPLIED-03; NH-CORE-GENERAL-D6-ROLE-CLARITY-APPLIED-07; NH-FUNCTION-PEOPLE-D6-ROLE-CLARITY-APPLIED-01; NH-FUNCTION-FINANCE-D6-ROLE-CLARITY-APPLIED-03; NH-INDUSTRY-HEALTHCARE-D6-ROLE-CLARITY-APPLIED-03; NH-EXECUTIVE-PEOPLE-D6-ROLE-CLARITY-APPLIED-01; NH-EXECUTIVE-FINANCE-D6-ROLE-CLARITY-APPLIED-02","A workflow record showing the relevant actions, permissions, approvals and outcomes without marking the correct diagnosis.","A workflow record showing the relevant actions, permissions, approvals and outcomes without marking the correct diagnosis. Use only facts supported by the scenario. Label any proposed fictional additions for review. Do not add highlighted errors, warning verdicts, invented risks or corrective answers. Define labels and scores. Avoid repeating the scenario. Preserve equivalent English and Thai evidence and record unverified release checks."
"workflow-trace","Workflow / agent trace","D3","Source and claim verification","proficient","high","7","NH-FUNCTION-GENERAL-D3-SOURCE-VERIFICATION-PROFICIENT-01; NH-FUNCTION-TECHNICAL-D3-SOURCE-VERIFICATION-PROFICIENT-02; NH-FUNCTION-TECHNICAL-D3-SOURCE-VERIFICATION-PROFICIENT-03; NH-FUNCTION-TECHNICAL-D3-SOURCE-VERIFICATION-PROFICIENT-04; NH-EXECUTIVE-TECHNOLOGY-D3-SOURCE-VERIFICATION-PROFICIENT-01; NH-EXECUTIVE-TECHNOLOGY-D3-SOURCE-VERIFICATION-PROFICIENT-02; NH-EXECUTIVE-TECHNOLOGY-D3-SOURCE-VERIFICATION-PROFICIENT-04","A workflow record showing the relevant actions, permissions, approvals and outcomes without marking the correct diagnosis.","A workflow record showing the relevant actions, permissions, approvals and outcomes without marking the correct diagnosis. Use only facts supported by the scenario. Label any proposed fictional additions for review. Do not add highlighted errors, warning verdicts, invented risks or corrective answers. Define labels and scores. Avoid repeating the scenario. Preserve equivalent English and Thai evidence and record unverified release checks."
"communication-thread","Email / chat / ticket thread","D4","Data protection and privacy","proficient","high","6","NH-CORE-GENERAL-D4-DATA-PRIVACY-PROFICIENT-04; NH-FUNCTION-PEOPLE-D4-DATA-PRIVACY-PROFICIENT-02; NH-FUNCTION-PEOPLE-D4-DATA-PRIVACY-PROFICIENT-04; NH-INDUSTRY-HEALTHCARE-D4-DATA-PRIVACY-PROFICIENT-01; NH-INDUSTRY-HEALTHCARE-D4-DATA-PRIVACY-PROFICIENT-02; NH-INDUSTRY-HEALTHCARE-D4-DATA-PRIVACY-PROFICIENT-03","A realistic message or ticket containing only the communication evidence needed for this question, with clear speakers and sequence.","A realistic message or ticket containing only the communication evidence needed for this question, with clear speakers and sequence. Use only facts supported by the scenario. Label any proposed fictional additions for review. Do not add highlighted errors, warning verdicts, invented risks or corrective answers. Define labels and scores. Avoid repeating the scenario. Preserve equivalent English and Thai evidence and record unverified release checks."
"communication-thread","Email / chat / ticket thread","D6","Human-AI role clarity","proficient","high","6","NH-CORE-GENERAL-D6-ROLE-CLARITY-PROFICIENT-04; NH-FUNCTION-PEOPLE-D6-ROLE-CLARITY-PROFICIENT-02; NH-FUNCTION-PEOPLE-D6-ROLE-CLARITY-PROFICIENT-04; NH-INDUSTRY-HEALTHCARE-D6-ROLE-CLARITY-PROFICIENT-01; NH-INDUSTRY-HEALTHCARE-D6-ROLE-CLARITY-PROFICIENT-02; NH-INDUSTRY-HEALTHCARE-D6-ROLE-CLARITY-PROFICIENT-03","A realistic message or ticket containing only the communication evidence needed for this question, with clear speakers and sequence.","A realistic message or ticket containing only the communication evidence needed for this question, with clear speakers and sequence. Use only facts supported by the scenario. Label any proposed fictional additions for review. Do not add highlighted errors, warning verdicts, invented risks or corrective answers. Define labels and scores. Avoid repeating the scenario. Preserve equivalent English and Thai evidence and record unverified release checks."
"data-chart-dashboard","Dashboard / chart / calculation evidence","D6","Trust and challenge culture","applied","high","6","NH-EXECUTIVE-CEO-D6-TRUST-CULTURE-APPLIED-02; NH-EXECUTIVE-CEO-D6-TRUST-CULTURE-APPLIED-03; NH-EXECUTIVE-CEO-D6-TRUST-CULTURE-APPLIED-04; NH-EXECUTIVE-PEOPLE-D6-TRUST-CULTURE-APPLIED-01; NH-EXECUTIVE-PEOPLE-D6-TRUST-CULTURE-APPLIED-03; NH-EXECUTIVE-PEOPLE-D6-TRUST-CULTURE-APPLIED-04","A clearly labeled table or chart with the task outcome, units, comparison basis and relevant sample or scope. Check all calculations.","A clearly labeled table or chart with the task outcome, units, comparison basis and relevant sample or scope. Check all calculations. Use only facts supported by the scenario. Label any proposed fictional additions for review. Do not add highlighted errors, warning verdicts, invented risks or corrective answers. Define labels and scores. Avoid repeating the scenario. Preserve equivalent English and Thai evidence and record unverified release checks."
"data-chart-dashboard","Dashboard / chart / calculation evidence","D6","Trust and challenge culture","advanced","high","6","NH-EXECUTIVE-CEO-D6-TRUST-CULTURE-ADVANCED-02; NH-EXECUTIVE-CEO-D6-TRUST-CULTURE-ADVANCED-03; NH-EXECUTIVE-CEO-D6-TRUST-CULTURE-ADVANCED-04; NH-EXECUTIVE-PEOPLE-D6-TRUST-CULTURE-ADVANCED-02; NH-EXECUTIVE-PEOPLE-D6-TRUST-CULTURE-ADVANCED-03; NH-EXECUTIVE-PEOPLE-D6-TRUST-CULTURE-ADVANCED-04","A clearly labeled table or chart with the task outcome, units, comparison basis and relevant sample or scope. Check all calculations.","A clearly labeled table or chart with the task outcome, units, comparison basis and relevant sample or scope. Check all calculations. Use only facts supported by the scenario. Label any proposed fictional additions for review. Do not add highlighted errors, warning verdicts, invented risks or corrective answers. Define labels and scores. Avoid repeating the scenario. Preserve equivalent English and Thai evidence and record unverified release checks."
"data-chart-dashboard","Dashboard / chart / calculation evidence","D4","Regulatory and policy fluency","advanced","high","6","NH-EXECUTIVE-PEOPLE-D4-REGULATORY-POLICY-ADVANCED-02; NH-EXECUTIVE-PEOPLE-D4-REGULATORY-POLICY-ADVANCED-03; NH-EXECUTIVE-PEOPLE-D4-REGULATORY-POLICY-ADVANCED-04; NH-EXECUTIVE-FINANCE-D4-REGULATORY-POLICY-ADVANCED-02; NH-EXECUTIVE-FINANCE-D4-REGULATORY-POLICY-ADVANCED-03; NH-EXECUTIVE-FINANCE-D4-REGULATORY-POLICY-ADVANCED-04","A clearly labeled table or chart with the task outcome, units, comparison basis and relevant sample or scope. Check all calculations.","A clearly labeled table or chart with the task outcome, units, comparison basis and relevant sample or scope. Check all calculations. Use only facts supported by the scenario. Label any proposed fictional additions for review. Do not add highlighted errors, warning verdicts, invented risks or corrective answers. Define labels and scores. Avoid repeating the scenario. Preserve equivalent English and Thai evidence and record unverified release checks."
"media-asset-review","Media / asset provenance evidence","D3","Media provenance","advanced","high","6","NH-CORE-GENERAL-D3-MEDIA-PROVENANCE-ADVANCED-01; NH-FUNCTION-MARKETING-D3-MEDIA-PROVENANCE-ADVANCED-02; NH-FUNCTION-MARKETING-D3-MEDIA-PROVENANCE-ADVANCED-03; NH-FUNCTION-MARKETING-D3-MEDIA-PROVENANCE-ADVANCED-04; NH-INDUSTRY-RETAIL-D3-MEDIA-PROVENANCE-ADVANCED-02; NH-INDUSTRY-RETAIL-D3-MEDIA-PROVENANCE-ADVANCED-03","A task brief, proposed media and relevant source or permission records. Show the objective and intended use clearly.","A task brief, proposed media and relevant source or permission records. Show the objective and intended use clearly. Use only facts supported by the scenario. Label any proposed fictional additions for review. Do not add highlighted errors, warning verdicts, invented risks or corrective answers. Define labels and scores. Avoid repeating the scenario. Preserve equivalent English and Thai evidence and record unverified release checks."
"media-asset-review","Media / asset provenance evidence","D5","Use-case evaluation","proficient","high","6","NH-FUNCTION-MARKETING-D5-USECASE-FIT-PROFICIENT-02; NH-FUNCTION-MARKETING-D5-USECASE-FIT-PROFICIENT-03; NH-FUNCTION-MARKETING-D5-USECASE-FIT-PROFICIENT-04; NH-INDUSTRY-RETAIL-D5-USECASE-FIT-PROFICIENT-02; NH-INDUSTRY-RETAIL-D5-USECASE-FIT-PROFICIENT-04; NH-EXECUTIVE-TRANSFORMATION-D5-USECASE-FIT-PROFICIENT-01","A task brief, proposed media and relevant source or permission records. Show the objective and intended use clearly.","A task brief, proposed media and relevant source or permission records. Show the objective and intended use clearly. Use only facts supported by the scenario. Label any proposed fictional additions for review. Do not add highlighted errors, warning verdicts, invented risks or corrective answers. Define labels and scores. Avoid repeating the scenario. Preserve equivalent English and Thai evidence and record unverified release checks."
"security-audit-log","Security / access / audit evidence","D4","Data protection and privacy","proficient","high","6","NH-FUNCTION-GENERAL-D4-DATA-PRIVACY-PROFICIENT-03; NH-FUNCTION-GENERAL-D4-DATA-PRIVACY-PROFICIENT-04; NH-FUNCTION-PEOPLE-D4-DATA-PRIVACY-PROFICIENT-01; NH-INDUSTRY-EDUCATION-D4-DATA-PRIVACY-PROFICIENT-03; NH-INDUSTRY-HEALTHCARE-D4-DATA-PRIVACY-PROFICIENT-04; NH-EXECUTIVE-PEOPLE-D4-DATA-PRIVACY-PROFICIENT-03","A realistic access or audit record containing only the identities, scopes, actions and authorization evidence needed for the decision.","A realistic access or audit record containing only the identities, scopes, actions and authorization evidence needed for the decision. Use only facts supported by the scenario. Label any proposed fictional additions for review. Do not add highlighted errors, warning verdicts, invented risks or corrective answers. Define labels and scores. Avoid repeating the scenario. Preserve equivalent English and Thai evidence and record unverified release checks."
"security-audit-log","Security / access / audit evidence","D6","Human-AI role clarity","awareness","high","6","NH-FUNCTION-PEOPLE-D6-ROLE-CLARITY-AWARENESS-01; NH-FUNCTION-FINANCE-D6-ROLE-CLARITY-AWARENESS-02; NH-FUNCTION-FINANCE-D6-ROLE-CLARITY-AWARENESS-04; NH-INDUSTRY-HEALTHCARE-D6-ROLE-CLARITY-AWARENESS-03; NH-EXECUTIVE-PEOPLE-D6-ROLE-CLARITY-AWARENESS-02; NH-EXECUTIVE-FINANCE-D6-ROLE-CLARITY-AWARENESS-02","A realistic access or audit record containing only the identities, scopes, actions and authorization evidence needed for the decision.","A realistic access or audit record containing only the identities, scopes, actions and authorization evidence needed for the decision. Use only facts supported by the scenario. Label any proposed fictional additions for review. Do not add highlighted errors, warning verdicts, invented risks or corrective answers. Define labels and scores. Avoid repeating the scenario. Preserve equivalent English and Thai evidence and record unverified release checks."
"security-audit-log","Security / access / audit evidence","D3","Fraud and manipulation detection","proficient","high","6","NH-FUNCTION-FINANCE-D3-FRAUD-DETECTION-PROFICIENT-02; NH-FUNCTION-FINANCE-D3-FRAUD-DETECTION-PROFICIENT-04; NH-INDUSTRY-FINANCIAL-D3-FRAUD-DETECTION-PROFICIENT-01; NH-INDUSTRY-FINANCIAL-D3-FRAUD-DETECTION-PROFICIENT-03; NH-INDUSTRY-FINANCIAL-D3-FRAUD-DETECTION-PROFICIENT-04; NH-EXECUTIVE-FINANCE-D3-FRAUD-DETECTION-PROFICIENT-01","A realistic access or audit record containing only the identities, scopes, actions and authorization evidence needed for the decision.","A realistic access or audit record containing only the identities, scopes, actions and authorization evidence needed for the decision. Use only facts supported by the scenario. Label any proposed fictional additions for review. Do not add highlighted errors, warning verdicts, invented risks or corrective answers. Define labels and scores. Avoid repeating the scenario. Preserve equivalent English and Thai evidence and record unverified release checks."
"source-comparison-pack","Source comparison / version evidence","D1","Generative AI mechanics","advanced","high","6","NH-CORE-GENERAL-D1-GENAI-MECHANICS-ADVANCED-01; NH-CORE-GENERAL-D1-GENAI-MECHANICS-ADVANCED-02; NH-CORE-GENERAL-D1-GENAI-MECHANICS-ADVANCED-05; NH-FUNCTION-MARKETING-D1-GENAI-MECHANICS-ADVANCED-04; NH-FUNCTION-TECHNICAL-D1-GENAI-MECHANICS-ADVANCED-03; NH-EXECUTIVE-TECHNOLOGY-D1-GENAI-MECHANICS-ADVANCED-03","Source excerpts with document IDs, versions, dates and scope needed for the question. Present all excerpts neutrally.","Source excerpts with document IDs, versions, dates and scope needed for the question. Present all excerpts neutrally. Use only facts supported by the scenario. Label any proposed fictional additions for review. Do not add highlighted errors, warning verdicts, invented risks or corrective answers. Define labels and scores. Avoid repeating the scenario. Preserve equivalent English and Thai evidence and record unverified release checks."
"source-comparison-pack","Source comparison / version evidence","D3","Media provenance","awareness","high","6","NH-CORE-GENERAL-D3-MEDIA-PROVENANCE-AWARENESS-02; NH-CORE-GENERAL-D3-MEDIA-PROVENANCE-AWARENESS-03; NH-CORE-GENERAL-D3-MEDIA-PROVENANCE-AWARENESS-05; NH-CORE-GENERAL-D3-MEDIA-PROVENANCE-AWARENESS-07; NH-FUNCTION-MARKETING-D3-MEDIA-PROVENANCE-AWARENESS-04; NH-INDUSTRY-RETAIL-D3-MEDIA-PROVENANCE-AWARENESS-01","Source excerpts with document IDs, versions, dates and scope needed for the question. Present all excerpts neutrally.","Source excerpts with document IDs, versions, dates and scope needed for the question. Present all excerpts neutrally. Use only facts supported by the scenario. Label any proposed fictional additions for review. Do not add highlighted errors, warning verdicts, invented risks or corrective answers. Define labels and scores. Avoid repeating the scenario. Preserve equivalent English and Thai evidence and record unverified release checks."
"workflow-trace","Workflow / agent trace","D2","Output refinement","advanced","high","6","NH-CORE-GENERAL-D2-OUTPUT-REFINEMENT-ADVANCED-04; NH-CORE-GENERAL-D2-OUTPUT-REFINEMENT-ADVANCED-06; NH-CORE-GENERAL-D2-OUTPUT-REFINEMENT-ADVANCED-08; NH-FUNCTION-MARKETING-D2-OUTPUT-REFINEMENT-ADVANCED-01; NH-EXECUTIVE-PEOPLE-D2-OUTPUT-REFINEMENT-ADVANCED-03; NH-EXECUTIVE-TRANSFORMATION-D2-OUTPUT-REFINEMENT-ADVANCED-04","A workflow record showing the relevant actions, permissions, approvals and outcomes without marking the correct diagnosis.","A workflow record showing the relevant actions, permissions, approvals and outcomes without marking the correct diagnosis. Use only facts supported by the scenario. Label any proposed fictional additions for review. Do not add highlighted errors, warning verdicts, invented risks or corrective answers. Define labels and scores. Avoid repeating the scenario. Preserve equivalent English and Thai evidence and record unverified release checks."
"workflow-trace","Workflow / agent trace","D3","Data and chart judgment","awareness","high","6","NH-CORE-GENERAL-D3-DATA-CHART-JUDGMENT-AWARENESS-06; NH-FUNCTION-GENERAL-D3-DATA-CHART-JUDGMENT-AWARENESS-01; NH-FUNCTION-TECHNICAL-D3-DATA-CHART-JUDGMENT-AWARENESS-01; NH-FUNCTION-TECHNICAL-D3-DATA-CHART-JUDGMENT-AWARENESS-02; NH-FUNCTION-TECHNICAL-D3-DATA-CHART-JUDGMENT-AWARENESS-03; NH-FUNCTION-TECHNICAL-D3-DATA-CHART-JUDGMENT-AWARENESS-04","A workflow record showing the relevant actions, permissions, approvals and outcomes without marking the correct diagnosis.","A workflow record showing the relevant actions, permissions, approvals and outcomes without marking the correct diagnosis. Use only facts supported by the scenario. Label any proposed fictional additions for review. Do not add highlighted errors, warning verdicts, invented risks or corrective answers. Define labels and scores. Avoid repeating the scenario. Preserve equivalent English and Thai evidence and record unverified release checks."
"workflow-trace","Workflow / agent trace","D3","Data and chart judgment","applied","high","6","NH-CORE-GENERAL-D3-DATA-CHART-JUDGMENT-APPLIED-06; NH-FUNCTION-GENERAL-D3-DATA-CHART-JUDGMENT-APPLIED-01; NH-FUNCTION-TECHNICAL-D3-DATA-CHART-JUDGMENT-APPLIED-01; NH-FUNCTION-TECHNICAL-D3-DATA-CHART-JUDGMENT-APPLIED-02; NH-FUNCTION-TECHNICAL-D3-DATA-CHART-JUDGMENT-APPLIED-03; NH-FUNCTION-TECHNICAL-D3-DATA-CHART-JUDGMENT-APPLIED-04","A workflow record showing the relevant actions, permissions, approvals and outcomes without marking the correct diagnosis.","A workflow record showing the relevant actions, permissions, approvals and outcomes without marking the correct diagnosis. Use only facts supported by the scenario. Label any proposed fictional additions for review. Do not add highlighted errors, warning verdicts, invented risks or corrective answers. Define labels and scores. Avoid repeating the scenario. Preserve equivalent English and Thai evidence and record unverified release checks."
"workflow-trace","Workflow / agent trace","D3","Data and chart judgment","proficient","high","6","NH-CORE-GENERAL-D3-DATA-CHART-JUDGMENT-PROFICIENT-06; NH-FUNCTION-GENERAL-D3-DATA-CHART-JUDGMENT-PROFICIENT-01; NH-FUNCTION-TECHNICAL-D3-DATA-CHART-JUDGMENT-PROFICIENT-01; NH-FUNCTION-TECHNICAL-D3-DATA-CHART-JUDGMENT-PROFICIENT-02; NH-FUNCTION-TECHNICAL-D3-DATA-CHART-JUDGMENT-PROFICIENT-03; NH-FUNCTION-TECHNICAL-D3-DATA-CHART-JUDGMENT-PROFICIENT-04","A workflow record showing the relevant actions, permissions, approvals and outcomes without marking the correct diagnosis.","A workflow record showing the relevant actions, permissions, approvals and outcomes without marking the correct diagnosis. Use only facts supported by the scenario. Label any proposed fictional additions for review. Do not add highlighted errors, warning verdicts, invented risks or corrective answers. Define labels and scores. Avoid repeating the scenario. Preserve equivalent English and Thai evidence and record unverified release checks."
"workflow-trace","Workflow / agent trace","D3","Data and chart judgment","advanced","high","6","NH-CORE-GENERAL-D3-DATA-CHART-JUDGMENT-ADVANCED-06; NH-FUNCTION-GENERAL-D3-DATA-CHART-JUDGMENT-ADVANCED-01; NH-FUNCTION-TECHNICAL-D3-DATA-CHART-JUDGMENT-ADVANCED-01; NH-FUNCTION-TECHNICAL-D3-DATA-CHART-JUDGMENT-ADVANCED-02; NH-FUNCTION-TECHNICAL-D3-DATA-CHART-JUDGMENT-ADVANCED-03; NH-FUNCTION-TECHNICAL-D3-DATA-CHART-JUDGMENT-ADVANCED-04","A workflow record showing the relevant actions, permissions, approvals and outcomes without marking the correct diagnosis.","A workflow record showing the relevant actions, permissions, approvals and outcomes without marking the correct diagnosis. Use only facts supported by the scenario. Label any proposed fictional additions for review. Do not add highlighted errors, warning verdicts, invented risks or corrective answers. Define labels and scores. Avoid repeating the scenario. Preserve equivalent English and Thai evidence and record unverified release checks."
"workflow-trace","Workflow / agent trace","D5","Use-case evaluation","advanced","medium","6","NH-CORE-GENERAL-D5-USECASE-FIT-ADVANCED-06; NH-FUNCTION-GENERAL-D5-USECASE-FIT-ADVANCED-01; NH-FUNCTION-TECHNICAL-D5-USECASE-FIT-ADVANCED-01; NH-FUNCTION-TECHNICAL-D5-USECASE-FIT-ADVANCED-02; NH-FUNCTION-TECHNICAL-D5-USECASE-FIT-ADVANCED-03; NH-FUNCTION-TECHNICAL-D5-USECASE-FIT-ADVANCED-04","A workflow record showing the relevant actions, permissions, approvals and outcomes without marking the correct diagnosis.","A workflow record showing the relevant actions, permissions, approvals and outcomes without marking the correct diagnosis. Use only facts supported by the scenario. Label any proposed fictional additions for review. Do not add highlighted errors, warning verdicts, invented risks or corrective answers. Define labels and scores. Avoid repeating the scenario. Preserve equivalent English and Thai evidence and record unverified release checks."
"communication-thread","Email / chat / ticket thread","D3","Fraud and manipulation detection","awareness","high","5","NH-CORE-GENERAL-D3-FRAUD-DETECTION-AWARENESS-01; NH-CORE-GENERAL-D3-FRAUD-DETECTION-AWARENESS-03; NH-CORE-GENERAL-D3-FRAUD-DETECTION-AWARENESS-04; NH-CORE-GENERAL-D3-FRAUD-DETECTION-AWARENESS-07; NH-FUNCTION-FINANCE-D3-FRAUD-DETECTION-AWARENESS-04","A realistic message or ticket containing only the communication evidence needed for this question, with clear speakers and sequence.","A realistic message or ticket containing only the communication evidence needed for this question, with clear speakers and sequence. Use only facts supported by the scenario. Label any proposed fictional additions for review. Do not add highlighted errors, warning verdicts, invented risks or corrective answers. Define labels and scores. Avoid repeating the scenario. Preserve equivalent English and Thai evidence and record unverified release checks."
"communication-thread","Email / chat / ticket thread","D4","Regulatory and policy fluency","awareness","high","5","NH-CORE-GENERAL-D4-REGULATORY-POLICY-AWARENESS-04; NH-FUNCTION-PEOPLE-D4-REGULATORY-POLICY-AWARENESS-01; NH-INDUSTRY-HEALTHCARE-D4-REGULATORY-POLICY-AWARENESS-02; NH-INDUSTRY-PUBLIC-D4-REGULATORY-POLICY-AWARENESS-01; NH-INDUSTRY-PUBLIC-D4-REGULATORY-POLICY-AWARENESS-03","A realistic message or ticket containing only the communication evidence needed for this question, with clear speakers and sequence.","A realistic message or ticket containing only the communication evidence needed for this question, with clear speakers and sequence. Use only facts supported by the scenario. Label any proposed fictional additions for review. Do not add highlighted errors, warning verdicts, invented risks or corrective answers. Define labels and scores. Avoid repeating the scenario. Preserve equivalent English and Thai evidence and record unverified release checks."
"communication-thread","Email / chat / ticket thread","D6","Trust and challenge culture","awareness","high","5","NH-CORE-GENERAL-D6-TRUST-CULTURE-AWARENESS-04; NH-FUNCTION-PEOPLE-D6-TRUST-CULTURE-AWARENESS-02; NH-FUNCTION-PEOPLE-D6-TRUST-CULTURE-AWARENESS-04; NH-INDUSTRY-PUBLIC-D6-TRUST-CULTURE-AWARENESS-01; NH-INDUSTRY-PUBLIC-D6-TRUST-CULTURE-AWARENESS-03","A realistic message or ticket containing only the communication evidence needed for this question, with clear speakers and sequence.","A realistic message or ticket containing only the communication evidence needed for this question, with clear speakers and sequence. Use only facts supported by the scenario. Label any proposed fictional additions for review. Do not add highlighted errors, warning verdicts, invented risks or corrective answers. Define labels and scores. Avoid repeating the scenario. Preserve equivalent English and Thai evidence and record unverified release checks."
"communication-thread","Email / chat / ticket thread","D6","Trust and challenge culture","applied","high","5","NH-CORE-GENERAL-D6-TRUST-CULTURE-APPLIED-04; NH-FUNCTION-PEOPLE-D6-TRUST-CULTURE-APPLIED-01; NH-FUNCTION-PEOPLE-D6-TRUST-CULTURE-APPLIED-04; NH-INDUSTRY-PUBLIC-D6-TRUST-CULTURE-APPLIED-01; NH-INDUSTRY-PUBLIC-D6-TRUST-CULTURE-APPLIED-03","A realistic message or ticket containing only the communication evidence needed for this question, with clear speakers and sequence.","A realistic message or ticket containing only the communication evidence needed for this question, with clear speakers and sequence. Use only facts supported by the scenario. Label any proposed fictional additions for review. Do not add highlighted errors, warning verdicts, invented risks or corrective answers. Define labels and scores. Avoid repeating the scenario. Preserve equivalent English and Thai evidence and record unverified release checks."
"communication-thread","Email / chat / ticket thread","D4","Data protection and privacy","advanced","high","5","NH-FUNCTION-PEOPLE-D4-DATA-PRIVACY-ADVANCED-02; NH-FUNCTION-PEOPLE-D4-DATA-PRIVACY-ADVANCED-04; NH-INDUSTRY-HEALTHCARE-D4-DATA-PRIVACY-ADVANCED-01; NH-INDUSTRY-HEALTHCARE-D4-DATA-PRIVACY-ADVANCED-02; NH-INDUSTRY-HEALTHCARE-D4-DATA-PRIVACY-ADVANCED-03","A realistic message or ticket containing only the communication evidence needed for this question, with clear speakers and sequence.","A realistic message or ticket containing only the communication evidence needed for this question, with clear speakers and sequence. Use only facts supported by the scenario. Label any proposed fictional additions for review. Do not add highlighted errors, warning verdicts, invented risks or corrective answers. Define labels and scores. Avoid repeating the scenario. Preserve equivalent English and Thai evidence and record unverified release checks."
"communication-thread","Email / chat / ticket thread","D6","Human-AI role clarity","advanced","high","5","NH-FUNCTION-PEOPLE-D6-ROLE-CLARITY-ADVANCED-01; NH-FUNCTION-PEOPLE-D6-ROLE-CLARITY-ADVANCED-02; NH-INDUSTRY-HEALTHCARE-D6-ROLE-CLARITY-ADVANCED-01; NH-INDUSTRY-HEALTHCARE-D6-ROLE-CLARITY-ADVANCED-02; NH-INDUSTRY-HEALTHCARE-D6-ROLE-CLARITY-ADVANCED-03","A realistic message or ticket containing only the communication evidence needed for this question, with clear speakers and sequence.","A realistic message or ticket containing only the communication evidence needed for this question, with clear speakers and sequence. Use only facts supported by the scenario. Label any proposed fictional additions for review. Do not add highlighted errors, warning verdicts, invented risks or corrective answers. Define labels and scores. Avoid repeating the scenario. Preserve equivalent English and Thai evidence and record unverified release checks."
"data-chart-dashboard","Dashboard / chart / calculation evidence","D2","Agentic workflows","advanced","high","5","NH-CORE-GENERAL-D2-AGENTIC-WORKFLOWS-ADVANCED-01; NH-FUNCTION-GENERAL-D2-AGENTIC-WORKFLOWS-ADVANCED-02; NH-EXECUTIVE-TRANSFORMATION-D2-AGENTIC-WORKFLOWS-ADVANCED-02; NH-EXECUTIVE-TRANSFORMATION-D2-AGENTIC-WORKFLOWS-ADVANCED-03; NH-EXECUTIVE-TRANSFORMATION-D2-AGENTIC-WORKFLOWS-ADVANCED-04","A clearly labeled table or chart with the task outcome, units, comparison basis and relevant sample or scope. Check all calculations.","A clearly labeled table or chart with the task outcome, units, comparison basis and relevant sample or scope. Check all calculations. Use only facts supported by the scenario. Label any proposed fictional additions for review. Do not add highlighted errors, warning verdicts, invented risks or corrective answers. Define labels and scores. Avoid repeating the scenario. Preserve equivalent English and Thai evidence and record unverified release checks."
"data-chart-dashboard","Dashboard / chart / calculation evidence","D1","AI systems literacy","proficient","high","5","NH-FUNCTION-FINANCE-D1-AI-SYSTEMS-PROFICIENT-03; NH-EXECUTIVE-CEO-D1-AI-SYSTEMS-PROFICIENT-02; NH-EXECUTIVE-FINANCE-D1-AI-SYSTEMS-PROFICIENT-02; NH-EXECUTIVE-FINANCE-D1-AI-SYSTEMS-PROFICIENT-03; NH-EXECUTIVE-TRANSFORMATION-D1-AI-SYSTEMS-PROFICIENT-02","A clearly labeled table or chart with the task outcome, units, comparison basis and relevant sample or scope. Check all calculations.","A clearly labeled table or chart with the task outcome, units, comparison basis and relevant sample or scope. Check all calculations. Use only facts supported by the scenario. Label any proposed fictional additions for review. Do not add highlighted errors, warning verdicts, invented risks or corrective answers. Define labels and scores. Avoid repeating the scenario. Preserve equivalent English and Thai evidence and record unverified release checks."
"data-chart-dashboard","Dashboard / chart / calculation evidence","D3","Fraud and manipulation detection","awareness","high","5","NH-FUNCTION-FINANCE-D3-FRAUD-DETECTION-AWARENESS-03; NH-EXECUTIVE-FINANCE-D3-FRAUD-DETECTION-AWARENESS-01; NH-EXECUTIVE-FINANCE-D3-FRAUD-DETECTION-AWARENESS-02; NH-EXECUTIVE-FINANCE-D3-FRAUD-DETECTION-AWARENESS-03; NH-EXECUTIVE-FINANCE-D3-FRAUD-DETECTION-AWARENESS-04","A clearly labeled table or chart with the task outcome, units, comparison basis and relevant sample or scope. Check all calculations.","A clearly labeled table or chart with the task outcome, units, comparison basis and relevant sample or scope. Check all calculations. Use only facts supported by the scenario. Label any proposed fictional additions for review. Do not add highlighted errors, warning verdicts, invented risks or corrective answers. Define labels and scores. Avoid repeating the scenario. Preserve equivalent English and Thai evidence and record unverified release checks."
"data-chart-dashboard","Dashboard / chart / calculation evidence","D4","Regulatory and policy fluency","awareness","high","5","NH-FUNCTION-FINANCE-D4-REGULATORY-POLICY-AWARENESS-03; NH-EXECUTIVE-PEOPLE-D4-REGULATORY-POLICY-AWARENESS-02; NH-EXECUTIVE-PEOPLE-D4-REGULATORY-POLICY-AWARENESS-04; NH-EXECUTIVE-FINANCE-D4-REGULATORY-POLICY-AWARENESS-02; NH-EXECUTIVE-FINANCE-D4-REGULATORY-POLICY-AWARENESS-04","A clearly labeled table or chart with the task outcome, units, comparison basis and relevant sample or scope. Check all calculations.","A clearly labeled table or chart with the task outcome, units, comparison basis and relevant sample or scope. Check all calculations. Use only facts supported by the scenario. Label any proposed fictional additions for review. Do not add highlighted errors, warning verdicts, invented risks or corrective answers. Define labels and scores. Avoid repeating the scenario. Preserve equivalent English and Thai evidence and record unverified release checks."
"data-chart-dashboard","Dashboard / chart / calculation evidence","D6","Human-AI role clarity","awareness","high","5","NH-FUNCTION-FINANCE-D6-ROLE-CLARITY-AWARENESS-03; NH-EXECUTIVE-PEOPLE-D6-ROLE-CLARITY-AWARENESS-01; NH-EXECUTIVE-PEOPLE-D6-ROLE-CLARITY-AWARENESS-04; NH-EXECUTIVE-FINANCE-D6-ROLE-CLARITY-AWARENESS-01; NH-EXECUTIVE-FINANCE-D6-ROLE-CLARITY-AWARENESS-04","A clearly labeled table or chart with the task outcome, units, comparison basis and relevant sample or scope. Check all calculations.","A clearly labeled table or chart with the task outcome, units, comparison basis and relevant sample or scope. Check all calculations. Use only facts supported by the scenario. Label any proposed fictional additions for review. Do not add highlighted errors, warning verdicts, invented risks or corrective answers. Define labels and scores. Avoid repeating the scenario. Preserve equivalent English and Thai evidence and record unverified release checks."
"data-chart-dashboard","Dashboard / chart / calculation evidence","D3","Source and claim verification","applied","high","5","NH-EXECUTIVE-CEO-D3-SOURCE-VERIFICATION-APPLIED-03; NH-EXECUTIVE-PEOPLE-D3-SOURCE-VERIFICATION-APPLIED-01; NH-EXECUTIVE-PEOPLE-D3-SOURCE-VERIFICATION-APPLIED-03; NH-EXECUTIVE-TRANSFORMATION-D3-SOURCE-VERIFICATION-APPLIED-02; NH-EXECUTIVE-TRANSFORMATION-D3-SOURCE-VERIFICATION-APPLIED-04","A clearly labeled table or chart with the task outcome, units, comparison basis and relevant sample or scope. Check all calculations.","A clearly labeled table or chart with the task outcome, units, comparison basis and relevant sample or scope. Check all calculations. Use only facts supported by the scenario. Label any proposed fictional additions for review. Do not add highlighted errors, warning verdicts, invented risks or corrective answers. Define labels and scores. Avoid repeating the scenario. Preserve equivalent English and Thai evidence and record unverified release checks."
"data-chart-dashboard","Dashboard / chart / calculation evidence","D5","Strategy and transformation","awareness","high","5","NH-EXECUTIVE-CEO-D5-TRANSFORMATION-STRATEGY-AWARENESS-03; NH-EXECUTIVE-CEO-D5-TRANSFORMATION-STRATEGY-AWARENESS-04; NH-EXECUTIVE-FINANCE-D5-TRANSFORMATION-STRATEGY-AWARENESS-02; NH-EXECUTIVE-FINANCE-D5-TRANSFORMATION-STRATEGY-AWARENESS-03; NH-EXECUTIVE-TRANSFORMATION-D5-TRANSFORMATION-STRATEGY-AWARENESS-02","A clearly labeled table or chart with the task outcome, units, comparison basis and relevant sample or scope. Check all calculations.","A clearly labeled table or chart with the task outcome, units, comparison basis and relevant sample or scope. Check all calculations. Use only facts supported by the scenario. Label any proposed fictional additions for review. Do not add highlighted errors, warning verdicts, invented risks or corrective answers. Define labels and scores. Avoid repeating the scenario. Preserve equivalent English and Thai evidence and record unverified release checks."
"data-chart-dashboard","Dashboard / chart / calculation evidence","D6","Trust and challenge culture","awareness","high","5","NH-EXECUTIVE-CEO-D6-TRUST-CULTURE-AWARENESS-02; NH-EXECUTIVE-CEO-D6-TRUST-CULTURE-AWARENESS-04; NH-EXECUTIVE-PEOPLE-D6-TRUST-CULTURE-AWARENESS-01; NH-EXECUTIVE-PEOPLE-D6-TRUST-CULTURE-AWARENESS-02; NH-EXECUTIVE-PEOPLE-D6-TRUST-CULTURE-AWARENESS-04","A clearly labeled table or chart with the task outcome, units, comparison basis and relevant sample or scope. Check all calculations.","A clearly labeled table or chart with the task outcome, units, comparison basis and relevant sample or scope. Check all calculations. Use only facts supported by the scenario. Label any proposed fictional additions for review. Do not add highlighted errors, warning verdicts, invented risks or corrective answers. Define labels and scores. Avoid repeating the scenario. Preserve equivalent English and Thai evidence and record unverified release checks."
"data-chart-dashboard","Dashboard / chart / calculation evidence","D2","Output refinement","proficient","high","5","NH-EXECUTIVE-PEOPLE-D2-OUTPUT-REFINEMENT-PROFICIENT-01; NH-EXECUTIVE-PEOPLE-D2-OUTPUT-REFINEMENT-PROFICIENT-02; NH-EXECUTIVE-PEOPLE-D2-OUTPUT-REFINEMENT-PROFICIENT-03; NH-EXECUTIVE-TRANSFORMATION-D2-OUTPUT-REFINEMENT-PROFICIENT-02; NH-EXECUTIVE-TRANSFORMATION-D2-OUTPUT-REFINEMENT-PROFICIENT-04","A clearly labeled table or chart with the task outcome, units, comparison basis and relevant sample or scope. Check all calculations.","A clearly labeled table or chart with the task outcome, units, comparison basis and relevant sample or scope. Check all calculations. Use only facts supported by the scenario. Label any proposed fictional additions for review. Do not add highlighted errors, warning verdicts, invented risks or corrective answers. Define labels and scores. Avoid repeating the scenario. Preserve equivalent English and Thai evidence and record unverified release checks."
"data-chart-dashboard","Dashboard / chart / calculation evidence","D2","Output refinement","advanced","high","5","NH-EXECUTIVE-PEOPLE-D2-OUTPUT-REFINEMENT-ADVANCED-01; NH-EXECUTIVE-PEOPLE-D2-OUTPUT-REFINEMENT-ADVANCED-02; NH-EXECUTIVE-PEOPLE-D2-OUTPUT-REFINEMENT-ADVANCED-04; NH-EXECUTIVE-TRANSFORMATION-D2-OUTPUT-REFINEMENT-ADVANCED-02; NH-EXECUTIVE-TRANSFORMATION-D2-OUTPUT-REFINEMENT-ADVANCED-03","A clearly labeled table or chart with the task outcome, units, comparison basis and relevant sample or scope. Check all calculations.","A clearly labeled table or chart with the task outcome, units, comparison basis and relevant sample or scope. Check all calculations. Use only facts supported by the scenario. Label any proposed fictional additions for review. Do not add highlighted errors, warning verdicts, invented risks or corrective answers. Define labels and scores. Avoid repeating the scenario. Preserve equivalent English and Thai evidence and record unverified release checks."
"media-asset-review","Media / asset provenance evidence","D5","Strategy and transformation","proficient","high","5","NH-CORE-GENERAL-D5-TRANSFORMATION-STRATEGY-PROFICIENT-04; NH-CORE-GENERAL-D5-TRANSFORMATION-STRATEGY-PROFICIENT-08; NH-EXECUTIVE-FINANCE-D5-TRANSFORMATION-STRATEGY-PROFICIENT-03; NH-EXECUTIVE-TRANSFORMATION-D5-TRANSFORMATION-STRATEGY-PROFICIENT-01; NH-EXECUTIVE-TRANSFORMATION-D5-TRANSFORMATION-STRATEGY-PROFICIENT-04","A task brief, proposed media and relevant source or permission records. Show the objective and intended use clearly.","A task brief, proposed media and relevant source or permission records. Show the objective and intended use clearly. Use only facts supported by the scenario. Label any proposed fictional additions for review. Do not add highlighted errors, warning verdicts, invented risks or corrective answers. Define labels and scores. Avoid repeating the scenario. Preserve equivalent English and Thai evidence and record unverified release checks."
"media-asset-review","Media / asset provenance evidence","D6","Learning and improvement loops","applied","high","5","NH-FUNCTION-MARKETING-D6-LEARNING-LOOPS-APPLIED-01; NH-FUNCTION-MARKETING-D6-LEARNING-LOOPS-APPLIED-02; NH-FUNCTION-MARKETING-D6-LEARNING-LOOPS-APPLIED-03; NH-FUNCTION-MARKETING-D6-LEARNING-LOOPS-APPLIED-04; NH-EXECUTIVE-TRANSFORMATION-D6-LEARNING-LOOPS-APPLIED-01","A task brief, proposed media and relevant source or permission records. Show the objective and intended use clearly.","A task brief, proposed media and relevant source or permission records. Show the objective and intended use clearly. Use only facts supported by the scenario. Label any proposed fictional additions for review. Do not add highlighted errors, warning verdicts, invented risks or corrective answers. Define labels and scores. Avoid repeating the scenario. Preserve equivalent English and Thai evidence and record unverified release checks."
"media-asset-review","Media / asset provenance evidence","D6","Learning and improvement loops","proficient","high","5","NH-FUNCTION-MARKETING-D6-LEARNING-LOOPS-PROFICIENT-01; NH-FUNCTION-MARKETING-D6-LEARNING-LOOPS-PROFICIENT-02; NH-FUNCTION-MARKETING-D6-LEARNING-LOOPS-PROFICIENT-03; NH-FUNCTION-MARKETING-D6-LEARNING-LOOPS-PROFICIENT-04; NH-EXECUTIVE-TRANSFORMATION-D6-LEARNING-LOOPS-PROFICIENT-01","A task brief, proposed media and relevant source or permission records. Show the objective and intended use clearly.","A task brief, proposed media and relevant source or permission records. Show the objective and intended use clearly. Use only facts supported by the scenario. Label any proposed fictional additions for review. Do not add highlighted errors, warning verdicts, invented risks or corrective answers. Define labels and scores. Avoid repeating the scenario. Preserve equivalent English and Thai evidence and record unverified release checks."
"security-audit-log","Security / access / audit evidence","D5","ROI and measurement","awareness","high","5","NH-FUNCTION-GENERAL-D5-ROI-METRICS-AWARENESS-03; NH-FUNCTION-FINANCE-D5-ROI-METRICS-AWARENESS-02; NH-INDUSTRY-FINANCIAL-D5-ROI-METRICS-AWARENESS-01; NH-INDUSTRY-FINANCIAL-D5-ROI-METRICS-AWARENESS-03; NH-INDUSTRY-FINANCIAL-D5-ROI-METRICS-AWARENESS-04","A realistic access or audit record containing only the identities, scopes, actions and authorization evidence needed for the decision.","A realistic access or audit record containing only the identities, scopes, actions and authorization evidence needed for the decision. Use only facts supported by the scenario. Label any proposed fictional additions for review. Do not add highlighted errors, warning verdicts, invented risks or corrective answers. Define labels and scores. Avoid repeating the scenario. Preserve equivalent English and Thai evidence and record unverified release checks."
"security-audit-log","Security / access / audit evidence","D5","ROI and measurement","advanced","high","5","NH-FUNCTION-GENERAL-D5-ROI-METRICS-ADVANCED-03; NH-FUNCTION-FINANCE-D5-ROI-METRICS-ADVANCED-02; NH-INDUSTRY-FINANCIAL-D5-ROI-METRICS-ADVANCED-01; NH-INDUSTRY-FINANCIAL-D5-ROI-METRICS-ADVANCED-03; NH-INDUSTRY-FINANCIAL-D5-ROI-METRICS-ADVANCED-04","A realistic access or audit record containing only the identities, scopes, actions and authorization evidence needed for the decision.","A realistic access or audit record containing only the identities, scopes, actions and authorization evidence needed for the decision. Use only facts supported by the scenario. Label any proposed fictional additions for review. Do not add highlighted errors, warning verdicts, invented risks or corrective answers. Define labels and scores. Avoid repeating the scenario. Preserve equivalent English and Thai evidence and record unverified release checks."
"source-comparison-pack","Source comparison / version evidence","D4","Fairness, ethics, and rights","awareness","high","5","NH-CORE-GENERAL-D4-FAIRNESS-ETHICS-AWARENESS-02; NH-CORE-GENERAL-D4-FAIRNESS-ETHICS-AWARENESS-05; NH-FUNCTION-PEOPLE-D4-FAIRNESS-ETHICS-AWARENESS-03; NH-EXECUTIVE-BOARD-D4-FAIRNESS-ETHICS-AWARENESS-03; NH-EXECUTIVE-BOARD-D4-FAIRNESS-ETHICS-AWARENESS-04","Source excerpts with document IDs, versions, dates and scope needed for the question. Present all excerpts neutrally.","Source excerpts with document IDs, versions, dates and scope needed for the question. Present all excerpts neutrally. Use only facts supported by the scenario. Label any proposed fictional additions for review. Do not add highlighted errors, warning verdicts, invented risks or corrective answers. Define labels and scores. Avoid repeating the scenario. Preserve equivalent English and Thai evidence and record unverified release checks."
"source-comparison-pack","Source comparison / version evidence","D4","Fairness, ethics, and rights","applied","high","5","NH-CORE-GENERAL-D4-FAIRNESS-ETHICS-APPLIED-02; NH-CORE-GENERAL-D4-FAIRNESS-ETHICS-APPLIED-05; NH-FUNCTION-PEOPLE-D4-FAIRNESS-ETHICS-APPLIED-03; NH-EXECUTIVE-BOARD-D4-FAIRNESS-ETHICS-APPLIED-03; NH-EXECUTIVE-BOARD-D4-FAIRNESS-ETHICS-APPLIED-04","Source excerpts with document IDs, versions, dates and scope needed for the question. Present all excerpts neutrally.","Source excerpts with document IDs, versions, dates and scope needed for the question. Present all excerpts neutrally. Use only facts supported by the scenario. Label any proposed fictional additions for review. Do not add highlighted errors, warning verdicts, invented risks or corrective answers. Define labels and scores. Avoid repeating the scenario. Preserve equivalent English and Thai evidence and record unverified release checks."
"source-comparison-pack","Source comparison / version evidence","D4","Fairness, ethics, and rights","proficient","high","5","NH-CORE-GENERAL-D4-FAIRNESS-ETHICS-PROFICIENT-02; NH-CORE-GENERAL-D4-FAIRNESS-ETHICS-PROFICIENT-05; NH-FUNCTION-PEOPLE-D4-FAIRNESS-ETHICS-PROFICIENT-03; NH-EXECUTIVE-BOARD-D4-FAIRNESS-ETHICS-PROFICIENT-03; NH-EXECUTIVE-BOARD-D4-FAIRNESS-ETHICS-PROFICIENT-04","Source excerpts with document IDs, versions, dates and scope needed for the question. Present all excerpts neutrally.","Source excerpts with document IDs, versions, dates and scope needed for the question. Present all excerpts neutrally. Use only facts supported by the scenario. Label any proposed fictional additions for review. Do not add highlighted errors, warning verdicts, invented risks or corrective answers. Define labels and scores. Avoid repeating the scenario. Preserve equivalent English and Thai evidence and record unverified release checks."
"source-comparison-pack","Source comparison / version evidence","D4","Fairness, ethics, and rights","advanced","high","5","NH-CORE-GENERAL-D4-FAIRNESS-ETHICS-ADVANCED-02; NH-CORE-GENERAL-D4-FAIRNESS-ETHICS-ADVANCED-05; NH-FUNCTION-PEOPLE-D4-FAIRNESS-ETHICS-ADVANCED-03; NH-EXECUTIVE-BOARD-D4-FAIRNESS-ETHICS-ADVANCED-03; NH-EXECUTIVE-BOARD-D4-FAIRNESS-ETHICS-ADVANCED-04","Source excerpts with document IDs, versions, dates and scope needed for the question. Present all excerpts neutrally.","Source excerpts with document IDs, versions, dates and scope needed for the question. Present all excerpts neutrally. Use only facts supported by the scenario. Label any proposed fictional additions for review. Do not add highlighted errors, warning verdicts, invented risks or corrective answers. Define labels and scores. Avoid repeating the scenario. Preserve equivalent English and Thai evidence and record unverified release checks."
"source-comparison-pack","Source comparison / version evidence","D5","Strategy and transformation","awareness","high","5","NH-CORE-GENERAL-D5-TRANSFORMATION-STRATEGY-AWARENESS-02; NH-CORE-GENERAL-D5-TRANSFORMATION-STRATEGY-AWARENESS-05; NH-EXECUTIVE-CEO-D5-TRANSFORMATION-STRATEGY-AWARENESS-01; NH-EXECUTIVE-BOARD-D5-TRANSFORMATION-STRATEGY-AWARENESS-03; NH-EXECUTIVE-BOARD-D5-TRANSFORMATION-STRATEGY-AWARENESS-04","Source excerpts with document IDs, versions, dates and scope needed for the question. Present all excerpts neutrally.","Source excerpts with document IDs, versions, dates and scope needed for the question. Present all excerpts neutrally. Use only facts supported by the scenario. Label any proposed fictional additions for review. Do not add highlighted errors, warning verdicts, invented risks or corrective answers. Define labels and scores. Avoid repeating the scenario. Preserve equivalent English and Thai evidence and record unverified release checks."
"source-comparison-pack","Source comparison / version evidence","D5","Strategy and transformation","applied","high","5","NH-CORE-GENERAL-D5-TRANSFORMATION-STRATEGY-APPLIED-02; NH-CORE-GENERAL-D5-TRANSFORMATION-STRATEGY-APPLIED-05; NH-EXECUTIVE-CEO-D5-TRANSFORMATION-STRATEGY-APPLIED-01; NH-EXECUTIVE-BOARD-D5-TRANSFORMATION-STRATEGY-APPLIED-03; NH-EXECUTIVE-BOARD-D5-TRANSFORMATION-STRATEGY-APPLIED-04","Source excerpts with document IDs, versions, dates and scope needed for the question. Present all excerpts neutrally.","Source excerpts with document IDs, versions, dates and scope needed for the question. Present all excerpts neutrally. Use only facts supported by the scenario. Label any proposed fictional additions for review. Do not add highlighted errors, warning verdicts, invented risks or corrective answers. Define labels and scores. Avoid repeating the scenario. Preserve equivalent English and Thai evidence and record unverified release checks."
"source-comparison-pack","Source comparison / version evidence","D5","Strategy and transformation","advanced","high","5","NH-CORE-GENERAL-D5-TRANSFORMATION-STRATEGY-ADVANCED-02; NH-CORE-GENERAL-D5-TRANSFORMATION-STRATEGY-ADVANCED-05; NH-EXECUTIVE-CEO-D5-TRANSFORMATION-STRATEGY-ADVANCED-01; NH-EXECUTIVE-BOARD-D5-TRANSFORMATION-STRATEGY-ADVANCED-03; NH-EXECUTIVE-BOARD-D5-TRANSFORMATION-STRATEGY-ADVANCED-04","Source excerpts with document IDs, versions, dates and scope needed for the question. Present all excerpts neutrally.","Source excerpts with document IDs, versions, dates and scope needed for the question. Present all excerpts neutrally. Use only facts supported by the scenario. Label any proposed fictional additions for review. Do not add highlighted errors, warning verdicts, invented risks or corrective answers. Define labels and scores. Avoid repeating the scenario. Preserve equivalent English and Thai evidence and record unverified release checks."
"workflow-trace","Workflow / agent trace","D3","Source and claim verification","applied","high","5","NH-CORE-GENERAL-D3-SOURCE-VERIFICATION-APPLIED-06; NH-FUNCTION-TECHNICAL-D3-SOURCE-VERIFICATION-APPLIED-02; NH-FUNCTION-TECHNICAL-D3-SOURCE-VERIFICATION-APPLIED-04; NH-EXECUTIVE-TECHNOLOGY-D3-SOURCE-VERIFICATION-APPLIED-02; NH-EXECUTIVE-TECHNOLOGY-D3-SOURCE-VERIFICATION-APPLIED-04","A workflow record showing the relevant actions, permissions, approvals and outcomes without marking the correct diagnosis.","A workflow record showing the relevant actions, permissions, approvals and outcomes without marking the correct diagnosis. Use only facts supported by the scenario. Label any proposed fictional additions for review. Do not add highlighted errors, warning verdicts, invented risks or corrective answers. Define labels and scores. Avoid repeating the scenario. Preserve equivalent English and Thai evidence and record unverified release checks."
"workflow-trace","Workflow / agent trace","D3","Media provenance","advanced","high","5","NH-CORE-GENERAL-D3-MEDIA-PROVENANCE-ADVANCED-04; NH-CORE-GENERAL-D3-MEDIA-PROVENANCE-ADVANCED-06; NH-CORE-GENERAL-D3-MEDIA-PROVENANCE-ADVANCED-08; NH-FUNCTION-MARKETING-D3-MEDIA-PROVENANCE-ADVANCED-01; NH-INDUSTRY-RETAIL-D3-MEDIA-PROVENANCE-ADVANCED-04","A workflow record showing the relevant actions, permissions, approvals and outcomes without marking the correct diagnosis.","A workflow record showing the relevant actions, permissions, approvals and outcomes without marking the correct diagnosis. Use only facts supported by the scenario. Label any proposed fictional additions for review. Do not add highlighted errors, warning verdicts, invented risks or corrective answers. Define labels and scores. Avoid repeating the scenario. Preserve equivalent English and Thai evidence and record unverified release checks."
"workflow-trace","Workflow / agent trace","D5","Use-case evaluation","awareness","high","5","NH-CORE-GENERAL-D5-USECASE-FIT-AWARENESS-06; NH-FUNCTION-TECHNICAL-D5-USECASE-FIT-AWARENESS-01; NH-FUNCTION-TECHNICAL-D5-USECASE-FIT-AWARENESS-02; NH-FUNCTION-TECHNICAL-D5-USECASE-FIT-AWARENESS-03; NH-FUNCTION-TECHNICAL-D5-USECASE-FIT-AWARENESS-04","A workflow record showing the relevant actions, permissions, approvals and outcomes without marking the correct diagnosis.","A workflow record showing the relevant actions, permissions, approvals and outcomes without marking the correct diagnosis. Use only facts supported by the scenario. Label any proposed fictional additions for review. Do not add highlighted errors, warning verdicts, invented risks or corrective answers. Define labels and scores. Avoid repeating the scenario. Preserve equivalent English and Thai evidence and record unverified release checks."
"workflow-trace","Workflow / agent trace","D5","Portfolio prioritization","awareness","high","5","NH-CORE-GENERAL-D5-PORTFOLIO-PRIORITIZATION-AWARENESS-06; NH-EXECUTIVE-TECHNOLOGY-D5-PORTFOLIO-PRIORITIZATION-AWARENESS-01; NH-EXECUTIVE-TECHNOLOGY-D5-PORTFOLIO-PRIORITIZATION-AWARENESS-02; NH-EXECUTIVE-TECHNOLOGY-D5-PORTFOLIO-PRIORITIZATION-AWARENESS-03; NH-EXECUTIVE-TECHNOLOGY-D5-PORTFOLIO-PRIORITIZATION-AWARENESS-04","A workflow record showing the relevant actions, permissions, approvals and outcomes without marking the correct diagnosis.","A workflow record showing the relevant actions, permissions, approvals and outcomes without marking the correct diagnosis. Use only facts supported by the scenario. Label any proposed fictional additions for review. Do not add highlighted errors, warning verdicts, invented risks or corrective answers. Define labels and scores. Avoid repeating the scenario. Preserve equivalent English and Thai evidence and record unverified release checks."
"workflow-trace","Workflow / agent trace","D5","Portfolio prioritization","applied","high","5","NH-CORE-GENERAL-D5-PORTFOLIO-PRIORITIZATION-APPLIED-06; NH-EXECUTIVE-TECHNOLOGY-D5-PORTFOLIO-PRIORITIZATION-APPLIED-01; NH-EXECUTIVE-TECHNOLOGY-D5-PORTFOLIO-PRIORITIZATION-APPLIED-02; NH-EXECUTIVE-TECHNOLOGY-D5-PORTFOLIO-PRIORITIZATION-APPLIED-03; NH-EXECUTIVE-TECHNOLOGY-D5-PORTFOLIO-PRIORITIZATION-APPLIED-04","A workflow record showing the relevant actions, permissions, approvals and outcomes without marking the correct diagnosis.","A workflow record showing the relevant actions, permissions, approvals and outcomes without marking the correct diagnosis. Use only facts supported by the scenario. Label any proposed fictional additions for review. Do not add highlighted errors, warning verdicts, invented risks or corrective answers. Define labels and scores. Avoid repeating the scenario. Preserve equivalent English and Thai evidence and record unverified release checks."
"workflow-trace","Workflow / agent trace","D5","Portfolio prioritization","proficient","high","5","NH-CORE-GENERAL-D5-PORTFOLIO-PRIORITIZATION-PROFICIENT-06; NH-EXECUTIVE-TECHNOLOGY-D5-PORTFOLIO-PRIORITIZATION-PROFICIENT-01; NH-EXECUTIVE-TECHNOLOGY-D5-PORTFOLIO-PRIORITIZATION-PROFICIENT-02; NH-EXECUTIVE-TECHNOLOGY-D5-PORTFOLIO-PRIORITIZATION-PROFICIENT-03; NH-EXECUTIVE-TECHNOLOGY-D5-PORTFOLIO-PRIORITIZATION-PROFICIENT-04","A workflow record showing the relevant actions, permissions, approvals and outcomes without marking the correct diagnosis.","A workflow record showing the relevant actions, permissions, approvals and outcomes without marking the correct diagnosis. Use only facts supported by the scenario. Label any proposed fictional additions for review. Do not add highlighted errors, warning verdicts, invented risks or corrective answers. Define labels and scores. Avoid repeating the scenario. Preserve equivalent English and Thai evidence and record unverified release checks."
"workflow-trace","Workflow / agent trace","D5","Portfolio prioritization","advanced","high","5","NH-CORE-GENERAL-D5-PORTFOLIO-PRIORITIZATION-ADVANCED-06; NH-EXECUTIVE-TECHNOLOGY-D5-PORTFOLIO-PRIORITIZATION-ADVANCED-01; NH-EXECUTIVE-TECHNOLOGY-D5-PORTFOLIO-PRIORITIZATION-ADVANCED-02; NH-EXECUTIVE-TECHNOLOGY-D5-PORTFOLIO-PRIORITIZATION-ADVANCED-03; NH-EXECUTIVE-TECHNOLOGY-D5-PORTFOLIO-PRIORITIZATION-ADVANCED-04","A workflow record showing the relevant actions, permissions, approvals and outcomes without marking the correct diagnosis.","A workflow record showing the relevant actions, permissions, approvals and outcomes without marking the correct diagnosis. Use only facts supported by the scenario. Label any proposed fictional additions for review. Do not add highlighted errors, warning verdicts, invented risks or corrective answers. Define labels and scores. Avoid repeating the scenario. Preserve equivalent English and Thai evidence and record unverified release checks."
"workflow-trace","Workflow / agent trace","D5","Strategy and transformation","advanced","high","5","NH-CORE-GENERAL-D5-TRANSFORMATION-STRATEGY-ADVANCED-06; NH-EXECUTIVE-TECHNOLOGY-D5-TRANSFORMATION-STRATEGY-ADVANCED-01; NH-EXECUTIVE-TECHNOLOGY-D5-TRANSFORMATION-STRATEGY-ADVANCED-02; NH-EXECUTIVE-TECHNOLOGY-D5-TRANSFORMATION-STRATEGY-ADVANCED-03; NH-EXECUTIVE-TECHNOLOGY-D5-TRANSFORMATION-STRATEGY-ADVANCED-04","A workflow record showing the relevant actions, permissions, approvals and outcomes without marking the correct diagnosis.","A workflow record showing the relevant actions, permissions, approvals and outcomes without marking the correct diagnosis. Use only facts supported by the scenario. Label any proposed fictional additions for review. Do not add highlighted errors, warning verdicts, invented risks or corrective answers. Define labels and scores. Avoid repeating the scenario. Preserve equivalent English and Thai evidence and record unverified release checks."
"communication-thread","Email / chat / ticket thread","D1","AI systems literacy","awareness","medium","4","NH-CORE-GENERAL-D1-AI-SYSTEMS-AWARENESS-03; NH-CORE-GENERAL-D1-AI-SYSTEMS-AWARENESS-04; NH-CORE-GENERAL-D1-AI-SYSTEMS-AWARENESS-07; NH-FUNCTION-FINANCE-D1-AI-SYSTEMS-AWARENESS-01","A realistic message or ticket containing only the communication evidence needed for this question, with clear speakers and sequence.","A realistic message or ticket containing only the communication evidence needed for this question, with clear speakers and sequence. Use only facts supported by the scenario. Label any proposed fictional additions for review. Do not add highlighted errors, warning verdicts, invented risks or corrective answers. Define labels and scores. Avoid repeating the scenario. Preserve equivalent English and Thai evidence and record unverified release checks."
"communication-thread","Email / chat / ticket thread","D2","Prompt design","applied","high","4","NH-CORE-GENERAL-D2-PROMPT-DESIGN-APPLIED-04; NH-FUNCTION-PEOPLE-D2-PROMPT-DESIGN-APPLIED-01; NH-FUNCTION-PEOPLE-D2-PROMPT-DESIGN-APPLIED-02; NH-FUNCTION-PEOPLE-D2-PROMPT-DESIGN-APPLIED-04","A realistic message or ticket containing only the communication evidence needed for this question, with clear speakers and sequence.","A realistic message or ticket containing only the communication evidence needed for this question, with clear speakers and sequence. Use only facts supported by the scenario. Label any proposed fictional additions for review. Do not add highlighted errors, warning verdicts, invented risks or corrective answers. Define labels and scores. Avoid repeating the scenario. Preserve equivalent English and Thai evidence and record unverified release checks."
"communication-thread","Email / chat / ticket thread","D4","Security and governance controls","proficient","high","4","NH-CORE-GENERAL-D4-SECURITY-GOVERNANCE-PROFICIENT-04; NH-INDUSTRY-PUBLIC-D4-SECURITY-GOVERNANCE-PROFICIENT-01; NH-INDUSTRY-PUBLIC-D4-SECURITY-GOVERNANCE-PROFICIENT-02; NH-INDUSTRY-PUBLIC-D4-SECURITY-GOVERNANCE-PROFICIENT-03","A realistic message or ticket containing only the communication evidence needed for this question, with clear speakers and sequence.","A realistic message or ticket containing only the communication evidence needed for this question, with clear speakers and sequence. Use only facts supported by the scenario. Label any proposed fictional additions for review. Do not add highlighted errors, warning verdicts, invented risks or corrective answers. Define labels and scores. Avoid repeating the scenario. Preserve equivalent English and Thai evidence and record unverified release checks."
"communication-thread","Email / chat / ticket thread","D6","Human-AI role clarity","awareness","medium","4","NH-CORE-GENERAL-D6-ROLE-CLARITY-AWARENESS-04; NH-FUNCTION-PEOPLE-D6-ROLE-CLARITY-AWARENESS-04; NH-INDUSTRY-HEALTHCARE-D6-ROLE-CLARITY-AWARENESS-01; NH-INDUSTRY-HEALTHCARE-D6-ROLE-CLARITY-AWARENESS-02","A realistic message or ticket containing only the communication evidence needed for this question, with clear speakers and sequence.","A realistic message or ticket containing only the communication evidence needed for this question, with clear speakers and sequence. Use only facts supported by the scenario. Label any proposed fictional additions for review. Do not add highlighted errors, warning verdicts, invented risks or corrective answers. Define labels and scores. Avoid repeating the scenario. Preserve equivalent English and Thai evidence and record unverified release checks."
"communication-thread","Email / chat / ticket thread","D6","Human-AI role clarity","applied","high","4","NH-CORE-GENERAL-D6-ROLE-CLARITY-APPLIED-04; NH-FUNCTION-PEOPLE-D6-ROLE-CLARITY-APPLIED-02; NH-INDUSTRY-HEALTHCARE-D6-ROLE-CLARITY-APPLIED-01; NH-INDUSTRY-HEALTHCARE-D6-ROLE-CLARITY-APPLIED-04","A realistic message or ticket containing only the communication evidence needed for this question, with clear speakers and sequence.","A realistic message or ticket containing only the communication evidence needed for this question, with clear speakers and sequence. Use only facts supported by the scenario. Label any proposed fictional additions for review. Do not add highlighted errors, warning verdicts, invented risks or corrective answers. Define labels and scores. Avoid repeating the scenario. Preserve equivalent English and Thai evidence and record unverified release checks."
"communication-thread","Email / chat / ticket thread","D6","Trust and challenge culture","advanced","high","4","NH-FUNCTION-PEOPLE-D6-TRUST-CULTURE-ADVANCED-01; NH-FUNCTION-PEOPLE-D6-TRUST-CULTURE-ADVANCED-04; NH-INDUSTRY-PUBLIC-D6-TRUST-CULTURE-ADVANCED-01; NH-INDUSTRY-PUBLIC-D6-TRUST-CULTURE-ADVANCED-03","A realistic message or ticket containing only the communication evidence needed for this question, with clear speakers and sequence.","A realistic message or ticket containing only the communication evidence needed for this question, with clear speakers and sequence. Use only facts supported by the scenario. Label any proposed fictional additions for review. Do not add highlighted errors, warning verdicts, invented risks or corrective answers. Define labels and scores. Avoid repeating the scenario. Preserve equivalent English and Thai evidence and record unverified release checks."
"data-chart-dashboard","Dashboard / chart / calculation evidence","D2","Tool selection and integration","proficient","high","4","NH-CORE-GENERAL-D2-TOOL-SELECTION-PROFICIENT-03; NH-CORE-GENERAL-D2-TOOL-SELECTION-PROFICIENT-07; NH-FUNCTION-FINANCE-D2-TOOL-SELECTION-PROFICIENT-03; NH-FUNCTION-FINANCE-D2-TOOL-SELECTION-PROFICIENT-04","A clearly labeled table or chart with the task outcome, units, comparison basis and relevant sample or scope. Check all calculations.","A clearly labeled table or chart with the task outcome, units, comparison basis and relevant sample or scope. Check all calculations. Use only facts supported by the scenario. Label any proposed fictional additions for review. Do not add highlighted errors, warning verdicts, invented risks or corrective answers. Define labels and scores. Avoid repeating the scenario. Preserve equivalent English and Thai evidence and record unverified release checks."
"data-chart-dashboard","Dashboard / chart / calculation evidence","D3","Fraud and manipulation detection","proficient","medium","4","NH-FUNCTION-FINANCE-D3-FRAUD-DETECTION-PROFICIENT-03; NH-EXECUTIVE-FINANCE-D3-FRAUD-DETECTION-PROFICIENT-02; NH-EXECUTIVE-FINANCE-D3-FRAUD-DETECTION-PROFICIENT-03; NH-EXECUTIVE-FINANCE-D3-FRAUD-DETECTION-PROFICIENT-04","A clearly labeled table or chart with the task outcome, units, comparison basis and relevant sample or scope. Check all calculations.","A clearly labeled table or chart with the task outcome, units, comparison basis and relevant sample or scope. Check all calculations. Use only facts supported by the scenario. Label any proposed fictional additions for review. Do not add highlighted errors, warning verdicts, invented risks or corrective answers. Define labels and scores. Avoid repeating the scenario. Preserve equivalent English and Thai evidence and record unverified release checks."
"data-chart-dashboard","Dashboard / chart / calculation evidence","D3","Source and claim verification","awareness","high","4","NH-EXECUTIVE-CEO-D3-SOURCE-VERIFICATION-AWARENESS-04; NH-EXECUTIVE-PEOPLE-D3-SOURCE-VERIFICATION-AWARENESS-01; NH-EXECUTIVE-PEOPLE-D3-SOURCE-VERIFICATION-AWARENESS-04; NH-EXECUTIVE-TRANSFORMATION-D3-SOURCE-VERIFICATION-AWARENESS-04","A clearly labeled table or chart with the task outcome, units, comparison basis and relevant sample or scope. Check all calculations.","A clearly labeled table or chart with the task outcome, units, comparison basis and relevant sample or scope. Check all calculations. Use only facts supported by the scenario. Label any proposed fictional additions for review. Do not add highlighted errors, warning verdicts, invented risks or corrective answers. Define labels and scores. Avoid repeating the scenario. Preserve equivalent English and Thai evidence and record unverified release checks."
"data-chart-dashboard","Dashboard / chart / calculation evidence","D2","Output refinement","awareness","high","4","NH-EXECUTIVE-PEOPLE-D2-OUTPUT-REFINEMENT-AWARENESS-03; NH-EXECUTIVE-PEOPLE-D2-OUTPUT-REFINEMENT-AWARENESS-04; NH-EXECUTIVE-TRANSFORMATION-D2-OUTPUT-REFINEMENT-AWARENESS-02; NH-EXECUTIVE-TRANSFORMATION-D2-OUTPUT-REFINEMENT-AWARENESS-03","A clearly labeled table or chart with the task outcome, units, comparison basis and relevant sample or scope. Check all calculations.","A clearly labeled table or chart with the task outcome, units, comparison basis and relevant sample or scope. Check all calculations. Use only facts supported by the scenario. Label any proposed fictional additions for review. Do not add highlighted errors, warning verdicts, invented risks or corrective answers. Define labels and scores. Avoid repeating the scenario. Preserve equivalent English and Thai evidence and record unverified release checks."
"data-chart-dashboard","Dashboard / chart / calculation evidence","D2","Output refinement","applied","high","4","NH-EXECUTIVE-PEOPLE-D2-OUTPUT-REFINEMENT-APPLIED-01; NH-EXECUTIVE-PEOPLE-D2-OUTPUT-REFINEMENT-APPLIED-02; NH-EXECUTIVE-TRANSFORMATION-D2-OUTPUT-REFINEMENT-APPLIED-02; NH-EXECUTIVE-TRANSFORMATION-D2-OUTPUT-REFINEMENT-APPLIED-03","A clearly labeled table or chart with the task outcome, units, comparison basis and relevant sample or scope. Check all calculations.","A clearly labeled table or chart with the task outcome, units, comparison basis and relevant sample or scope. Check all calculations. Use only facts supported by the scenario. Label any proposed fictional additions for review. Do not add highlighted errors, warning verdicts, invented risks or corrective answers. Define labels and scores. Avoid repeating the scenario. Preserve equivalent English and Thai evidence and record unverified release checks."
"data-chart-dashboard","Dashboard / chart / calculation evidence","D4","Data protection and privacy","awareness","high","4","NH-EXECUTIVE-PEOPLE-D4-DATA-PRIVACY-AWARENESS-01; NH-EXECUTIVE-PEOPLE-D4-DATA-PRIVACY-AWARENESS-02; NH-EXECUTIVE-PEOPLE-D4-DATA-PRIVACY-AWARENESS-03; NH-EXECUTIVE-PEOPLE-D4-DATA-PRIVACY-AWARENESS-04","A clearly labeled table or chart with the task outcome, units, comparison basis and relevant sample or scope. Check all calculations.","A clearly labeled table or chart with the task outcome, units, comparison basis and relevant sample or scope. Check all calculations. Use only facts supported by the scenario. Label any proposed fictional additions for review. Do not add highlighted errors, warning verdicts, invented risks or corrective answers. Define labels and scores. Avoid repeating the scenario. Preserve equivalent English and Thai evidence and record unverified release checks."
"data-chart-dashboard","Dashboard / chart / calculation evidence","D4","Data protection and privacy","applied","high","4","NH-EXECUTIVE-PEOPLE-D4-DATA-PRIVACY-APPLIED-01; NH-EXECUTIVE-PEOPLE-D4-DATA-PRIVACY-APPLIED-02; NH-EXECUTIVE-PEOPLE-D4-DATA-PRIVACY-APPLIED-03; NH-EXECUTIVE-PEOPLE-D4-DATA-PRIVACY-APPLIED-04","A clearly labeled table or chart with the task outcome, units, comparison basis and relevant sample or scope. Check all calculations.","A clearly labeled table or chart with the task outcome, units, comparison basis and relevant sample or scope. Check all calculations. Use only facts supported by the scenario. Label any proposed fictional additions for review. Do not add highlighted errors, warning verdicts, invented risks or corrective answers. Define labels and scores. Avoid repeating the scenario. Preserve equivalent English and Thai evidence and record unverified release checks."
"data-chart-dashboard","Dashboard / chart / calculation evidence","D6","Human-AI role clarity","applied","high","4","NH-EXECUTIVE-PEOPLE-D6-ROLE-CLARITY-APPLIED-02; NH-EXECUTIVE-PEOPLE-D6-ROLE-CLARITY-APPLIED-03; NH-EXECUTIVE-FINANCE-D6-ROLE-CLARITY-APPLIED-03; NH-EXECUTIVE-FINANCE-D6-ROLE-CLARITY-APPLIED-04","A clearly labeled table or chart with the task outcome, units, comparison basis and relevant sample or scope. Check all calculations.","A clearly labeled table or chart with the task outcome, units, comparison basis and relevant sample or scope. Check all calculations. Use only facts supported by the scenario. Label any proposed fictional additions for review. Do not add highlighted errors, warning verdicts, invented risks or corrective answers. Define labels and scores. Avoid repeating the scenario. Preserve equivalent English and Thai evidence and record unverified release checks."
"media-asset-review","Media / asset provenance evidence","D5","Strategy and transformation","awareness","high","4","NH-CORE-GENERAL-D5-TRANSFORMATION-STRATEGY-AWARENESS-01; NH-EXECUTIVE-FINANCE-D5-TRANSFORMATION-STRATEGY-AWARENESS-04; NH-EXECUTIVE-TRANSFORMATION-D5-TRANSFORMATION-STRATEGY-AWARENESS-01; NH-EXECUTIVE-TRANSFORMATION-D5-TRANSFORMATION-STRATEGY-AWARENESS-03","A task brief, proposed media and relevant source or permission records. Show the objective and intended use clearly.","A task brief, proposed media and relevant source or permission records. Show the objective and intended use clearly. Use only facts supported by the scenario. Label any proposed fictional additions for review. Do not add highlighted errors, warning verdicts, invented risks or corrective answers. Define labels and scores. Avoid repeating the scenario. Preserve equivalent English and Thai evidence and record unverified release checks."
"media-asset-review","Media / asset provenance evidence","D1","Generative AI mechanics","awareness","high","4","NH-FUNCTION-MARKETING-D1-GENAI-MECHANICS-AWARENESS-01; NH-FUNCTION-MARKETING-D1-GENAI-MECHANICS-AWARENESS-02; NH-FUNCTION-MARKETING-D1-GENAI-MECHANICS-AWARENESS-03; NH-FUNCTION-MARKETING-D1-GENAI-MECHANICS-AWARENESS-04","A task brief, proposed media and relevant source or permission records. Show the objective and intended use clearly.","A task brief, proposed media and relevant source or permission records. Show the objective and intended use clearly. Use only facts supported by the scenario. Label any proposed fictional additions for review. Do not add highlighted errors, warning verdicts, invented risks or corrective answers. Define labels and scores. Avoid repeating the scenario. Preserve equivalent English and Thai evidence and record unverified release checks."
"media-asset-review","Media / asset provenance evidence","D1","Generative AI mechanics","applied","high","4","NH-FUNCTION-MARKETING-D1-GENAI-MECHANICS-APPLIED-01; NH-FUNCTION-MARKETING-D1-GENAI-MECHANICS-APPLIED-02; NH-FUNCTION-MARKETING-D1-GENAI-MECHANICS-APPLIED-03; NH-FUNCTION-MARKETING-D1-GENAI-MECHANICS-APPLIED-04","A task brief, proposed media and relevant source or permission records. Show the objective and intended use clearly.","A task brief, proposed media and relevant source or permission records. Show the objective and intended use clearly. Use only facts supported by the scenario. Label any proposed fictional additions for review. Do not add highlighted errors, warning verdicts, invented risks or corrective answers. Define labels and scores. Avoid repeating the scenario. Preserve equivalent English and Thai evidence and record unverified release checks."
"media-asset-review","Media / asset provenance evidence","D2","Prompt design","awareness","high","4","NH-FUNCTION-MARKETING-D2-PROMPT-DESIGN-AWARENESS-01; NH-FUNCTION-MARKETING-D2-PROMPT-DESIGN-AWARENESS-02; NH-FUNCTION-MARKETING-D2-PROMPT-DESIGN-AWARENESS-03; NH-FUNCTION-MARKETING-D2-PROMPT-DESIGN-AWARENESS-04","A task brief, proposed media and relevant source or permission records. Show the objective and intended use clearly.","A task brief, proposed media and relevant source or permission records. Show the objective and intended use clearly. Use only facts supported by the scenario. Label any proposed fictional additions for review. Do not add highlighted errors, warning verdicts, invented risks or corrective answers. Define labels and scores. Avoid repeating the scenario. Preserve equivalent English and Thai evidence and record unverified release checks."
"media-asset-review","Media / asset provenance evidence","D2","Prompt design","applied","high","4","NH-FUNCTION-MARKETING-D2-PROMPT-DESIGN-APPLIED-01; NH-FUNCTION-MARKETING-D2-PROMPT-DESIGN-APPLIED-02; NH-FUNCTION-MARKETING-D2-PROMPT-DESIGN-APPLIED-03; NH-FUNCTION-MARKETING-D2-PROMPT-DESIGN-APPLIED-04","A task brief, proposed media and relevant source or permission records. Show the objective and intended use clearly.","A task brief, proposed media and relevant source or permission records. Show the objective and intended use clearly. Use only facts supported by the scenario. Label any proposed fictional additions for review. Do not add highlighted errors, warning verdicts, invented risks or corrective answers. Define labels and scores. Avoid repeating the scenario. Preserve equivalent English and Thai evidence and record unverified release checks."
"media-asset-review","Media / asset provenance evidence","D2","Output refinement","proficient","high","4","NH-FUNCTION-MARKETING-D2-OUTPUT-REFINEMENT-PROFICIENT-01; NH-FUNCTION-MARKETING-D2-OUTPUT-REFINEMENT-PROFICIENT-02; NH-FUNCTION-MARKETING-D2-OUTPUT-REFINEMENT-PROFICIENT-03; NH-EXECUTIVE-TRANSFORMATION-D2-OUTPUT-REFINEMENT-PROFICIENT-01","A task brief, proposed media and relevant source or permission records. Show the objective and intended use clearly.","A task brief, proposed media and relevant source or permission records. Show the objective and intended use clearly. Use only facts supported by the scenario. Label any proposed fictional additions for review. Do not add highlighted errors, warning verdicts, invented risks or corrective answers. Define labels and scores. Avoid repeating the scenario. Preserve equivalent English and Thai evidence and record unverified release checks."
"media-asset-review","Media / asset provenance evidence","D2","Output refinement","advanced","high","4","NH-FUNCTION-MARKETING-D2-OUTPUT-REFINEMENT-ADVANCED-02; NH-FUNCTION-MARKETING-D2-OUTPUT-REFINEMENT-ADVANCED-03; NH-FUNCTION-MARKETING-D2-OUTPUT-REFINEMENT-ADVANCED-04; NH-EXECUTIVE-TRANSFORMATION-D2-OUTPUT-REFINEMENT-ADVANCED-01","A task brief, proposed media and relevant source or permission records. Show the objective and intended use clearly.","A task brief, proposed media and relevant source or permission records. Show the objective and intended use clearly. Use only facts supported by the scenario. Label any proposed fictional additions for review. Do not add highlighted errors, warning verdicts, invented risks or corrective answers. Define labels and scores. Avoid repeating the scenario. Preserve equivalent English and Thai evidence and record unverified release checks."
"media-asset-review","Media / asset provenance evidence","D6","Learning and improvement loops","advanced","high","4","NH-FUNCTION-MARKETING-D6-LEARNING-LOOPS-ADVANCED-01; NH-FUNCTION-MARKETING-D6-LEARNING-LOOPS-ADVANCED-02; NH-FUNCTION-MARKETING-D6-LEARNING-LOOPS-ADVANCED-04; NH-EXECUTIVE-TRANSFORMATION-D6-LEARNING-LOOPS-ADVANCED-01","A task brief, proposed media and relevant source or permission records. Show the objective and intended use clearly.","A task brief, proposed media and relevant source or permission records. Show the objective and intended use clearly. Use only facts supported by the scenario. Label any proposed fictional additions for review. Do not add highlighted errors, warning verdicts, invented risks or corrective answers. Define labels and scores. Avoid repeating the scenario. Preserve equivalent English and Thai evidence and record unverified release checks."
"security-audit-log","Security / access / audit evidence","D1","AI systems literacy","advanced","high","4","NH-CORE-GENERAL-D1-AI-SYSTEMS-ADVANCED-01; NH-FUNCTION-FINANCE-D1-AI-SYSTEMS-ADVANCED-02; NH-FUNCTION-FINANCE-D1-AI-SYSTEMS-ADVANCED-03; NH-EXECUTIVE-FINANCE-D1-AI-SYSTEMS-ADVANCED-02","A realistic access or audit record containing only the identities, scopes, actions and authorization evidence needed for the decision.","A realistic access or audit record containing only the identities, scopes, actions and authorization evidence needed for the decision. Use only facts supported by the scenario. Label any proposed fictional additions for review. Do not add highlighted errors, warning verdicts, invented risks or corrective answers. Define labels and scores. Avoid repeating the scenario. Preserve equivalent English and Thai evidence and record unverified release checks."
"security-audit-log","Security / access / audit evidence","D3","Fraud and manipulation detection","advanced","high","4","NH-CORE-GENERAL-D3-FRAUD-DETECTION-ADVANCED-01; NH-FUNCTION-FINANCE-D3-FRAUD-DETECTION-ADVANCED-04; NH-INDUSTRY-FINANCIAL-D3-FRAUD-DETECTION-ADVANCED-03; NH-EXECUTIVE-FINANCE-D3-FRAUD-DETECTION-ADVANCED-04","A realistic access or audit record containing only the identities, scopes, actions and authorization evidence needed for the decision.","A realistic access or audit record containing only the identities, scopes, actions and authorization evidence needed for the decision. Use only facts supported by the scenario. Label any proposed fictional additions for review. Do not add highlighted errors, warning verdicts, invented risks or corrective answers. Define labels and scores. Avoid repeating the scenario. Preserve equivalent English and Thai evidence and record unverified release checks."
"security-audit-log","Security / access / audit evidence","D3","Fraud and manipulation detection","awareness","high","4","NH-FUNCTION-FINANCE-D3-FRAUD-DETECTION-AWARENESS-02; NH-INDUSTRY-FINANCIAL-D3-FRAUD-DETECTION-AWARENESS-01; NH-INDUSTRY-FINANCIAL-D3-FRAUD-DETECTION-AWARENESS-03; NH-INDUSTRY-FINANCIAL-D3-FRAUD-DETECTION-AWARENESS-04","A realistic access or audit record containing only the identities, scopes, actions and authorization evidence needed for the decision.","A realistic access or audit record containing only the identities, scopes, actions and authorization evidence needed for the decision. Use only facts supported by the scenario. Label any proposed fictional additions for review. Do not add highlighted errors, warning verdicts, invented risks or corrective answers. Define labels and scores. Avoid repeating the scenario. Preserve equivalent English and Thai evidence and record unverified release checks."
"security-audit-log","Security / access / audit evidence","D3","Fraud and manipulation detection","applied","high","4","NH-FUNCTION-FINANCE-D3-FRAUD-DETECTION-APPLIED-02; NH-INDUSTRY-FINANCIAL-D3-FRAUD-DETECTION-APPLIED-01; NH-INDUSTRY-FINANCIAL-D3-FRAUD-DETECTION-APPLIED-03; NH-INDUSTRY-FINANCIAL-D3-FRAUD-DETECTION-APPLIED-04","A realistic access or audit record containing only the identities, scopes, actions and authorization evidence needed for the decision.","A realistic access or audit record containing only the identities, scopes, actions and authorization evidence needed for the decision. Use only facts supported by the scenario. Label any proposed fictional additions for review. Do not add highlighted errors, warning verdicts, invented risks or corrective answers. Define labels and scores. Avoid repeating the scenario. Preserve equivalent English and Thai evidence and record unverified release checks."
"security-audit-log","Security / access / audit evidence","D4","Regulatory and policy fluency","advanced","high","4","NH-FUNCTION-FINANCE-D4-REGULATORY-POLICY-ADVANCED-02; NH-INDUSTRY-FINANCIAL-D4-REGULATORY-POLICY-ADVANCED-01; NH-INDUSTRY-FINANCIAL-D4-REGULATORY-POLICY-ADVANCED-04; NH-INDUSTRY-PUBLIC-D4-REGULATORY-POLICY-ADVANCED-04","A realistic access or audit record containing only the identities, scopes, actions and authorization evidence needed for the decision.","A realistic access or audit record containing only the identities, scopes, actions and authorization evidence needed for the decision. Use only facts supported by the scenario. Label any proposed fictional additions for review. Do not add highlighted errors, warning verdicts, invented risks or corrective answers. Define labels and scores. Avoid repeating the scenario. Preserve equivalent English and Thai evidence and record unverified release checks."
"source-comparison-pack","Source comparison / version evidence","D2","Output refinement","advanced","high","4","NH-CORE-GENERAL-D2-OUTPUT-REFINEMENT-ADVANCED-02; NH-CORE-GENERAL-D2-OUTPUT-REFINEMENT-ADVANCED-05; NH-FUNCTION-PEOPLE-D2-OUTPUT-REFINEMENT-ADVANCED-03; NH-FUNCTION-CUSTOMERSERVICE-D2-OUTPUT-REFINEMENT-ADVANCED-03","Source excerpts with document IDs, versions, dates and scope needed for the question. Present all excerpts neutrally.","Source excerpts with document IDs, versions, dates and scope needed for the question. Present all excerpts neutrally. Use only facts supported by the scenario. Label any proposed fictional additions for review. Do not add highlighted errors, warning verdicts, invented risks or corrective answers. Define labels and scores. Avoid repeating the scenario. Preserve equivalent English and Thai evidence and record unverified release checks."
"workflow-trace","Workflow / agent trace","D1","Generative AI mechanics","proficient","high","4","NH-FUNCTION-TECHNICAL-D1-GENAI-MECHANICS-PROFICIENT-02; NH-FUNCTION-TECHNICAL-D1-GENAI-MECHANICS-PROFICIENT-03; NH-EXECUTIVE-TECHNOLOGY-D1-GENAI-MECHANICS-PROFICIENT-01; NH-EXECUTIVE-TECHNOLOGY-D1-GENAI-MECHANICS-PROFICIENT-02","A workflow record showing the relevant actions, permissions, approvals and outcomes without marking the correct diagnosis.","A workflow record showing the relevant actions, permissions, approvals and outcomes without marking the correct diagnosis. Use only facts supported by the scenario. Label any proposed fictional additions for review. Do not add highlighted errors, warning verdicts, invented risks or corrective answers. Define labels and scores. Avoid repeating the scenario. Preserve equivalent English and Thai evidence and record unverified release checks."
"workflow-trace","Workflow / agent trace","D3","Source and claim verification","advanced","high","4","NH-FUNCTION-TECHNICAL-D3-SOURCE-VERIFICATION-ADVANCED-01; NH-FUNCTION-TECHNICAL-D3-SOURCE-VERIFICATION-ADVANCED-03; NH-EXECUTIVE-TECHNOLOGY-D3-SOURCE-VERIFICATION-ADVANCED-01; NH-EXECUTIVE-TECHNOLOGY-D3-SOURCE-VERIFICATION-ADVANCED-03","A workflow record showing the relevant actions, permissions, approvals and outcomes without marking the correct diagnosis.","A workflow record showing the relevant actions, permissions, approvals and outcomes without marking the correct diagnosis. Use only facts supported by the scenario. Label any proposed fictional additions for review. Do not add highlighted errors, warning verdicts, invented risks or corrective answers. Define labels and scores. Avoid repeating the scenario. Preserve equivalent English and Thai evidence and record unverified release checks."
"communication-thread","Email / chat / ticket thread","D2","Prompt design","awareness","medium","3","NH-CORE-GENERAL-D2-PROMPT-DESIGN-AWARENESS-04; NH-FUNCTION-PEOPLE-D2-PROMPT-DESIGN-AWARENESS-02; NH-FUNCTION-PEOPLE-D2-PROMPT-DESIGN-AWARENESS-04","A realistic message or ticket containing only the communication evidence needed for this question, with clear speakers and sequence.","A realistic message or ticket containing only the communication evidence needed for this question, with clear speakers and sequence. Use only facts supported by the scenario. Label any proposed fictional additions for review. Do not add highlighted errors, warning verdicts, invented risks or corrective answers. Define labels and scores. Avoid repeating the scenario. Preserve equivalent English and Thai evidence and record unverified release checks."
"communication-thread","Email / chat / ticket thread","D2","Prompt design","advanced","medium","3","NH-CORE-GENERAL-D2-PROMPT-DESIGN-ADVANCED-04; NH-FUNCTION-PEOPLE-D2-PROMPT-DESIGN-ADVANCED-01; NH-FUNCTION-PEOPLE-D2-PROMPT-DESIGN-ADVANCED-02","A realistic message or ticket containing only the communication evidence needed for this question, with clear speakers and sequence.","A realistic message or ticket containing only the communication evidence needed for this question, with clear speakers and sequence. Use only facts supported by the scenario. Label any proposed fictional additions for review. Do not add highlighted errors, warning verdicts, invented risks or corrective answers. Define labels and scores. Avoid repeating the scenario. Preserve equivalent English and Thai evidence and record unverified release checks."
"communication-thread","Email / chat / ticket thread","D2","Output refinement","proficient","medium","3","NH-CORE-GENERAL-D2-OUTPUT-REFINEMENT-PROFICIENT-04; NH-FUNCTION-PEOPLE-D2-OUTPUT-REFINEMENT-PROFICIENT-01; NH-FUNCTION-PEOPLE-D2-OUTPUT-REFINEMENT-PROFICIENT-04","A realistic message or ticket containing only the communication evidence needed for this question, with clear speakers and sequence.","A realistic message or ticket containing only the communication evidence needed for this question, with clear speakers and sequence. Use only facts supported by the scenario. Label any proposed fictional additions for review. Do not add highlighted errors, warning verdicts, invented risks or corrective answers. Define labels and scores. Avoid repeating the scenario. Preserve equivalent English and Thai evidence and record unverified release checks."
"communication-thread","Email / chat / ticket thread","D3","Source and claim verification","applied","high","3","NH-CORE-GENERAL-D3-SOURCE-VERIFICATION-APPLIED-04; NH-FUNCTION-PEOPLE-D3-SOURCE-VERIFICATION-APPLIED-02; NH-FUNCTION-PEOPLE-D3-SOURCE-VERIFICATION-APPLIED-04","A realistic message or ticket containing only the communication evidence needed for this question, with clear speakers and sequence.","A realistic message or ticket containing only the communication evidence needed for this question, with clear speakers and sequence. Use only facts supported by the scenario. Label any proposed fictional additions for review. Do not add highlighted errors, warning verdicts, invented risks or corrective answers. Define labels and scores. Avoid repeating the scenario. Preserve equivalent English and Thai evidence and record unverified release checks."
"communication-thread","Email / chat / ticket thread","D3","Source and claim verification","proficient","medium","3","NH-CORE-GENERAL-D3-SOURCE-VERIFICATION-PROFICIENT-04; NH-FUNCTION-PEOPLE-D3-SOURCE-VERIFICATION-PROFICIENT-01; NH-FUNCTION-PEOPLE-D3-SOURCE-VERIFICATION-PROFICIENT-04","A realistic message or ticket containing only the communication evidence needed for this question, with clear speakers and sequence.","A realistic message or ticket containing only the communication evidence needed for this question, with clear speakers and sequence. Use only facts supported by the scenario. Label any proposed fictional additions for review. Do not add highlighted errors, warning verdicts, invented risks or corrective answers. Define labels and scores. Avoid repeating the scenario. Preserve equivalent English and Thai evidence and record unverified release checks."
"communication-thread","Email / chat / ticket thread","D3","Fraud and manipulation detection","applied","high","3","NH-CORE-GENERAL-D3-FRAUD-DETECTION-APPLIED-01; NH-CORE-GENERAL-D3-FRAUD-DETECTION-APPLIED-04; NH-FUNCTION-FINANCE-D3-FRAUD-DETECTION-APPLIED-01","A realistic message or ticket containing only the communication evidence needed for this question, with clear speakers and sequence.","A realistic message or ticket containing only the communication evidence needed for this question, with clear speakers and sequence. Use only facts supported by the scenario. Label any proposed fictional additions for review. Do not add highlighted errors, warning verdicts, invented risks or corrective answers. Define labels and scores. Avoid repeating the scenario. Preserve equivalent English and Thai evidence and record unverified release checks."
"communication-thread","Email / chat / ticket thread","D4","Security and governance controls","advanced","high","3","NH-CORE-GENERAL-D4-SECURITY-GOVERNANCE-ADVANCED-04; NH-INDUSTRY-PUBLIC-D4-SECURITY-GOVERNANCE-ADVANCED-02; NH-INDUSTRY-PUBLIC-D4-SECURITY-GOVERNANCE-ADVANCED-03","A realistic message or ticket containing only the communication evidence needed for this question, with clear speakers and sequence.","A realistic message or ticket containing only the communication evidence needed for this question, with clear speakers and sequence. Use only facts supported by the scenario. Label any proposed fictional additions for review. Do not add highlighted errors, warning verdicts, invented risks or corrective answers. Define labels and scores. Avoid repeating the scenario. Preserve equivalent English and Thai evidence and record unverified release checks."
"communication-thread","Email / chat / ticket thread","D5","Use-case evaluation","awareness","high","3","NH-CORE-GENERAL-D5-USECASE-FIT-AWARENESS-04; NH-FUNCTION-PEOPLE-D5-USECASE-FIT-AWARENESS-01; NH-FUNCTION-PEOPLE-D5-USECASE-FIT-AWARENESS-02","A realistic message or ticket containing only the communication evidence needed for this question, with clear speakers and sequence.","A realistic message or ticket containing only the communication evidence needed for this question, with clear speakers and sequence. Use only facts supported by the scenario. Label any proposed fictional additions for review. Do not add highlighted errors, warning verdicts, invented risks or corrective answers. Define labels and scores. Avoid repeating the scenario. Preserve equivalent English and Thai evidence and record unverified release checks."
"communication-thread","Email / chat / ticket thread","D5","Use-case evaluation","applied","high","3","NH-CORE-GENERAL-D5-USECASE-FIT-APPLIED-04; NH-FUNCTION-PEOPLE-D5-USECASE-FIT-APPLIED-01; NH-FUNCTION-PEOPLE-D5-USECASE-FIT-APPLIED-02","A realistic message or ticket containing only the communication evidence needed for this question, with clear speakers and sequence.","A realistic message or ticket containing only the communication evidence needed for this question, with clear speakers and sequence. Use only facts supported by the scenario. Label any proposed fictional additions for review. Do not add highlighted errors, warning verdicts, invented risks or corrective answers. Define labels and scores. Avoid repeating the scenario. Preserve equivalent English and Thai evidence and record unverified release checks."
"communication-thread","Email / chat / ticket thread","D5","Use-case evaluation","advanced","medium","3","NH-CORE-GENERAL-D5-USECASE-FIT-ADVANCED-04; NH-FUNCTION-PEOPLE-D5-USECASE-FIT-ADVANCED-01; NH-FUNCTION-PEOPLE-D5-USECASE-FIT-ADVANCED-02","A realistic message or ticket containing only the communication evidence needed for this question, with clear speakers and sequence.","A realistic message or ticket containing only the communication evidence needed for this question, with clear speakers and sequence. Use only facts supported by the scenario. Label any proposed fictional additions for review. Do not add highlighted errors, warning verdicts, invented risks or corrective answers. Define labels and scores. Avoid repeating the scenario. Preserve equivalent English and Thai evidence and record unverified release checks."
"communication-thread","Email / chat / ticket thread","D2","Output refinement","advanced","high","3","NH-FUNCTION-PEOPLE-D2-OUTPUT-REFINEMENT-ADVANCED-01; NH-FUNCTION-PEOPLE-D2-OUTPUT-REFINEMENT-ADVANCED-02; NH-FUNCTION-PEOPLE-D2-OUTPUT-REFINEMENT-ADVANCED-04","A realistic message or ticket containing only the communication evidence needed for this question, with clear speakers and sequence.","A realistic message or ticket containing only the communication evidence needed for this question, with clear speakers and sequence. Use only facts supported by the scenario. Label any proposed fictional additions for review. Do not add highlighted errors, warning verdicts, invented risks or corrective answers. Define labels and scores. Avoid repeating the scenario. Preserve equivalent English and Thai evidence and record unverified release checks."
"data-chart-dashboard","Dashboard / chart / calculation evidence","D2","Agentic workflows","applied","high","3","NH-FUNCTION-FINANCE-D2-AGENTIC-WORKFLOWS-APPLIED-03; NH-EXECUTIVE-TRANSFORMATION-D2-AGENTIC-WORKFLOWS-APPLIED-02; NH-EXECUTIVE-TRANSFORMATION-D2-AGENTIC-WORKFLOWS-APPLIED-04","A clearly labeled table or chart with the task outcome, units, comparison basis and relevant sample or scope. Check all calculations.","A clearly labeled table or chart with the task outcome, units, comparison basis and relevant sample or scope. Check all calculations. Use only facts supported by the scenario. Label any proposed fictional additions for review. Do not add highlighted errors, warning verdicts, invented risks or corrective answers. Define labels and scores. Avoid repeating the scenario. Preserve equivalent English and Thai evidence and record unverified release checks."
"data-chart-dashboard","Dashboard / chart / calculation evidence","D1","AI systems literacy","advanced","high","3","NH-EXECUTIVE-CEO-D1-AI-SYSTEMS-ADVANCED-04; NH-EXECUTIVE-FINANCE-D1-AI-SYSTEMS-ADVANCED-01; NH-EXECUTIVE-TRANSFORMATION-D1-AI-SYSTEMS-ADVANCED-04","A clearly labeled table or chart with the task outcome, units, comparison basis and relevant sample or scope. Check all calculations.","A clearly labeled table or chart with the task outcome, units, comparison basis and relevant sample or scope. Check all calculations. Use only facts supported by the scenario. Label any proposed fictional additions for review. Do not add highlighted errors, warning verdicts, invented risks or corrective answers. Define labels and scores. Avoid repeating the scenario. Preserve equivalent English and Thai evidence and record unverified release checks."
"data-chart-dashboard","Dashboard / chart / calculation evidence","D3","Source and claim verification","advanced","high","3","NH-EXECUTIVE-CEO-D3-SOURCE-VERIFICATION-ADVANCED-02; NH-EXECUTIVE-PEOPLE-D3-SOURCE-VERIFICATION-ADVANCED-04; NH-EXECUTIVE-TRANSFORMATION-D3-SOURCE-VERIFICATION-ADVANCED-03","A clearly labeled table or chart with the task outcome, units, comparison basis and relevant sample or scope. Check all calculations.","A clearly labeled table or chart with the task outcome, units, comparison basis and relevant sample or scope. Check all calculations. Use only facts supported by the scenario. Label any proposed fictional additions for review. Do not add highlighted errors, warning verdicts, invented risks or corrective answers. Define labels and scores. Avoid repeating the scenario. Preserve equivalent English and Thai evidence and record unverified release checks."
"data-chart-dashboard","Dashboard / chart / calculation evidence","D4","Data protection and privacy","proficient","high","3","NH-EXECUTIVE-PEOPLE-D4-DATA-PRIVACY-PROFICIENT-01; NH-EXECUTIVE-PEOPLE-D4-DATA-PRIVACY-PROFICIENT-02; NH-EXECUTIVE-PEOPLE-D4-DATA-PRIVACY-PROFICIENT-04","A clearly labeled table or chart with the task outcome, units, comparison basis and relevant sample or scope. Check all calculations.","A clearly labeled table or chart with the task outcome, units, comparison basis and relevant sample or scope. Check all calculations. Use only facts supported by the scenario. Label any proposed fictional additions for review. Do not add highlighted errors, warning verdicts, invented risks or corrective answers. Define labels and scores. Avoid repeating the scenario. Preserve equivalent English and Thai evidence and record unverified release checks."
"data-chart-dashboard","Dashboard / chart / calculation evidence","D4","Data protection and privacy","advanced","high","3","NH-EXECUTIVE-PEOPLE-D4-DATA-PRIVACY-ADVANCED-01; NH-EXECUTIVE-PEOPLE-D4-DATA-PRIVACY-ADVANCED-03; NH-EXECUTIVE-PEOPLE-D4-DATA-PRIVACY-ADVANCED-04","A clearly labeled table or chart with the task outcome, units, comparison basis and relevant sample or scope. Check all calculations.","A clearly labeled table or chart with the task outcome, units, comparison basis and relevant sample or scope. Check all calculations. Use only facts supported by the scenario. Label any proposed fictional additions for review. Do not add highlighted errors, warning verdicts, invented risks or corrective answers. Define labels and scores. Avoid repeating the scenario. Preserve equivalent English and Thai evidence and record unverified release checks."
"data-chart-dashboard","Dashboard / chart / calculation evidence","D4","Fairness, ethics, and rights","awareness","high","3","NH-EXECUTIVE-PEOPLE-D4-FAIRNESS-ETHICS-AWARENESS-02; NH-EXECUTIVE-PEOPLE-D4-FAIRNESS-ETHICS-AWARENESS-03; NH-EXECUTIVE-PEOPLE-D4-FAIRNESS-ETHICS-AWARENESS-04","A clearly labeled table or chart with the task outcome, units, comparison basis and relevant sample or scope. Check all calculations.","A clearly labeled table or chart with the task outcome, units, comparison basis and relevant sample or scope. Check all calculations. Use only facts supported by the scenario. Label any proposed fictional additions for review. Do not add highlighted errors, warning verdicts, invented risks or corrective answers. Define labels and scores. Avoid repeating the scenario. Preserve equivalent English and Thai evidence and record unverified release checks."
"data-chart-dashboard","Dashboard / chart / calculation evidence","D4","Fairness, ethics, and rights","applied","high","3","NH-EXECUTIVE-PEOPLE-D4-FAIRNESS-ETHICS-APPLIED-01; NH-EXECUTIVE-PEOPLE-D4-FAIRNESS-ETHICS-APPLIED-02; NH-EXECUTIVE-PEOPLE-D4-FAIRNESS-ETHICS-APPLIED-03","A clearly labeled table or chart with the task outcome, units, comparison basis and relevant sample or scope. Check all calculations.","A clearly labeled table or chart with the task outcome, units, comparison basis and relevant sample or scope. Check all calculations. Use only facts supported by the scenario. Label any proposed fictional additions for review. Do not add highlighted errors, warning verdicts, invented risks or corrective answers. Define labels and scores. Avoid repeating the scenario. Preserve equivalent English and Thai evidence and record unverified release checks."
"data-chart-dashboard","Dashboard / chart / calculation evidence","D4","Fairness, ethics, and rights","proficient","high","3","NH-EXECUTIVE-PEOPLE-D4-FAIRNESS-ETHICS-PROFICIENT-01; NH-EXECUTIVE-PEOPLE-D4-FAIRNESS-ETHICS-PROFICIENT-02; NH-EXECUTIVE-PEOPLE-D4-FAIRNESS-ETHICS-PROFICIENT-03","A clearly labeled table or chart with the task outcome, units, comparison basis and relevant sample or scope. Check all calculations.","A clearly labeled table or chart with the task outcome, units, comparison basis and relevant sample or scope. Check all calculations. Use only facts supported by the scenario. Label any proposed fictional additions for review. Do not add highlighted errors, warning verdicts, invented risks or corrective answers. Define labels and scores. Avoid repeating the scenario. Preserve equivalent English and Thai evidence and record unverified release checks."
"data-chart-dashboard","Dashboard / chart / calculation evidence","D4","Fairness, ethics, and rights","advanced","high","3","NH-EXECUTIVE-PEOPLE-D4-FAIRNESS-ETHICS-ADVANCED-02; NH-EXECUTIVE-PEOPLE-D4-FAIRNESS-ETHICS-ADVANCED-03; NH-EXECUTIVE-PEOPLE-D4-FAIRNESS-ETHICS-ADVANCED-04","A clearly labeled table or chart with the task outcome, units, comparison basis and relevant sample or scope. Check all calculations.","A clearly labeled table or chart with the task outcome, units, comparison basis and relevant sample or scope. Check all calculations. Use only facts supported by the scenario. Label any proposed fictional additions for review. Do not add highlighted errors, warning verdicts, invented risks or corrective answers. Define labels and scores. Avoid repeating the scenario. Preserve equivalent English and Thai evidence and record unverified release checks."
"data-chart-dashboard","Dashboard / chart / calculation evidence","D3","Fraud and manipulation detection","applied","high","3","NH-EXECUTIVE-FINANCE-D3-FRAUD-DETECTION-APPLIED-01; NH-EXECUTIVE-FINANCE-D3-FRAUD-DETECTION-APPLIED-02; NH-EXECUTIVE-FINANCE-D3-FRAUD-DETECTION-APPLIED-03","A clearly labeled table or chart with the task outcome, units, comparison basis and relevant sample or scope. Check all calculations.","A clearly labeled table or chart with the task outcome, units, comparison basis and relevant sample or scope. Check all calculations. Use only facts supported by the scenario. Label any proposed fictional additions for review. Do not add highlighted errors, warning verdicts, invented risks or corrective answers. Define labels and scores. Avoid repeating the scenario. Preserve equivalent English and Thai evidence and record unverified release checks."
"media-asset-review","Media / asset provenance evidence","D1","Generative AI mechanics","advanced","high","3","NH-FUNCTION-MARKETING-D1-GENAI-MECHANICS-ADVANCED-01; NH-FUNCTION-MARKETING-D1-GENAI-MECHANICS-ADVANCED-02; NH-FUNCTION-MARKETING-D1-GENAI-MECHANICS-ADVANCED-03","A task brief, proposed media and relevant source or permission records. Show the objective and intended use clearly.","A task brief, proposed media and relevant source or permission records. Show the objective and intended use clearly. Use only facts supported by the scenario. Label any proposed fictional additions for review. Do not add highlighted errors, warning verdicts, invented risks or corrective answers. Define labels and scores. Avoid repeating the scenario. Preserve equivalent English and Thai evidence and record unverified release checks."
"media-asset-review","Media / asset provenance evidence","D2","Prompt design","advanced","high","3","NH-FUNCTION-MARKETING-D2-PROMPT-DESIGN-ADVANCED-01; NH-FUNCTION-MARKETING-D2-PROMPT-DESIGN-ADVANCED-02; NH-FUNCTION-MARKETING-D2-PROMPT-DESIGN-ADVANCED-03","A task brief, proposed media and relevant source or permission records. Show the objective and intended use clearly.","A task brief, proposed media and relevant source or permission records. Show the objective and intended use clearly. Use only facts supported by the scenario. Label any proposed fictional additions for review. Do not add highlighted errors, warning verdicts, invented risks or corrective answers. Define labels and scores. Avoid repeating the scenario. Preserve equivalent English and Thai evidence and record unverified release checks."
"media-asset-review","Media / asset provenance evidence","D3","Source and claim verification","proficient","high","3","NH-FUNCTION-MARKETING-D3-SOURCE-VERIFICATION-PROFICIENT-01; NH-FUNCTION-MARKETING-D3-SOURCE-VERIFICATION-PROFICIENT-02; NH-FUNCTION-MARKETING-D3-SOURCE-VERIFICATION-PROFICIENT-04","A task brief, proposed media and relevant source or permission records. Show the objective and intended use clearly.","A task brief, proposed media and relevant source or permission records. Show the objective and intended use clearly. Use only facts supported by the scenario. Label any proposed fictional additions for review. Do not add highlighted errors, warning verdicts, invented risks or corrective answers. Define labels and scores. Avoid repeating the scenario. Preserve equivalent English and Thai evidence and record unverified release checks."
"media-asset-review","Media / asset provenance evidence","D4","Regulatory and policy fluency","awareness","high","3","NH-FUNCTION-MARKETING-D4-REGULATORY-POLICY-AWARENESS-01; NH-FUNCTION-MARKETING-D4-REGULATORY-POLICY-AWARENESS-02; NH-FUNCTION-MARKETING-D4-REGULATORY-POLICY-AWARENESS-03","A task brief, proposed media and relevant source or permission records. Show the objective and intended use clearly.","A task brief, proposed media and relevant source or permission records. Show the objective and intended use clearly. Use only facts supported by the scenario. Label any proposed fictional additions for review. Do not add highlighted errors, warning verdicts, invented risks or corrective answers. Define labels and scores. Avoid repeating the scenario. Preserve equivalent English and Thai evidence and record unverified release checks."
"media-asset-review","Media / asset provenance evidence","D4","Regulatory and policy fluency","proficient","high","3","NH-FUNCTION-MARKETING-D4-REGULATORY-POLICY-PROFICIENT-02; NH-FUNCTION-MARKETING-D4-REGULATORY-POLICY-PROFICIENT-03; NH-FUNCTION-MARKETING-D4-REGULATORY-POLICY-PROFICIENT-04","A task brief, proposed media and relevant source or permission records. Show the objective and intended use clearly.","A task brief, proposed media and relevant source or permission records. Show the objective and intended use clearly. Use only facts supported by the scenario. Label any proposed fictional additions for review. Do not add highlighted errors, warning verdicts, invented risks or corrective answers. Define labels and scores. Avoid repeating the scenario. Preserve equivalent English and Thai evidence and record unverified release checks."
"media-asset-review","Media / asset provenance evidence","D4","Regulatory and policy fluency","advanced","high","3","NH-FUNCTION-MARKETING-D4-REGULATORY-POLICY-ADVANCED-01; NH-FUNCTION-MARKETING-D4-REGULATORY-POLICY-ADVANCED-02; NH-FUNCTION-MARKETING-D4-REGULATORY-POLICY-ADVANCED-03","A task brief, proposed media and relevant source or permission records. Show the objective and intended use clearly.","A task brief, proposed media and relevant source or permission records. Show the objective and intended use clearly. Use only facts supported by the scenario. Label any proposed fictional additions for review. Do not add highlighted errors, warning verdicts, invented risks or corrective answers. Define labels and scores. Avoid repeating the scenario. Preserve equivalent English and Thai evidence and record unverified release checks."
"media-asset-review","Media / asset provenance evidence","D3","Fraud and manipulation detection","awareness","high","3","NH-INDUSTRY-RETAIL-D3-FRAUD-DETECTION-AWARENESS-02; NH-INDUSTRY-RETAIL-D3-FRAUD-DETECTION-AWARENESS-03; NH-INDUSTRY-RETAIL-D3-FRAUD-DETECTION-AWARENESS-04","A task brief, proposed media and relevant source or permission records. Show the objective and intended use clearly.","A task brief, proposed media and relevant source or permission records. Show the objective and intended use clearly. Use only facts supported by the scenario. Label any proposed fictional additions for review. Do not add highlighted errors, warning verdicts, invented risks or corrective answers. Define labels and scores. Avoid repeating the scenario. Preserve equivalent English and Thai evidence and record unverified release checks."
"media-asset-review","Media / asset provenance evidence","D3","Fraud and manipulation detection","proficient","high","3","NH-INDUSTRY-RETAIL-D3-FRAUD-DETECTION-PROFICIENT-02; NH-INDUSTRY-RETAIL-D3-FRAUD-DETECTION-PROFICIENT-03; NH-INDUSTRY-RETAIL-D3-FRAUD-DETECTION-PROFICIENT-04","A task brief, proposed media and relevant source or permission records. Show the objective and intended use clearly.","A task brief, proposed media and relevant source or permission records. Show the objective and intended use clearly. Use only facts supported by the scenario. Label any proposed fictional additions for review. Do not add highlighted errors, warning verdicts, invented risks or corrective answers. Define labels and scores. Avoid repeating the scenario. Preserve equivalent English and Thai evidence and record unverified release checks."
"security-audit-log","Security / access / audit evidence","D2","Tool selection and integration","proficient","high","3","NH-CORE-GENERAL-D2-TOOL-SELECTION-PROFICIENT-01; NH-FUNCTION-GENERAL-D2-TOOL-SELECTION-PROFICIENT-03; NH-FUNCTION-FINANCE-D2-TOOL-SELECTION-PROFICIENT-02","A realistic access or audit record containing only the identities, scopes, actions and authorization evidence needed for the decision.","A realistic access or audit record containing only the identities, scopes, actions and authorization evidence needed for the decision. Use only facts supported by the scenario. Label any proposed fictional additions for review. Do not add highlighted errors, warning verdicts, invented risks or corrective answers. Define labels and scores. Avoid repeating the scenario. Preserve equivalent English and Thai evidence and record unverified release checks."
"security-audit-log","Security / access / audit evidence","D2","Agentic workflows","awareness","high","3","NH-FUNCTION-GENERAL-D2-AGENTIC-WORKFLOWS-AWARENESS-03; NH-FUNCTION-FINANCE-D2-AGENTIC-WORKFLOWS-AWARENESS-01; NH-EXECUTIVE-TRANSFORMATION-D2-AGENTIC-WORKFLOWS-AWARENESS-02","A realistic access or audit record containing only the identities, scopes, actions and authorization evidence needed for the decision.","A realistic access or audit record containing only the identities, scopes, actions and authorization evidence needed for the decision. Use only facts supported by the scenario. Label any proposed fictional additions for review. Do not add highlighted errors, warning verdicts, invented risks or corrective answers. Define labels and scores. Avoid repeating the scenario. Preserve equivalent English and Thai evidence and record unverified release checks."
"security-audit-log","Security / access / audit evidence","D5","ROI and measurement","proficient","high","3","NH-INDUSTRY-FINANCIAL-D5-ROI-METRICS-PROFICIENT-01; NH-INDUSTRY-FINANCIAL-D5-ROI-METRICS-PROFICIENT-03; NH-INDUSTRY-FINANCIAL-D5-ROI-METRICS-PROFICIENT-04","A realistic access or audit record containing only the identities, scopes, actions and authorization evidence needed for the decision.","A realistic access or audit record containing only the identities, scopes, actions and authorization evidence needed for the decision. Use only facts supported by the scenario. Label any proposed fictional additions for review. Do not add highlighted errors, warning verdicts, invented risks or corrective answers. Define labels and scores. Avoid repeating the scenario. Preserve equivalent English and Thai evidence and record unverified release checks."
"source-comparison-pack","Source comparison / version evidence","D3","Media provenance","applied","high","3","NH-CORE-GENERAL-D3-MEDIA-PROVENANCE-APPLIED-02; NH-CORE-GENERAL-D3-MEDIA-PROVENANCE-APPLIED-05; NH-INDUSTRY-RETAIL-D3-MEDIA-PROVENANCE-APPLIED-01","Source excerpts with document IDs, versions, dates and scope needed for the question. Present all excerpts neutrally.","Source excerpts with document IDs, versions, dates and scope needed for the question. Present all excerpts neutrally. Use only facts supported by the scenario. Label any proposed fictional additions for review. Do not add highlighted errors, warning verdicts, invented risks or corrective answers. Define labels and scores. Avoid repeating the scenario. Preserve equivalent English and Thai evidence and record unverified release checks."
"source-comparison-pack","Source comparison / version evidence","D3","Media provenance","advanced","high","3","NH-CORE-GENERAL-D3-MEDIA-PROVENANCE-ADVANCED-02; NH-CORE-GENERAL-D3-MEDIA-PROVENANCE-ADVANCED-05; NH-INDUSTRY-RETAIL-D3-MEDIA-PROVENANCE-ADVANCED-01","Source excerpts with document IDs, versions, dates and scope needed for the question. Present all excerpts neutrally.","Source excerpts with document IDs, versions, dates and scope needed for the question. Present all excerpts neutrally. Use only facts supported by the scenario. Label any proposed fictional additions for review. Do not add highlighted errors, warning verdicts, invented risks or corrective answers. Define labels and scores. Avoid repeating the scenario. Preserve equivalent English and Thai evidence and record unverified release checks."
"source-comparison-pack","Source comparison / version evidence","D6","Learning and improvement loops","awareness","high","3","NH-CORE-GENERAL-D6-LEARNING-LOOPS-AWARENESS-02; NH-CORE-GENERAL-D6-LEARNING-LOOPS-AWARENESS-05; NH-EXECUTIVE-CEO-D6-LEARNING-LOOPS-AWARENESS-01","Source excerpts with document IDs, versions, dates and scope needed for the question. Present all excerpts neutrally.","Source excerpts with document IDs, versions, dates and scope needed for the question. Present all excerpts neutrally. Use only facts supported by the scenario. Label any proposed fictional additions for review. Do not add highlighted errors, warning verdicts, invented risks or corrective answers. Define labels and scores. Avoid repeating the scenario. Preserve equivalent English and Thai evidence and record unverified release checks."
"source-comparison-pack","Source comparison / version evidence","D6","Learning and improvement loops","applied","high","3","NH-CORE-GENERAL-D6-LEARNING-LOOPS-APPLIED-02; NH-CORE-GENERAL-D6-LEARNING-LOOPS-APPLIED-05; NH-EXECUTIVE-CEO-D6-LEARNING-LOOPS-APPLIED-01","Source excerpts with document IDs, versions, dates and scope needed for the question. Present all excerpts neutrally.","Source excerpts with document IDs, versions, dates and scope needed for the question. Present all excerpts neutrally. Use only facts supported by the scenario. Label any proposed fictional additions for review. Do not add highlighted errors, warning verdicts, invented risks or corrective answers. Define labels and scores. Avoid repeating the scenario. Preserve equivalent English and Thai evidence and record unverified release checks."
"source-comparison-pack","Source comparison / version evidence","D6","Learning and improvement loops","proficient","high","3","NH-CORE-GENERAL-D6-LEARNING-LOOPS-PROFICIENT-02; NH-CORE-GENERAL-D6-LEARNING-LOOPS-PROFICIENT-05; NH-EXECUTIVE-CEO-D6-LEARNING-LOOPS-PROFICIENT-01","Source excerpts with document IDs, versions, dates and scope needed for the question. Present all excerpts neutrally.","Source excerpts with document IDs, versions, dates and scope needed for the question. Present all excerpts neutrally. Use only facts supported by the scenario. Label any proposed fictional additions for review. Do not add highlighted errors, warning verdicts, invented risks or corrective answers. Define labels and scores. Avoid repeating the scenario. Preserve equivalent English and Thai evidence and record unverified release checks."
"source-comparison-pack","Source comparison / version evidence","D6","Learning and improvement loops","advanced","high","3","NH-CORE-GENERAL-D6-LEARNING-LOOPS-ADVANCED-02; NH-CORE-GENERAL-D6-LEARNING-LOOPS-ADVANCED-05; NH-EXECUTIVE-CEO-D6-LEARNING-LOOPS-ADVANCED-01","Source excerpts with document IDs, versions, dates and scope needed for the question. Present all excerpts neutrally.","Source excerpts with document IDs, versions, dates and scope needed for the question. Present all excerpts neutrally. Use only facts supported by the scenario. Label any proposed fictional additions for review. Do not add highlighted errors, warning verdicts, invented risks or corrective answers. Define labels and scores. Avoid repeating the scenario. Preserve equivalent English and Thai evidence and record unverified release checks."
"workflow-trace","Workflow / agent trace","D1","Core AI concepts","proficient","high","3","NH-CORE-GENERAL-D1-CORE-CONCEPTS-PROFICIENT-04; NH-CORE-GENERAL-D1-CORE-CONCEPTS-PROFICIENT-06; NH-CORE-GENERAL-D1-CORE-CONCEPTS-PROFICIENT-08","A workflow record showing the relevant actions, permissions, approvals and outcomes without marking the correct diagnosis.","A workflow record showing the relevant actions, permissions, approvals and outcomes without marking the correct diagnosis. Use only facts supported by the scenario. Label any proposed fictional additions for review. Do not add highlighted errors, warning verdicts, invented risks or corrective answers. Define labels and scores. Avoid repeating the scenario. Preserve equivalent English and Thai evidence and record unverified release checks."
"workflow-trace","Workflow / agent trace","D5","Strategy and transformation","proficient","high","3","NH-EXECUTIVE-TECHNOLOGY-D5-TRANSFORMATION-STRATEGY-PROFICIENT-01; NH-EXECUTIVE-TECHNOLOGY-D5-TRANSFORMATION-STRATEGY-PROFICIENT-02; NH-EXECUTIVE-TECHNOLOGY-D5-TRANSFORMATION-STRATEGY-PROFICIENT-04","A workflow record showing the relevant actions, permissions, approvals and outcomes without marking the correct diagnosis.","A workflow record showing the relevant actions, permissions, approvals and outcomes without marking the correct diagnosis. Use only facts supported by the scenario. Label any proposed fictional additions for review. Do not add highlighted errors, warning verdicts, invented risks or corrective answers. Define labels and scores. Avoid repeating the scenario. Preserve equivalent English and Thai evidence and record unverified release checks."
"communication-thread","Email / chat / ticket thread","D2","Prompt design","proficient","medium","2","NH-CORE-GENERAL-D2-PROMPT-DESIGN-PROFICIENT-04; NH-FUNCTION-PEOPLE-D2-PROMPT-DESIGN-PROFICIENT-04","A realistic message or ticket containing only the communication evidence needed for this question, with clear speakers and sequence.","A realistic message or ticket containing only the communication evidence needed for this question, with clear speakers and sequence. Use only facts supported by the scenario. Label any proposed fictional additions for review. Do not add highlighted errors, warning verdicts, invented risks or corrective answers. Define labels and scores. Avoid repeating the scenario. Preserve equivalent English and Thai evidence and record unverified release checks."
"communication-thread","Email / chat / ticket thread","D3","Fraud and manipulation detection","proficient","medium","2","NH-CORE-GENERAL-D3-FRAUD-DETECTION-PROFICIENT-04; NH-CORE-GENERAL-D3-FRAUD-DETECTION-PROFICIENT-08","A realistic message or ticket containing only the communication evidence needed for this question, with clear speakers and sequence.","A realistic message or ticket containing only the communication evidence needed for this question, with clear speakers and sequence. Use only facts supported by the scenario. Label any proposed fictional additions for review. Do not add highlighted errors, warning verdicts, invented risks or corrective answers. Define labels and scores. Avoid repeating the scenario. Preserve equivalent English and Thai evidence and record unverified release checks."
"communication-thread","Email / chat / ticket thread","D5","Use-case evaluation","proficient","medium","2","NH-CORE-GENERAL-D5-USECASE-FIT-PROFICIENT-04; NH-FUNCTION-PEOPLE-D5-USECASE-FIT-PROFICIENT-04","A realistic message or ticket containing only the communication evidence needed for this question, with clear speakers and sequence.","A realistic message or ticket containing only the communication evidence needed for this question, with clear speakers and sequence. Use only facts supported by the scenario. Label any proposed fictional additions for review. Do not add highlighted errors, warning verdicts, invented risks or corrective answers. Define labels and scores. Avoid repeating the scenario. Preserve equivalent English and Thai evidence and record unverified release checks."
"communication-thread","Email / chat / ticket thread","D2","Output refinement","applied","medium","2","NH-FUNCTION-PEOPLE-D2-OUTPUT-REFINEMENT-APPLIED-01; NH-FUNCTION-PEOPLE-D2-OUTPUT-REFINEMENT-APPLIED-04","A realistic message or ticket containing only the communication evidence needed for this question, with clear speakers and sequence.","A realistic message or ticket containing only the communication evidence needed for this question, with clear speakers and sequence. Use only facts supported by the scenario. Label any proposed fictional additions for review. Do not add highlighted errors, warning verdicts, invented risks or corrective answers. Define labels and scores. Avoid repeating the scenario. Preserve equivalent English and Thai evidence and record unverified release checks."
"communication-thread","Email / chat / ticket thread","D4","Regulatory and policy fluency","proficient","high","2","NH-INDUSTRY-HEALTHCARE-D4-REGULATORY-POLICY-PROFICIENT-01; NH-INDUSTRY-PUBLIC-D4-REGULATORY-POLICY-PROFICIENT-03","A realistic message or ticket containing only the communication evidence needed for this question, with clear speakers and sequence.","A realistic message or ticket containing only the communication evidence needed for this question, with clear speakers and sequence. Use only facts supported by the scenario. Label any proposed fictional additions for review. Do not add highlighted errors, warning verdicts, invented risks or corrective answers. Define labels and scores. Avoid repeating the scenario. Preserve equivalent English and Thai evidence and record unverified release checks."
"data-chart-dashboard","Dashboard / chart / calculation evidence","D1","Generative AI mechanics","advanced","high","2","NH-CORE-GENERAL-D1-GENAI-MECHANICS-ADVANCED-04; NH-CORE-GENERAL-D1-GENAI-MECHANICS-ADVANCED-08","A clearly labeled table or chart with the task outcome, units, comparison basis and relevant sample or scope. Check all calculations.","A clearly labeled table or chart with the task outcome, units, comparison basis and relevant sample or scope. Check all calculations. Use only facts supported by the scenario. Label any proposed fictional additions for review. Do not add highlighted errors, warning verdicts, invented risks or corrective answers. Define labels and scores. Avoid repeating the scenario. Preserve equivalent English and Thai evidence and record unverified release checks."
"data-chart-dashboard","Dashboard / chart / calculation evidence","D2","Agentic workflows","proficient","high","2","NH-FUNCTION-FINANCE-D2-AGENTIC-WORKFLOWS-PROFICIENT-03; NH-EXECUTIVE-TRANSFORMATION-D2-AGENTIC-WORKFLOWS-PROFICIENT-02","A clearly labeled table or chart with the task outcome, units, comparison basis and relevant sample or scope. Check all calculations.","A clearly labeled table or chart with the task outcome, units, comparison basis and relevant sample or scope. Check all calculations. Use only facts supported by the scenario. Label any proposed fictional additions for review. Do not add highlighted errors, warning verdicts, invented risks or corrective answers. Define labels and scores. Avoid repeating the scenario. Preserve equivalent English and Thai evidence and record unverified release checks."
"data-chart-dashboard","Dashboard / chart / calculation evidence","D4","Regulatory and policy fluency","proficient","high","2","NH-EXECUTIVE-PEOPLE-D4-REGULATORY-POLICY-PROFICIENT-04; NH-EXECUTIVE-FINANCE-D4-REGULATORY-POLICY-PROFICIENT-01","A clearly labeled table or chart with the task outcome, units, comparison basis and relevant sample or scope. Check all calculations.","A clearly labeled table or chart with the task outcome, units, comparison basis and relevant sample or scope. Check all calculations. Use only facts supported by the scenario. Label any proposed fictional additions for review. Do not add highlighted errors, warning verdicts, invented risks or corrective answers. Define labels and scores. Avoid repeating the scenario. Preserve equivalent English and Thai evidence and record unverified release checks."
"media-asset-review","Media / asset provenance evidence","D1","Generative AI mechanics","proficient","high","2","NH-FUNCTION-MARKETING-D1-GENAI-MECHANICS-PROFICIENT-01; NH-FUNCTION-MARKETING-D1-GENAI-MECHANICS-PROFICIENT-02","A task brief, proposed media and relevant source or permission records. Show the objective and intended use clearly.","A task brief, proposed media and relevant source or permission records. Show the objective and intended use clearly. Use only facts supported by the scenario. Label any proposed fictional additions for review. Do not add highlighted errors, warning verdicts, invented risks or corrective answers. Define labels and scores. Avoid repeating the scenario. Preserve equivalent English and Thai evidence and record unverified release checks."
"media-asset-review","Media / asset provenance evidence","D2","Prompt design","proficient","high","2","NH-FUNCTION-MARKETING-D2-PROMPT-DESIGN-PROFICIENT-01; NH-FUNCTION-MARKETING-D2-PROMPT-DESIGN-PROFICIENT-02","A task brief, proposed media and relevant source or permission records. Show the objective and intended use clearly.","A task brief, proposed media and relevant source or permission records. Show the objective and intended use clearly. Use only facts supported by the scenario. Label any proposed fictional additions for review. Do not add highlighted errors, warning verdicts, invented risks or corrective answers. Define labels and scores. Avoid repeating the scenario. Preserve equivalent English and Thai evidence and record unverified release checks."
"media-asset-review","Media / asset provenance evidence","D2","Output refinement","awareness","high","2","NH-FUNCTION-MARKETING-D2-OUTPUT-REFINEMENT-AWARENESS-02; NH-FUNCTION-MARKETING-D2-OUTPUT-REFINEMENT-AWARENESS-03","A task brief, proposed media and relevant source or permission records. Show the objective and intended use clearly.","A task brief, proposed media and relevant source or permission records. Show the objective and intended use clearly. Use only facts supported by the scenario. Label any proposed fictional additions for review. Do not add highlighted errors, warning verdicts, invented risks or corrective answers. Define labels and scores. Avoid repeating the scenario. Preserve equivalent English and Thai evidence and record unverified release checks."
"media-asset-review","Media / asset provenance evidence","D2","Output refinement","applied","high","2","NH-FUNCTION-MARKETING-D2-OUTPUT-REFINEMENT-APPLIED-01; NH-FUNCTION-MARKETING-D2-OUTPUT-REFINEMENT-APPLIED-04","A task brief, proposed media and relevant source or permission records. Show the objective and intended use clearly.","A task brief, proposed media and relevant source or permission records. Show the objective and intended use clearly. Use only facts supported by the scenario. Label any proposed fictional additions for review. Do not add highlighted errors, warning verdicts, invented risks or corrective answers. Define labels and scores. Avoid repeating the scenario. Preserve equivalent English and Thai evidence and record unverified release checks."
"media-asset-review","Media / asset provenance evidence","D3","Source and claim verification","applied","high","2","NH-FUNCTION-MARKETING-D3-SOURCE-VERIFICATION-APPLIED-02; NH-FUNCTION-MARKETING-D3-SOURCE-VERIFICATION-APPLIED-04","A task brief, proposed media and relevant source or permission records. Show the objective and intended use clearly.","A task brief, proposed media and relevant source or permission records. Show the objective and intended use clearly. Use only facts supported by the scenario. Label any proposed fictional additions for review. Do not add highlighted errors, warning verdicts, invented risks or corrective answers. Define labels and scores. Avoid repeating the scenario. Preserve equivalent English and Thai evidence and record unverified release checks."
"media-asset-review","Media / asset provenance evidence","D4","Regulatory and policy fluency","applied","high","2","NH-FUNCTION-MARKETING-D4-REGULATORY-POLICY-APPLIED-02; NH-FUNCTION-MARKETING-D4-REGULATORY-POLICY-APPLIED-03","A task brief, proposed media and relevant source or permission records. Show the objective and intended use clearly.","A task brief, proposed media and relevant source or permission records. Show the objective and intended use clearly. Use only facts supported by the scenario. Label any proposed fictional additions for review. Do not add highlighted errors, warning verdicts, invented risks or corrective answers. Define labels and scores. Avoid repeating the scenario. Preserve equivalent English and Thai evidence and record unverified release checks."
"media-asset-review","Media / asset provenance evidence","D3","Fraud and manipulation detection","applied","high","2","NH-INDUSTRY-RETAIL-D3-FRAUD-DETECTION-APPLIED-02; NH-INDUSTRY-RETAIL-D3-FRAUD-DETECTION-APPLIED-03","A task brief, proposed media and relevant source or permission records. Show the objective and intended use clearly.","A task brief, proposed media and relevant source or permission records. Show the objective and intended use clearly. Use only facts supported by the scenario. Label any proposed fictional additions for review. Do not add highlighted errors, warning verdicts, invented risks or corrective answers. Define labels and scores. Avoid repeating the scenario. Preserve equivalent English and Thai evidence and record unverified release checks."
"media-asset-review","Media / asset provenance evidence","D3","Fraud and manipulation detection","advanced","high","2","NH-INDUSTRY-RETAIL-D3-FRAUD-DETECTION-ADVANCED-02; NH-INDUSTRY-RETAIL-D3-FRAUD-DETECTION-ADVANCED-03","A task brief, proposed media and relevant source or permission records. Show the objective and intended use clearly.","A task brief, proposed media and relevant source or permission records. Show the objective and intended use clearly. Use only facts supported by the scenario. Label any proposed fictional additions for review. Do not add highlighted errors, warning verdicts, invented risks or corrective answers. Define labels and scores. Avoid repeating the scenario. Preserve equivalent English and Thai evidence and record unverified release checks."
"policy-excerpt","Policy / terms excerpt","D1","Generative AI mechanics","applied","medium","2","NH-CORE-GENERAL-D1-GENAI-MECHANICS-APPLIED-03; NH-CORE-GENERAL-D1-GENAI-MECHANICS-APPLIED-07","A policy excerpt with the version, scope and applicable terms required to answer the question, without answer-revealing annotations.","A policy excerpt with the version, scope and applicable terms required to answer the question, without answer-revealing annotations. Use only facts supported by the scenario. Label any proposed fictional additions for review. Do not add highlighted errors, warning verdicts, invented risks or corrective answers. Define labels and scores. Avoid repeating the scenario. Preserve equivalent English and Thai evidence and record unverified release checks."
"policy-excerpt","Policy / terms excerpt","D1","Capability boundaries","awareness","high","2","NH-CORE-GENERAL-D1-CAPABILITY-LIMITS-AWARENESS-08; NH-EXECUTIVE-BOARD-D1-CAPABILITY-LIMITS-AWARENESS-02","A policy excerpt with the version, scope and applicable terms required to answer the question, without answer-revealing annotations.","A policy excerpt with the version, scope and applicable terms required to answer the question, without answer-revealing annotations. Use only facts supported by the scenario. Label any proposed fictional additions for review. Do not add highlighted errors, warning verdicts, invented risks or corrective answers. Define labels and scores. Avoid repeating the scenario. Preserve equivalent English and Thai evidence and record unverified release checks."
"policy-excerpt","Policy / terms excerpt","D4","Fairness, ethics, and rights","applied","high","2","NH-CORE-GENERAL-D4-FAIRNESS-ETHICS-APPLIED-01; NH-INDUSTRY-EDUCATION-D4-FAIRNESS-ETHICS-APPLIED-03","A policy excerpt with the version, scope and applicable terms required to answer the question, without answer-revealing annotations.","A policy excerpt with the version, scope and applicable terms required to answer the question, without answer-revealing annotations. Use only facts supported by the scenario. Label any proposed fictional additions for review. Do not add highlighted errors, warning verdicts, invented risks or corrective answers. Define labels and scores. Avoid repeating the scenario. Preserve equivalent English and Thai evidence and record unverified release checks."
"security-audit-log","Security / access / audit evidence","D2","Prompt design","advanced","high","2","NH-CORE-GENERAL-D2-PROMPT-DESIGN-ADVANCED-01; NH-FUNCTION-GENERAL-D2-PROMPT-DESIGN-ADVANCED-03","A realistic access or audit record containing only the identities, scopes, actions and authorization evidence needed for the decision.","A realistic access or audit record containing only the identities, scopes, actions and authorization evidence needed for the decision. Use only facts supported by the scenario. Label any proposed fictional additions for review. Do not add highlighted errors, warning verdicts, invented risks or corrective answers. Define labels and scores. Avoid repeating the scenario. Preserve equivalent English and Thai evidence and record unverified release checks."
"security-audit-log","Security / access / audit evidence","D2","Tool selection and integration","applied","high","2","NH-FUNCTION-GENERAL-D2-TOOL-SELECTION-APPLIED-03; NH-FUNCTION-FINANCE-D2-TOOL-SELECTION-APPLIED-02","A realistic access or audit record containing only the identities, scopes, actions and authorization evidence needed for the decision.","A realistic access or audit record containing only the identities, scopes, actions and authorization evidence needed for the decision. Use only facts supported by the scenario. Label any proposed fictional additions for review. Do not add highlighted errors, warning verdicts, invented risks or corrective answers. Define labels and scores. Avoid repeating the scenario. Preserve equivalent English and Thai evidence and record unverified release checks."
"security-audit-log","Security / access / audit evidence","D2","Agentic workflows","applied","high","2","NH-FUNCTION-GENERAL-D2-AGENTIC-WORKFLOWS-APPLIED-03; NH-FUNCTION-FINANCE-D2-AGENTIC-WORKFLOWS-APPLIED-02","A realistic access or audit record containing only the identities, scopes, actions and authorization evidence needed for the decision.","A realistic access or audit record containing only the identities, scopes, actions and authorization evidence needed for the decision. Use only facts supported by the scenario. Label any proposed fictional additions for review. Do not add highlighted errors, warning verdicts, invented risks or corrective answers. Define labels and scores. Avoid repeating the scenario. Preserve equivalent English and Thai evidence and record unverified release checks."
"security-audit-log","Security / access / audit evidence","D3","Data and chart judgment","awareness","high","2","NH-FUNCTION-GENERAL-D3-DATA-CHART-JUDGMENT-AWARENESS-03; NH-FUNCTION-FINANCE-D3-DATA-CHART-JUDGMENT-AWARENESS-02","A realistic access or audit record containing only the identities, scopes, actions and authorization evidence needed for the decision.","A realistic access or audit record containing only the identities, scopes, actions and authorization evidence needed for the decision. Use only facts supported by the scenario. Label any proposed fictional additions for review. Do not add highlighted errors, warning verdicts, invented risks or corrective answers. Define labels and scores. Avoid repeating the scenario. Preserve equivalent English and Thai evidence and record unverified release checks."
"security-audit-log","Security / access / audit evidence","D3","Data and chart judgment","applied","medium","2","NH-FUNCTION-GENERAL-D3-DATA-CHART-JUDGMENT-APPLIED-03; NH-FUNCTION-FINANCE-D3-DATA-CHART-JUDGMENT-APPLIED-02","A realistic access or audit record containing only the identities, scopes, actions and authorization evidence needed for the decision.","A realistic access or audit record containing only the identities, scopes, actions and authorization evidence needed for the decision. Use only facts supported by the scenario. Label any proposed fictional additions for review. Do not add highlighted errors, warning verdicts, invented risks or corrective answers. Define labels and scores. Avoid repeating the scenario. Preserve equivalent English and Thai evidence and record unverified release checks."
"security-audit-log","Security / access / audit evidence","D3","Data and chart judgment","proficient","high","2","NH-FUNCTION-GENERAL-D3-DATA-CHART-JUDGMENT-PROFICIENT-03; NH-FUNCTION-FINANCE-D3-DATA-CHART-JUDGMENT-PROFICIENT-02","A realistic access or audit record containing only the identities, scopes, actions and authorization evidence needed for the decision.","A realistic access or audit record containing only the identities, scopes, actions and authorization evidence needed for the decision. Use only facts supported by the scenario. Label any proposed fictional additions for review. Do not add highlighted errors, warning verdicts, invented risks or corrective answers. Define labels and scores. Avoid repeating the scenario. Preserve equivalent English and Thai evidence and record unverified release checks."
"security-audit-log","Security / access / audit evidence","D3","Data and chart judgment","advanced","medium","2","NH-FUNCTION-GENERAL-D3-DATA-CHART-JUDGMENT-ADVANCED-03; NH-FUNCTION-FINANCE-D3-DATA-CHART-JUDGMENT-ADVANCED-02","A realistic access or audit record containing only the identities, scopes, actions and authorization evidence needed for the decision.","A realistic access or audit record containing only the identities, scopes, actions and authorization evidence needed for the decision. Use only facts supported by the scenario. Label any proposed fictional additions for review. Do not add highlighted errors, warning verdicts, invented risks or corrective answers. Define labels and scores. Avoid repeating the scenario. Preserve equivalent English and Thai evidence and record unverified release checks."
"security-audit-log","Security / access / audit evidence","D6","Human-AI role clarity","advanced","medium","2","NH-FUNCTION-GENERAL-D6-ROLE-CLARITY-ADVANCED-03; NH-FUNCTION-FINANCE-D6-ROLE-CLARITY-ADVANCED-02","A realistic access or audit record containing only the identities, scopes, actions and authorization evidence needed for the decision.","A realistic access or audit record containing only the identities, scopes, actions and authorization evidence needed for the decision. Use only facts supported by the scenario. Label any proposed fictional additions for review. Do not add highlighted errors, warning verdicts, invented risks or corrective answers. Define labels and scores. Avoid repeating the scenario. Preserve equivalent English and Thai evidence and record unverified release checks."
"source-comparison-pack","Source comparison / version evidence","D1","Core AI concepts","applied","high","2","NH-CORE-GENERAL-D1-CORE-CONCEPTS-APPLIED-02; NH-CORE-GENERAL-D1-CORE-CONCEPTS-APPLIED-05","Source excerpts with document IDs, versions, dates and scope needed for the question. Present all excerpts neutrally.","Source excerpts with document IDs, versions, dates and scope needed for the question. Present all excerpts neutrally. Use only facts supported by the scenario. Label any proposed fictional additions for review. Do not add highlighted errors, warning verdicts, invented risks or corrective answers. Define labels and scores. Avoid repeating the scenario. Preserve equivalent English and Thai evidence and record unverified release checks."
"source-comparison-pack","Source comparison / version evidence","D1","Core AI concepts","proficient","high","2","NH-CORE-GENERAL-D1-CORE-CONCEPTS-PROFICIENT-02; NH-CORE-GENERAL-D1-CORE-CONCEPTS-PROFICIENT-05","Source excerpts with document IDs, versions, dates and scope needed for the question. Present all excerpts neutrally.","Source excerpts with document IDs, versions, dates and scope needed for the question. Present all excerpts neutrally. Use only facts supported by the scenario. Label any proposed fictional additions for review. Do not add highlighted errors, warning verdicts, invented risks or corrective answers. Define labels and scores. Avoid repeating the scenario. Preserve equivalent English and Thai evidence and record unverified release checks."
"source-comparison-pack","Source comparison / version evidence","D1","Core AI concepts","advanced","high","2","NH-CORE-GENERAL-D1-CORE-CONCEPTS-ADVANCED-02; NH-CORE-GENERAL-D1-CORE-CONCEPTS-ADVANCED-05","Source excerpts with document IDs, versions, dates and scope needed for the question. Present all excerpts neutrally.","Source excerpts with document IDs, versions, dates and scope needed for the question. Present all excerpts neutrally. Use only facts supported by the scenario. Label any proposed fictional additions for review. Do not add highlighted errors, warning verdicts, invented risks or corrective answers. Define labels and scores. Avoid repeating the scenario. Preserve equivalent English and Thai evidence and record unverified release checks."
"source-comparison-pack","Source comparison / version evidence","D1","Generative AI mechanics","awareness","high","2","NH-CORE-GENERAL-D1-GENAI-MECHANICS-AWARENESS-02; NH-CORE-GENERAL-D1-GENAI-MECHANICS-AWARENESS-05","Source excerpts with document IDs, versions, dates and scope needed for the question. Present all excerpts neutrally.","Source excerpts with document IDs, versions, dates and scope needed for the question. Present all excerpts neutrally. Use only facts supported by the scenario. Label any proposed fictional additions for review. Do not add highlighted errors, warning verdicts, invented risks or corrective answers. Define labels and scores. Avoid repeating the scenario. Preserve equivalent English and Thai evidence and record unverified release checks."
"source-comparison-pack","Source comparison / version evidence","D1","Generative AI mechanics","applied","high","2","NH-CORE-GENERAL-D1-GENAI-MECHANICS-APPLIED-02; NH-CORE-GENERAL-D1-GENAI-MECHANICS-APPLIED-05","Source excerpts with document IDs, versions, dates and scope needed for the question. Present all excerpts neutrally.","Source excerpts with document IDs, versions, dates and scope needed for the question. Present all excerpts neutrally. Use only facts supported by the scenario. Label any proposed fictional additions for review. Do not add highlighted errors, warning verdicts, invented risks or corrective answers. Define labels and scores. Avoid repeating the scenario. Preserve equivalent English and Thai evidence and record unverified release checks."
"workflow-trace","Workflow / agent trace","D1","Core AI concepts","applied","high","2","NH-CORE-GENERAL-D1-CORE-CONCEPTS-APPLIED-01; NH-CORE-GENERAL-D1-CORE-CONCEPTS-APPLIED-06","A workflow record showing the relevant actions, permissions, approvals and outcomes without marking the correct diagnosis.","A workflow record showing the relevant actions, permissions, approvals and outcomes without marking the correct diagnosis. Use only facts supported by the scenario. Label any proposed fictional additions for review. Do not add highlighted errors, warning verdicts, invented risks or corrective answers. Define labels and scores. Avoid repeating the scenario. Preserve equivalent English and Thai evidence and record unverified release checks."
"workflow-trace","Workflow / agent trace","D1","Core AI concepts","advanced","high","2","NH-CORE-GENERAL-D1-CORE-CONCEPTS-ADVANCED-01; NH-CORE-GENERAL-D1-CORE-CONCEPTS-ADVANCED-06","A workflow record showing the relevant actions, permissions, approvals and outcomes without marking the correct diagnosis.","A workflow record showing the relevant actions, permissions, approvals and outcomes without marking the correct diagnosis. Use only facts supported by the scenario. Label any proposed fictional additions for review. Do not add highlighted errors, warning verdicts, invented risks or corrective answers. Define labels and scores. Avoid repeating the scenario. Preserve equivalent English and Thai evidence and record unverified release checks."
"workflow-trace","Workflow / agent trace","D5","ROI and measurement","awareness","high","2","NH-CORE-GENERAL-D5-ROI-METRICS-AWARENESS-06; NH-FUNCTION-GENERAL-D5-ROI-METRICS-AWARENESS-01","A workflow record showing the relevant actions, permissions, approvals and outcomes without marking the correct diagnosis.","A workflow record showing the relevant actions, permissions, approvals and outcomes without marking the correct diagnosis. Use only facts supported by the scenario. Label any proposed fictional additions for review. Do not add highlighted errors, warning verdicts, invented risks or corrective answers. Define labels and scores. Avoid repeating the scenario. Preserve equivalent English and Thai evidence and record unverified release checks."
"workflow-trace","Workflow / agent trace","D5","ROI and measurement","applied","high","2","NH-CORE-GENERAL-D5-ROI-METRICS-APPLIED-06; NH-FUNCTION-GENERAL-D5-ROI-METRICS-APPLIED-01","A workflow record showing the relevant actions, permissions, approvals and outcomes without marking the correct diagnosis.","A workflow record showing the relevant actions, permissions, approvals and outcomes without marking the correct diagnosis. Use only facts supported by the scenario. Label any proposed fictional additions for review. Do not add highlighted errors, warning verdicts, invented risks or corrective answers. Define labels and scores. Avoid repeating the scenario. Preserve equivalent English and Thai evidence and record unverified release checks."
"workflow-trace","Workflow / agent trace","D5","ROI and measurement","proficient","high","2","NH-CORE-GENERAL-D5-ROI-METRICS-PROFICIENT-06; NH-FUNCTION-GENERAL-D5-ROI-METRICS-PROFICIENT-01","A workflow record showing the relevant actions, permissions, approvals and outcomes without marking the correct diagnosis.","A workflow record showing the relevant actions, permissions, approvals and outcomes without marking the correct diagnosis. Use only facts supported by the scenario. Label any proposed fictional additions for review. Do not add highlighted errors, warning verdicts, invented risks or corrective answers. Define labels and scores. Avoid repeating the scenario. Preserve equivalent English and Thai evidence and record unverified release checks."
"workflow-trace","Workflow / agent trace","D5","ROI and measurement","advanced","high","2","NH-CORE-GENERAL-D5-ROI-METRICS-ADVANCED-06; NH-FUNCTION-GENERAL-D5-ROI-METRICS-ADVANCED-01","A workflow record showing the relevant actions, permissions, approvals and outcomes without marking the correct diagnosis.","A workflow record showing the relevant actions, permissions, approvals and outcomes without marking the correct diagnosis. Use only facts supported by the scenario. Label any proposed fictional additions for review. Do not add highlighted errors, warning verdicts, invented risks or corrective answers. Define labels and scores. Avoid repeating the scenario. Preserve equivalent English and Thai evidence and record unverified release checks."
"workflow-trace","Workflow / agent trace","D6","Human-AI role clarity","proficient","high","2","NH-CORE-GENERAL-D6-ROLE-CLARITY-PROFICIENT-06; NH-FUNCTION-GENERAL-D6-ROLE-CLARITY-PROFICIENT-01","A workflow record showing the relevant actions, permissions, approvals and outcomes without marking the correct diagnosis.","A workflow record showing the relevant actions, permissions, approvals and outcomes without marking the correct diagnosis. Use only facts supported by the scenario. Label any proposed fictional additions for review. Do not add highlighted errors, warning verdicts, invented risks or corrective answers. Define labels and scores. Avoid repeating the scenario. Preserve equivalent English and Thai evidence and record unverified release checks."
"communication-thread","Email / chat / ticket thread","D1","Core AI concepts","applied","medium","1","NH-CORE-GENERAL-D1-CORE-CONCEPTS-APPLIED-04","A realistic message or ticket containing only the communication evidence needed for this question, with clear speakers and sequence.","A realistic message or ticket containing only the communication evidence needed for this question, with clear speakers and sequence. Use only facts supported by the scenario. Label any proposed fictional additions for review. Do not add highlighted errors, warning verdicts, invented risks or corrective answers. Define labels and scores. Avoid repeating the scenario. Preserve equivalent English and Thai evidence and record unverified release checks."
"communication-thread","Email / chat / ticket thread","D1","Core AI concepts","advanced","high","1","NH-CORE-GENERAL-D1-CORE-CONCEPTS-ADVANCED-04","A realistic message or ticket containing only the communication evidence needed for this question, with clear speakers and sequence.","A realistic message or ticket containing only the communication evidence needed for this question, with clear speakers and sequence. Use only facts supported by the scenario. Label any proposed fictional additions for review. Do not add highlighted errors, warning verdicts, invented risks or corrective answers. Define labels and scores. Avoid repeating the scenario. Preserve equivalent English and Thai evidence and record unverified release checks."
"communication-thread","Email / chat / ticket thread","D1","Generative AI mechanics","awareness","medium","1","NH-CORE-GENERAL-D1-GENAI-MECHANICS-AWARENESS-04","A realistic message or ticket containing only the communication evidence needed for this question, with clear speakers and sequence.","A realistic message or ticket containing only the communication evidence needed for this question, with clear speakers and sequence. Use only facts supported by the scenario. Label any proposed fictional additions for review. Do not add highlighted errors, warning verdicts, invented risks or corrective answers. Define labels and scores. Avoid repeating the scenario. Preserve equivalent English and Thai evidence and record unverified release checks."
"communication-thread","Email / chat / ticket thread","D1","Generative AI mechanics","applied","medium","1","NH-CORE-GENERAL-D1-GENAI-MECHANICS-APPLIED-04","A realistic message or ticket containing only the communication evidence needed for this question, with clear speakers and sequence.","A realistic message or ticket containing only the communication evidence needed for this question, with clear speakers and sequence. Use only facts supported by the scenario. Label any proposed fictional additions for review. Do not add highlighted errors, warning verdicts, invented risks or corrective answers. Define labels and scores. Avoid repeating the scenario. Preserve equivalent English and Thai evidence and record unverified release checks."
"communication-thread","Email / chat / ticket thread","D1","Generative AI mechanics","proficient","medium","1","NH-CORE-GENERAL-D1-GENAI-MECHANICS-PROFICIENT-04","A realistic message or ticket containing only the communication evidence needed for this question, with clear speakers and sequence.","A realistic message or ticket containing only the communication evidence needed for this question, with clear speakers and sequence. Use only facts supported by the scenario. Label any proposed fictional additions for review. Do not add highlighted errors, warning verdicts, invented risks or corrective answers. Define labels and scores. Avoid repeating the scenario. Preserve equivalent English and Thai evidence and record unverified release checks."
"communication-thread","Email / chat / ticket thread","D1","Capability boundaries","awareness","high","1","NH-CORE-GENERAL-D1-CAPABILITY-LIMITS-AWARENESS-04","A realistic message or ticket containing only the communication evidence needed for this question, with clear speakers and sequence.","A realistic message or ticket containing only the communication evidence needed for this question, with clear speakers and sequence. Use only facts supported by the scenario. Label any proposed fictional additions for review. Do not add highlighted errors, warning verdicts, invented risks or corrective answers. Define labels and scores. Avoid repeating the scenario. Preserve equivalent English and Thai evidence and record unverified release checks."
"communication-thread","Email / chat / ticket thread","D1","Capability boundaries","applied","high","1","NH-CORE-GENERAL-D1-CAPABILITY-LIMITS-APPLIED-04","A realistic message or ticket containing only the communication evidence needed for this question, with clear speakers and sequence.","A realistic message or ticket containing only the communication evidence needed for this question, with clear speakers and sequence. Use only facts supported by the scenario. Label any proposed fictional additions for review. Do not add highlighted errors, warning verdicts, invented risks or corrective answers. Define labels and scores. Avoid repeating the scenario. Preserve equivalent English and Thai evidence and record unverified release checks."
"communication-thread","Email / chat / ticket thread","D1","Capability boundaries","advanced","medium","1","NH-CORE-GENERAL-D1-CAPABILITY-LIMITS-ADVANCED-04","A realistic message or ticket containing only the communication evidence needed for this question, with clear speakers and sequence.","A realistic message or ticket containing only the communication evidence needed for this question, with clear speakers and sequence. Use only facts supported by the scenario. Label any proposed fictional additions for review. Do not add highlighted errors, warning verdicts, invented risks or corrective answers. Define labels and scores. Avoid repeating the scenario. Preserve equivalent English and Thai evidence and record unverified release checks."
"communication-thread","Email / chat / ticket thread","D1","AI systems literacy","advanced","high","1","NH-CORE-GENERAL-D1-AI-SYSTEMS-ADVANCED-04","A realistic message or ticket containing only the communication evidence needed for this question, with clear speakers and sequence.","A realistic message or ticket containing only the communication evidence needed for this question, with clear speakers and sequence. Use only facts supported by the scenario. Label any proposed fictional additions for review. Do not add highlighted errors, warning verdicts, invented risks or corrective answers. Define labels and scores. Avoid repeating the scenario. Preserve equivalent English and Thai evidence and record unverified release checks."
"communication-thread","Email / chat / ticket thread","D2","Tool selection and integration","awareness","high","1","NH-CORE-GENERAL-D2-TOOL-SELECTION-AWARENESS-04","A realistic message or ticket containing only the communication evidence needed for this question, with clear speakers and sequence.","A realistic message or ticket containing only the communication evidence needed for this question, with clear speakers and sequence. Use only facts supported by the scenario. Label any proposed fictional additions for review. Do not add highlighted errors, warning verdicts, invented risks or corrective answers. Define labels and scores. Avoid repeating the scenario. Preserve equivalent English and Thai evidence and record unverified release checks."
"communication-thread","Email / chat / ticket thread","D2","Tool selection and integration","applied","high","1","NH-CORE-GENERAL-D2-TOOL-SELECTION-APPLIED-04","A realistic message or ticket containing only the communication evidence needed for this question, with clear speakers and sequence.","A realistic message or ticket containing only the communication evidence needed for this question, with clear speakers and sequence. Use only facts supported by the scenario. Label any proposed fictional additions for review. Do not add highlighted errors, warning verdicts, invented risks or corrective answers. Define labels and scores. Avoid repeating the scenario. Preserve equivalent English and Thai evidence and record unverified release checks."
"communication-thread","Email / chat / ticket thread","D2","Tool selection and integration","proficient","high","1","NH-CORE-GENERAL-D2-TOOL-SELECTION-PROFICIENT-04","A realistic message or ticket containing only the communication evidence needed for this question, with clear speakers and sequence.","A realistic message or ticket containing only the communication evidence needed for this question, with clear speakers and sequence. Use only facts supported by the scenario. Label any proposed fictional additions for review. Do not add highlighted errors, warning verdicts, invented risks or corrective answers. Define labels and scores. Avoid repeating the scenario. Preserve equivalent English and Thai evidence and record unverified release checks."
"communication-thread","Email / chat / ticket thread","D2","Agentic workflows","applied","medium","1","NH-CORE-GENERAL-D2-AGENTIC-WORKFLOWS-APPLIED-04","A realistic message or ticket containing only the communication evidence needed for this question, with clear speakers and sequence.","A realistic message or ticket containing only the communication evidence needed for this question, with clear speakers and sequence. Use only facts supported by the scenario. Label any proposed fictional additions for review. Do not add highlighted errors, warning verdicts, invented risks or corrective answers. Define labels and scores. Avoid repeating the scenario. Preserve equivalent English and Thai evidence and record unverified release checks."
"communication-thread","Email / chat / ticket thread","D2","Agentic workflows","proficient","medium","1","NH-CORE-GENERAL-D2-AGENTIC-WORKFLOWS-PROFICIENT-04","A realistic message or ticket containing only the communication evidence needed for this question, with clear speakers and sequence.","A realistic message or ticket containing only the communication evidence needed for this question, with clear speakers and sequence. Use only facts supported by the scenario. Label any proposed fictional additions for review. Do not add highlighted errors, warning verdicts, invented risks or corrective answers. Define labels and scores. Avoid repeating the scenario. Preserve equivalent English and Thai evidence and record unverified release checks."
"communication-thread","Email / chat / ticket thread","D2","Agentic workflows","advanced","high","1","NH-CORE-GENERAL-D2-AGENTIC-WORKFLOWS-ADVANCED-04","A realistic message or ticket containing only the communication evidence needed for this question, with clear speakers and sequence.","A realistic message or ticket containing only the communication evidence needed for this question, with clear speakers and sequence. Use only facts supported by the scenario. Label any proposed fictional additions for review. Do not add highlighted errors, warning verdicts, invented risks or corrective answers. Define labels and scores. Avoid repeating the scenario. Preserve equivalent English and Thai evidence and record unverified release checks."
"communication-thread","Email / chat / ticket thread","D3","Data and chart judgment","awareness","high","1","NH-CORE-GENERAL-D3-DATA-CHART-JUDGMENT-AWARENESS-04","A realistic message or ticket containing only the communication evidence needed for this question, with clear speakers and sequence.","A realistic message or ticket containing only the communication evidence needed for this question, with clear speakers and sequence. Use only facts supported by the scenario. Label any proposed fictional additions for review. Do not add highlighted errors, warning verdicts, invented risks or corrective answers. Define labels and scores. Avoid repeating the scenario. Preserve equivalent English and Thai evidence and record unverified release checks."
"communication-thread","Email / chat / ticket thread","D3","Data and chart judgment","applied","high","1","NH-CORE-GENERAL-D3-DATA-CHART-JUDGMENT-APPLIED-04","A realistic message or ticket containing only the communication evidence needed for this question, with clear speakers and sequence.","A realistic message or ticket containing only the communication evidence needed for this question, with clear speakers and sequence. Use only facts supported by the scenario. Label any proposed fictional additions for review. Do not add highlighted errors, warning verdicts, invented risks or corrective answers. Define labels and scores. Avoid repeating the scenario. Preserve equivalent English and Thai evidence and record unverified release checks."
"communication-thread","Email / chat / ticket thread","D3","Data and chart judgment","advanced","medium","1","NH-CORE-GENERAL-D3-DATA-CHART-JUDGMENT-ADVANCED-04","A realistic message or ticket containing only the communication evidence needed for this question, with clear speakers and sequence.","A realistic message or ticket containing only the communication evidence needed for this question, with clear speakers and sequence. Use only facts supported by the scenario. Label any proposed fictional additions for review. Do not add highlighted errors, warning verdicts, invented risks or corrective answers. Define labels and scores. Avoid repeating the scenario. Preserve equivalent English and Thai evidence and record unverified release checks."
"communication-thread","Email / chat / ticket thread","D5","ROI and measurement","awareness","medium","1","NH-CORE-GENERAL-D5-ROI-METRICS-AWARENESS-04","A realistic message or ticket containing only the communication evidence needed for this question, with clear speakers and sequence.","A realistic message or ticket containing only the communication evidence needed for this question, with clear speakers and sequence. Use only facts supported by the scenario. Label any proposed fictional additions for review. Do not add highlighted errors, warning verdicts, invented risks or corrective answers. Define labels and scores. Avoid repeating the scenario. Preserve equivalent English and Thai evidence and record unverified release checks."
"communication-thread","Email / chat / ticket thread","D5","ROI and measurement","proficient","medium","1","NH-CORE-GENERAL-D5-ROI-METRICS-PROFICIENT-04","A realistic message or ticket containing only the communication evidence needed for this question, with clear speakers and sequence.","A realistic message or ticket containing only the communication evidence needed for this question, with clear speakers and sequence. Use only facts supported by the scenario. Label any proposed fictional additions for review. Do not add highlighted errors, warning verdicts, invented risks or corrective answers. Define labels and scores. Avoid repeating the scenario. Preserve equivalent English and Thai evidence and record unverified release checks."
"communication-thread","Email / chat / ticket thread","D5","Strategy and transformation","awareness","medium","1","NH-CORE-GENERAL-D5-TRANSFORMATION-STRATEGY-AWARENESS-04","A realistic message or ticket containing only the communication evidence needed for this question, with clear speakers and sequence.","A realistic message or ticket containing only the communication evidence needed for this question, with clear speakers and sequence. Use only facts supported by the scenario. Label any proposed fictional additions for review. Do not add highlighted errors, warning verdicts, invented risks or corrective answers. Define labels and scores. Avoid repeating the scenario. Preserve equivalent English and Thai evidence and record unverified release checks."
"communication-thread","Email / chat / ticket thread","D5","Strategy and transformation","advanced","medium","1","NH-CORE-GENERAL-D5-TRANSFORMATION-STRATEGY-ADVANCED-04","A realistic message or ticket containing only the communication evidence needed for this question, with clear speakers and sequence.","A realistic message or ticket containing only the communication evidence needed for this question, with clear speakers and sequence. Use only facts supported by the scenario. Label any proposed fictional additions for review. Do not add highlighted errors, warning verdicts, invented risks or corrective answers. Define labels and scores. Avoid repeating the scenario. Preserve equivalent English and Thai evidence and record unverified release checks."
"communication-thread","Email / chat / ticket thread","D6","Learning and improvement loops","proficient","medium","1","NH-CORE-GENERAL-D6-LEARNING-LOOPS-PROFICIENT-04","A realistic message or ticket containing only the communication evidence needed for this question, with clear speakers and sequence.","A realistic message or ticket containing only the communication evidence needed for this question, with clear speakers and sequence. Use only facts supported by the scenario. Label any proposed fictional additions for review. Do not add highlighted errors, warning verdicts, invented risks or corrective answers. Define labels and scores. Avoid repeating the scenario. Preserve equivalent English and Thai evidence and record unverified release checks."
"communication-thread","Email / chat / ticket thread","D6","Learning and improvement loops","advanced","medium","1","NH-CORE-GENERAL-D6-LEARNING-LOOPS-ADVANCED-04","A realistic message or ticket containing only the communication evidence needed for this question, with clear speakers and sequence.","A realistic message or ticket containing only the communication evidence needed for this question, with clear speakers and sequence. Use only facts supported by the scenario. Label any proposed fictional additions for review. Do not add highlighted errors, warning verdicts, invented risks or corrective answers. Define labels and scores. Avoid repeating the scenario. Preserve equivalent English and Thai evidence and record unverified release checks."
"communication-thread","Email / chat / ticket thread","D2","Output refinement","awareness","medium","1","NH-FUNCTION-PEOPLE-D2-OUTPUT-REFINEMENT-AWARENESS-02","A realistic message or ticket containing only the communication evidence needed for this question, with clear speakers and sequence.","A realistic message or ticket containing only the communication evidence needed for this question, with clear speakers and sequence. Use only facts supported by the scenario. Label any proposed fictional additions for review. Do not add highlighted errors, warning verdicts, invented risks or corrective answers. Define labels and scores. Avoid repeating the scenario. Preserve equivalent English and Thai evidence and record unverified release checks."
"communication-thread","Email / chat / ticket thread","D3","Source and claim verification","awareness","medium","1","NH-FUNCTION-PEOPLE-D3-SOURCE-VERIFICATION-AWARENESS-04","A realistic message or ticket containing only the communication evidence needed for this question, with clear speakers and sequence.","A realistic message or ticket containing only the communication evidence needed for this question, with clear speakers and sequence. Use only facts supported by the scenario. Label any proposed fictional additions for review. Do not add highlighted errors, warning verdicts, invented risks or corrective answers. Define labels and scores. Avoid repeating the scenario. Preserve equivalent English and Thai evidence and record unverified release checks."
"communication-thread","Email / chat / ticket thread","D3","Source and claim verification","advanced","medium","1","NH-FUNCTION-PEOPLE-D3-SOURCE-VERIFICATION-ADVANCED-04","A realistic message or ticket containing only the communication evidence needed for this question, with clear speakers and sequence.","A realistic message or ticket containing only the communication evidence needed for this question, with clear speakers and sequence. Use only facts supported by the scenario. Label any proposed fictional additions for review. Do not add highlighted errors, warning verdicts, invented risks or corrective answers. Define labels and scores. Avoid repeating the scenario. Preserve equivalent English and Thai evidence and record unverified release checks."
"communication-thread","Email / chat / ticket thread","D6","Change enablement","advanced","medium","1","NH-FUNCTION-PEOPLE-D6-CHANGE-ENABLEMENT-ADVANCED-01","A realistic message or ticket containing only the communication evidence needed for this question, with clear speakers and sequence.","A realistic message or ticket containing only the communication evidence needed for this question, with clear speakers and sequence. Use only facts supported by the scenario. Label any proposed fictional additions for review. Do not add highlighted errors, warning verdicts, invented risks or corrective answers. Define labels and scores. Avoid repeating the scenario. Preserve equivalent English and Thai evidence and record unverified release checks."
"data-chart-dashboard","Dashboard / chart / calculation evidence","D1","Generative AI mechanics","applied","high","1","NH-CORE-GENERAL-D1-GENAI-MECHANICS-APPLIED-01","A clearly labeled table or chart with the task outcome, units, comparison basis and relevant sample or scope. Check all calculations.","A clearly labeled table or chart with the task outcome, units, comparison basis and relevant sample or scope. Check all calculations. Use only facts supported by the scenario. Label any proposed fictional additions for review. Do not add highlighted errors, warning verdicts, invented risks or corrective answers. Define labels and scores. Avoid repeating the scenario. Preserve equivalent English and Thai evidence and record unverified release checks."
"data-chart-dashboard","Dashboard / chart / calculation evidence","D2","Tool selection and integration","awareness","high","1","NH-FUNCTION-FINANCE-D2-TOOL-SELECTION-AWARENESS-03","A clearly labeled table or chart with the task outcome, units, comparison basis and relevant sample or scope. Check all calculations.","A clearly labeled table or chart with the task outcome, units, comparison basis and relevant sample or scope. Check all calculations. Use only facts supported by the scenario. Label any proposed fictional additions for review. Do not add highlighted errors, warning verdicts, invented risks or corrective answers. Define labels and scores. Avoid repeating the scenario. Preserve equivalent English and Thai evidence and record unverified release checks."
"data-chart-dashboard","Dashboard / chart / calculation evidence","D2","Tool selection and integration","applied","medium","1","NH-FUNCTION-FINANCE-D2-TOOL-SELECTION-APPLIED-03","A clearly labeled table or chart with the task outcome, units, comparison basis and relevant sample or scope. Check all calculations.","A clearly labeled table or chart with the task outcome, units, comparison basis and relevant sample or scope. Check all calculations. Use only facts supported by the scenario. Label any proposed fictional additions for review. Do not add highlighted errors, warning verdicts, invented risks or corrective answers. Define labels and scores. Avoid repeating the scenario. Preserve equivalent English and Thai evidence and record unverified release checks."
"data-chart-dashboard","Dashboard / chart / calculation evidence","D2","Tool selection and integration","advanced","high","1","NH-FUNCTION-FINANCE-D2-TOOL-SELECTION-ADVANCED-03","A clearly labeled table or chart with the task outcome, units, comparison basis and relevant sample or scope. Check all calculations.","A clearly labeled table or chart with the task outcome, units, comparison basis and relevant sample or scope. Check all calculations. Use only facts supported by the scenario. Label any proposed fictional additions for review. Do not add highlighted errors, warning verdicts, invented risks or corrective answers. Define labels and scores. Avoid repeating the scenario. Preserve equivalent English and Thai evidence and record unverified release checks."
"data-chart-dashboard","Dashboard / chart / calculation evidence","D3","Fraud and manipulation detection","advanced","medium","1","NH-EXECUTIVE-FINANCE-D3-FRAUD-DETECTION-ADVANCED-01","A clearly labeled table or chart with the task outcome, units, comparison basis and relevant sample or scope. Check all calculations.","A clearly labeled table or chart with the task outcome, units, comparison basis and relevant sample or scope. Check all calculations. Use only facts supported by the scenario. Label any proposed fictional additions for review. Do not add highlighted errors, warning verdicts, invented risks or corrective answers. Define labels and scores. Avoid repeating the scenario. Preserve equivalent English and Thai evidence and record unverified release checks."
"media-asset-review","Media / asset provenance evidence","D1","AI systems literacy","awareness","high","1","NH-EXECUTIVE-TRANSFORMATION-D1-AI-SYSTEMS-AWARENESS-01","A task brief, proposed media and relevant source or permission records. Show the objective and intended use clearly.","A task brief, proposed media and relevant source or permission records. Show the objective and intended use clearly. Use only facts supported by the scenario. Label any proposed fictional additions for review. Do not add highlighted errors, warning verdicts, invented risks or corrective answers. Define labels and scores. Avoid repeating the scenario. Preserve equivalent English and Thai evidence and record unverified release checks."
"media-asset-review","Media / asset provenance evidence","D1","AI systems literacy","proficient","high","1","NH-EXECUTIVE-TRANSFORMATION-D1-AI-SYSTEMS-PROFICIENT-01","A task brief, proposed media and relevant source or permission records. Show the objective and intended use clearly.","A task brief, proposed media and relevant source or permission records. Show the objective and intended use clearly. Use only facts supported by the scenario. Label any proposed fictional additions for review. Do not add highlighted errors, warning verdicts, invented risks or corrective answers. Define labels and scores. Avoid repeating the scenario. Preserve equivalent English and Thai evidence and record unverified release checks."
"media-asset-review","Media / asset provenance evidence","D1","AI systems literacy","advanced","high","1","NH-EXECUTIVE-TRANSFORMATION-D1-AI-SYSTEMS-ADVANCED-01","A task brief, proposed media and relevant source or permission records. Show the objective and intended use clearly.","A task brief, proposed media and relevant source or permission records. Show the objective and intended use clearly. Use only facts supported by the scenario. Label any proposed fictional additions for review. Do not add highlighted errors, warning verdicts, invented risks or corrective answers. Define labels and scores. Avoid repeating the scenario. Preserve equivalent English and Thai evidence and record unverified release checks."
"media-asset-review","Media / asset provenance evidence","D2","Agentic workflows","awareness","high","1","NH-EXECUTIVE-TRANSFORMATION-D2-AGENTIC-WORKFLOWS-AWARENESS-01","A task brief, proposed media and relevant source or permission records. Show the objective and intended use clearly.","A task brief, proposed media and relevant source or permission records. Show the objective and intended use clearly. Use only facts supported by the scenario. Label any proposed fictional additions for review. Do not add highlighted errors, warning verdicts, invented risks or corrective answers. Define labels and scores. Avoid repeating the scenario. Preserve equivalent English and Thai evidence and record unverified release checks."
"media-asset-review","Media / asset provenance evidence","D2","Agentic workflows","applied","high","1","NH-EXECUTIVE-TRANSFORMATION-D2-AGENTIC-WORKFLOWS-APPLIED-01","A task brief, proposed media and relevant source or permission records. Show the objective and intended use clearly.","A task brief, proposed media and relevant source or permission records. Show the objective and intended use clearly. Use only facts supported by the scenario. Label any proposed fictional additions for review. Do not add highlighted errors, warning verdicts, invented risks or corrective answers. Define labels and scores. Avoid repeating the scenario. Preserve equivalent English and Thai evidence and record unverified release checks."
"media-asset-review","Media / asset provenance evidence","D2","Agentic workflows","proficient","high","1","NH-EXECUTIVE-TRANSFORMATION-D2-AGENTIC-WORKFLOWS-PROFICIENT-01","A task brief, proposed media and relevant source or permission records. Show the objective and intended use clearly.","A task brief, proposed media and relevant source or permission records. Show the objective and intended use clearly. Use only facts supported by the scenario. Label any proposed fictional additions for review. Do not add highlighted errors, warning verdicts, invented risks or corrective answers. Define labels and scores. Avoid repeating the scenario. Preserve equivalent English and Thai evidence and record unverified release checks."
"media-asset-review","Media / asset provenance evidence","D4","Security and governance controls","proficient","high","1","NH-EXECUTIVE-TRANSFORMATION-D4-SECURITY-GOVERNANCE-PROFICIENT-01","A task brief, proposed media and relevant source or permission records. Show the objective and intended use clearly.","A task brief, proposed media and relevant source or permission records. Show the objective and intended use clearly. Use only facts supported by the scenario. Label any proposed fictional additions for review. Do not add highlighted errors, warning verdicts, invented risks or corrective answers. Define labels and scores. Avoid repeating the scenario. Preserve equivalent English and Thai evidence and record unverified release checks."
"media-asset-review","Media / asset provenance evidence","D4","Security and governance controls","advanced","high","1","NH-EXECUTIVE-TRANSFORMATION-D4-SECURITY-GOVERNANCE-ADVANCED-01","A task brief, proposed media and relevant source or permission records. Show the objective and intended use clearly.","A task brief, proposed media and relevant source or permission records. Show the objective and intended use clearly. Use only facts supported by the scenario. Label any proposed fictional additions for review. Do not add highlighted errors, warning verdicts, invented risks or corrective answers. Define labels and scores. Avoid repeating the scenario. Preserve equivalent English and Thai evidence and record unverified release checks."
"media-asset-review","Media / asset provenance evidence","D5","Portfolio prioritization","awareness","high","1","NH-EXECUTIVE-TRANSFORMATION-D5-PORTFOLIO-PRIORITIZATION-AWARENESS-01","A task brief, proposed media and relevant source or permission records. Show the objective and intended use clearly.","A task brief, proposed media and relevant source or permission records. Show the objective and intended use clearly. Use only facts supported by the scenario. Label any proposed fictional additions for review. Do not add highlighted errors, warning verdicts, invented risks or corrective answers. Define labels and scores. Avoid repeating the scenario. Preserve equivalent English and Thai evidence and record unverified release checks."
"media-asset-review","Media / asset provenance evidence","D5","Portfolio prioritization","applied","high","1","NH-EXECUTIVE-TRANSFORMATION-D5-PORTFOLIO-PRIORITIZATION-APPLIED-01","A task brief, proposed media and relevant source or permission records. Show the objective and intended use clearly.","A task brief, proposed media and relevant source or permission records. Show the objective and intended use clearly. Use only facts supported by the scenario. Label any proposed fictional additions for review. Do not add highlighted errors, warning verdicts, invented risks or corrective answers. Define labels and scores. Avoid repeating the scenario. Preserve equivalent English and Thai evidence and record unverified release checks."
"media-asset-review","Media / asset provenance evidence","D5","Portfolio prioritization","proficient","high","1","NH-EXECUTIVE-TRANSFORMATION-D5-PORTFOLIO-PRIORITIZATION-PROFICIENT-01","A task brief, proposed media and relevant source or permission records. Show the objective and intended use clearly.","A task brief, proposed media and relevant source or permission records. Show the objective and intended use clearly. Use only facts supported by the scenario. Label any proposed fictional additions for review. Do not add highlighted errors, warning verdicts, invented risks or corrective answers. Define labels and scores. Avoid repeating the scenario. Preserve equivalent English and Thai evidence and record unverified release checks."
"media-asset-review","Media / asset provenance evidence","D5","Portfolio prioritization","advanced","high","1","NH-EXECUTIVE-TRANSFORMATION-D5-PORTFOLIO-PRIORITIZATION-ADVANCED-01","A task brief, proposed media and relevant source or permission records. Show the objective and intended use clearly.","A task brief, proposed media and relevant source or permission records. Show the objective and intended use clearly. Use only facts supported by the scenario. Label any proposed fictional additions for review. Do not add highlighted errors, warning verdicts, invented risks or corrective answers. Define labels and scores. Avoid repeating the scenario. Preserve equivalent English and Thai evidence and record unverified release checks."
"media-asset-review","Media / asset provenance evidence","D5","Strategy and transformation","applied","high","1","NH-EXECUTIVE-TRANSFORMATION-D5-TRANSFORMATION-STRATEGY-APPLIED-01","A task brief, proposed media and relevant source or permission records. Show the objective and intended use clearly.","A task brief, proposed media and relevant source or permission records. Show the objective and intended use clearly. Use only facts supported by the scenario. Label any proposed fictional additions for review. Do not add highlighted errors, warning verdicts, invented risks or corrective answers. Define labels and scores. Avoid repeating the scenario. Preserve equivalent English and Thai evidence and record unverified release checks."
"media-asset-review","Media / asset provenance evidence","D5","Strategy and transformation","advanced","high","1","NH-EXECUTIVE-TRANSFORMATION-D5-TRANSFORMATION-STRATEGY-ADVANCED-01","A task brief, proposed media and relevant source or permission records. Show the objective and intended use clearly.","A task brief, proposed media and relevant source or permission records. Show the objective and intended use clearly. Use only facts supported by the scenario. Label any proposed fictional additions for review. Do not add highlighted errors, warning verdicts, invented risks or corrective answers. Define labels and scores. Avoid repeating the scenario. Preserve equivalent English and Thai evidence and record unverified release checks."
"media-asset-review","Media / asset provenance evidence","D6","Change enablement","applied","high","1","NH-EXECUTIVE-TRANSFORMATION-D6-CHANGE-ENABLEMENT-APPLIED-01","A task brief, proposed media and relevant source or permission records. Show the objective and intended use clearly.","A task brief, proposed media and relevant source or permission records. Show the objective and intended use clearly. Use only facts supported by the scenario. Label any proposed fictional additions for review. Do not add highlighted errors, warning verdicts, invented risks or corrective answers. Define labels and scores. Avoid repeating the scenario. Preserve equivalent English and Thai evidence and record unverified release checks."
"media-asset-review","Media / asset provenance evidence","D6","Change enablement","proficient","high","1","NH-EXECUTIVE-TRANSFORMATION-D6-CHANGE-ENABLEMENT-PROFICIENT-01","A task brief, proposed media and relevant source or permission records. Show the objective and intended use clearly.","A task brief, proposed media and relevant source or permission records. Show the objective and intended use clearly. Use only facts supported by the scenario. Label any proposed fictional additions for review. Do not add highlighted errors, warning verdicts, invented risks or corrective answers. Define labels and scores. Avoid repeating the scenario. Preserve equivalent English and Thai evidence and record unverified release checks."
"media-asset-review","Media / asset provenance evidence","D6","Change enablement","advanced","high","1","NH-EXECUTIVE-TRANSFORMATION-D6-CHANGE-ENABLEMENT-ADVANCED-01","A task brief, proposed media and relevant source or permission records. Show the objective and intended use clearly.","A task brief, proposed media and relevant source or permission records. Show the objective and intended use clearly. Use only facts supported by the scenario. Label any proposed fictional additions for review. Do not add highlighted errors, warning verdicts, invented risks or corrective answers. Define labels and scores. Avoid repeating the scenario. Preserve equivalent English and Thai evidence and record unverified release checks."
"policy-excerpt","Policy / terms excerpt","D1","Core AI concepts","advanced","high","1","NH-CORE-GENERAL-D1-CORE-CONCEPTS-ADVANCED-08","A policy excerpt with the version, scope and applicable terms required to answer the question, without answer-revealing annotations.","A policy excerpt with the version, scope and applicable terms required to answer the question, without answer-revealing annotations. Use only facts supported by the scenario. Label any proposed fictional additions for review. Do not add highlighted errors, warning verdicts, invented risks or corrective answers. Define labels and scores. Avoid repeating the scenario. Preserve equivalent English and Thai evidence and record unverified release checks."
"security-audit-log","Security / access / audit evidence","D2","Prompt design","applied","medium","1","NH-FUNCTION-GENERAL-D2-PROMPT-DESIGN-APPLIED-03","A realistic access or audit record containing only the identities, scopes, actions and authorization evidence needed for the decision.","A realistic access or audit record containing only the identities, scopes, actions and authorization evidence needed for the decision. Use only facts supported by the scenario. Label any proposed fictional additions for review. Do not add highlighted errors, warning verdicts, invented risks or corrective answers. Define labels and scores. Avoid repeating the scenario. Preserve equivalent English and Thai evidence and record unverified release checks."
"security-audit-log","Security / access / audit evidence","D3","Source and claim verification","applied","high","1","NH-FUNCTION-GENERAL-D3-SOURCE-VERIFICATION-APPLIED-03","A realistic access or audit record containing only the identities, scopes, actions and authorization evidence needed for the decision.","A realistic access or audit record containing only the identities, scopes, actions and authorization evidence needed for the decision. Use only facts supported by the scenario. Label any proposed fictional additions for review. Do not add highlighted errors, warning verdicts, invented risks or corrective answers. Define labels and scores. Avoid repeating the scenario. Preserve equivalent English and Thai evidence and record unverified release checks."
"security-audit-log","Security / access / audit evidence","D3","Source and claim verification","proficient","medium","1","NH-FUNCTION-GENERAL-D3-SOURCE-VERIFICATION-PROFICIENT-03","A realistic access or audit record containing only the identities, scopes, actions and authorization evidence needed for the decision.","A realistic access or audit record containing only the identities, scopes, actions and authorization evidence needed for the decision. Use only facts supported by the scenario. Label any proposed fictional additions for review. Do not add highlighted errors, warning verdicts, invented risks or corrective answers. Define labels and scores. Avoid repeating the scenario. Preserve equivalent English and Thai evidence and record unverified release checks."
"security-audit-log","Security / access / audit evidence","D4","Data protection and privacy","applied","high","1","NH-FUNCTION-GENERAL-D4-DATA-PRIVACY-APPLIED-03","A realistic access or audit record containing only the identities, scopes, actions and authorization evidence needed for the decision.","A realistic access or audit record containing only the identities, scopes, actions and authorization evidence needed for the decision. Use only facts supported by the scenario. Label any proposed fictional additions for review. Do not add highlighted errors, warning verdicts, invented risks or corrective answers. Define labels and scores. Avoid repeating the scenario. Preserve equivalent English and Thai evidence and record unverified release checks."
"security-audit-log","Security / access / audit evidence","D5","Use-case evaluation","proficient","high","1","NH-FUNCTION-GENERAL-D5-USECASE-FIT-PROFICIENT-03","A realistic access or audit record containing only the identities, scopes, actions and authorization evidence needed for the decision.","A realistic access or audit record containing only the identities, scopes, actions and authorization evidence needed for the decision. Use only facts supported by the scenario. Label any proposed fictional additions for review. Do not add highlighted errors, warning verdicts, invented risks or corrective answers. Define labels and scores. Avoid repeating the scenario. Preserve equivalent English and Thai evidence and record unverified release checks."
"security-audit-log","Security / access / audit evidence","D5","Use-case evaluation","advanced","medium","1","NH-FUNCTION-GENERAL-D5-USECASE-FIT-ADVANCED-03","A realistic access or audit record containing only the identities, scopes, actions and authorization evidence needed for the decision.","A realistic access or audit record containing only the identities, scopes, actions and authorization evidence needed for the decision. Use only facts supported by the scenario. Label any proposed fictional additions for review. Do not add highlighted errors, warning verdicts, invented risks or corrective answers. Define labels and scores. Avoid repeating the scenario. Preserve equivalent English and Thai evidence and record unverified release checks."
"security-audit-log","Security / access / audit evidence","D6","Human-AI role clarity","applied","medium","1","NH-FUNCTION-GENERAL-D6-ROLE-CLARITY-APPLIED-03","A realistic access or audit record containing only the identities, scopes, actions and authorization evidence needed for the decision.","A realistic access or audit record containing only the identities, scopes, actions and authorization evidence needed for the decision. Use only facts supported by the scenario. Label any proposed fictional additions for review. Do not add highlighted errors, warning verdicts, invented risks or corrective answers. Define labels and scores. Avoid repeating the scenario. Preserve equivalent English and Thai evidence and record unverified release checks."
"security-audit-log","Security / access / audit evidence","D1","AI systems literacy","awareness","medium","1","NH-FUNCTION-FINANCE-D1-AI-SYSTEMS-AWARENESS-02","A realistic access or audit record containing only the identities, scopes, actions and authorization evidence needed for the decision.","A realistic access or audit record containing only the identities, scopes, actions and authorization evidence needed for the decision. Use only facts supported by the scenario. Label any proposed fictional additions for review. Do not add highlighted errors, warning verdicts, invented risks or corrective answers. Define labels and scores. Avoid repeating the scenario. Preserve equivalent English and Thai evidence and record unverified release checks."
"security-audit-log","Security / access / audit evidence","D1","AI systems literacy","applied","medium","1","NH-FUNCTION-FINANCE-D1-AI-SYSTEMS-APPLIED-02","A realistic access or audit record containing only the identities, scopes, actions and authorization evidence needed for the decision.","A realistic access or audit record containing only the identities, scopes, actions and authorization evidence needed for the decision. Use only facts supported by the scenario. Label any proposed fictional additions for review. Do not add highlighted errors, warning verdicts, invented risks or corrective answers. Define labels and scores. Avoid repeating the scenario. Preserve equivalent English and Thai evidence and record unverified release checks."
"security-audit-log","Security / access / audit evidence","D1","AI systems literacy","proficient","medium","1","NH-FUNCTION-FINANCE-D1-AI-SYSTEMS-PROFICIENT-02","A realistic access or audit record containing only the identities, scopes, actions and authorization evidence needed for the decision.","A realistic access or audit record containing only the identities, scopes, actions and authorization evidence needed for the decision. Use only facts supported by the scenario. Label any proposed fictional additions for review. Do not add highlighted errors, warning verdicts, invented risks or corrective answers. Define labels and scores. Avoid repeating the scenario. Preserve equivalent English and Thai evidence and record unverified release checks."
"security-audit-log","Security / access / audit evidence","D2","Agentic workflows","advanced","medium","1","NH-FUNCTION-FINANCE-D2-AGENTIC-WORKFLOWS-ADVANCED-02","A realistic access or audit record containing only the identities, scopes, actions and authorization evidence needed for the decision.","A realistic access or audit record containing only the identities, scopes, actions and authorization evidence needed for the decision. Use only facts supported by the scenario. Label any proposed fictional additions for review. Do not add highlighted errors, warning verdicts, invented risks or corrective answers. Define labels and scores. Avoid repeating the scenario. Preserve equivalent English and Thai evidence and record unverified release checks."
"security-audit-log","Security / access / audit evidence","D5","Portfolio prioritization","awareness","high","1","NH-FUNCTION-FINANCE-D5-PORTFOLIO-PRIORITIZATION-AWARENESS-02","A realistic access or audit record containing only the identities, scopes, actions and authorization evidence needed for the decision.","A realistic access or audit record containing only the identities, scopes, actions and authorization evidence needed for the decision. Use only facts supported by the scenario. Label any proposed fictional additions for review. Do not add highlighted errors, warning verdicts, invented risks or corrective answers. Define labels and scores. Avoid repeating the scenario. Preserve equivalent English and Thai evidence and record unverified release checks."
"security-audit-log","Security / access / audit evidence","D5","Portfolio prioritization","applied","high","1","NH-FUNCTION-FINANCE-D5-PORTFOLIO-PRIORITIZATION-APPLIED-02","A realistic access or audit record containing only the identities, scopes, actions and authorization evidence needed for the decision.","A realistic access or audit record containing only the identities, scopes, actions and authorization evidence needed for the decision. Use only facts supported by the scenario. Label any proposed fictional additions for review. Do not add highlighted errors, warning verdicts, invented risks or corrective answers. Define labels and scores. Avoid repeating the scenario. Preserve equivalent English and Thai evidence and record unverified release checks."
"security-audit-log","Security / access / audit evidence","D5","Portfolio prioritization","proficient","high","1","NH-FUNCTION-FINANCE-D5-PORTFOLIO-PRIORITIZATION-PROFICIENT-02","A realistic access or audit record containing only the identities, scopes, actions and authorization evidence needed for the decision.","A realistic access or audit record containing only the identities, scopes, actions and authorization evidence needed for the decision. Use only facts supported by the scenario. Label any proposed fictional additions for review. Do not add highlighted errors, warning verdicts, invented risks or corrective answers. Define labels and scores. Avoid repeating the scenario. Preserve equivalent English and Thai evidence and record unverified release checks."
"security-audit-log","Security / access / audit evidence","D4","Fairness, ethics, and rights","applied","high","1","NH-INDUSTRY-PUBLIC-D4-FAIRNESS-ETHICS-APPLIED-04","A realistic access or audit record containing only the identities, scopes, actions and authorization evidence needed for the decision.","A realistic access or audit record containing only the identities, scopes, actions and authorization evidence needed for the decision. Use only facts supported by the scenario. Label any proposed fictional additions for review. Do not add highlighted errors, warning verdicts, invented risks or corrective answers. Define labels and scores. Avoid repeating the scenario. Preserve equivalent English and Thai evidence and record unverified release checks."
"security-audit-log","Security / access / audit evidence","D4","Fairness, ethics, and rights","proficient","high","1","NH-INDUSTRY-PUBLIC-D4-FAIRNESS-ETHICS-PROFICIENT-04","A realistic access or audit record containing only the identities, scopes, actions and authorization evidence needed for the decision.","A realistic access or audit record containing only the identities, scopes, actions and authorization evidence needed for the decision. Use only facts supported by the scenario. Label any proposed fictional additions for review. Do not add highlighted errors, warning verdicts, invented risks or corrective answers. Define labels and scores. Avoid repeating the scenario. Preserve equivalent English and Thai evidence and record unverified release checks."
"security-audit-log","Security / access / audit evidence","D4","Fairness, ethics, and rights","advanced","high","1","NH-INDUSTRY-PUBLIC-D4-FAIRNESS-ETHICS-ADVANCED-04","A realistic access or audit record containing only the identities, scopes, actions and authorization evidence needed for the decision.","A realistic access or audit record containing only the identities, scopes, actions and authorization evidence needed for the decision. Use only facts supported by the scenario. Label any proposed fictional additions for review. Do not add highlighted errors, warning verdicts, invented risks or corrective answers. Define labels and scores. Avoid repeating the scenario. Preserve equivalent English and Thai evidence and record unverified release checks."
"security-audit-log","Security / access / audit evidence","D6","Trust and challenge culture","awareness","high","1","NH-INDUSTRY-PUBLIC-D6-TRUST-CULTURE-AWARENESS-04","A realistic access or audit record containing only the identities, scopes, actions and authorization evidence needed for the decision.","A realistic access or audit record containing only the identities, scopes, actions and authorization evidence needed for the decision. Use only facts supported by the scenario. Label any proposed fictional additions for review. Do not add highlighted errors, warning verdicts, invented risks or corrective answers. Define labels and scores. Avoid repeating the scenario. Preserve equivalent English and Thai evidence and record unverified release checks."
"security-audit-log","Security / access / audit evidence","D6","Trust and challenge culture","applied","high","1","NH-INDUSTRY-PUBLIC-D6-TRUST-CULTURE-APPLIED-04","A realistic access or audit record containing only the identities, scopes, actions and authorization evidence needed for the decision.","A realistic access or audit record containing only the identities, scopes, actions and authorization evidence needed for the decision. Use only facts supported by the scenario. Label any proposed fictional additions for review. Do not add highlighted errors, warning verdicts, invented risks or corrective answers. Define labels and scores. Avoid repeating the scenario. Preserve equivalent English and Thai evidence and record unverified release checks."
"security-audit-log","Security / access / audit evidence","D6","Trust and challenge culture","proficient","high","1","NH-INDUSTRY-PUBLIC-D6-TRUST-CULTURE-PROFICIENT-04","A realistic access or audit record containing only the identities, scopes, actions and authorization evidence needed for the decision.","A realistic access or audit record containing only the identities, scopes, actions and authorization evidence needed for the decision. Use only facts supported by the scenario. Label any proposed fictional additions for review. Do not add highlighted errors, warning verdicts, invented risks or corrective answers. Define labels and scores. Avoid repeating the scenario. Preserve equivalent English and Thai evidence and record unverified release checks."
"security-audit-log","Security / access / audit evidence","D6","Trust and challenge culture","advanced","high","1","NH-INDUSTRY-PUBLIC-D6-TRUST-CULTURE-ADVANCED-04","A realistic access or audit record containing only the identities, scopes, actions and authorization evidence needed for the decision.","A realistic access or audit record containing only the identities, scopes, actions and authorization evidence needed for the decision. Use only facts supported by the scenario. Label any proposed fictional additions for review. Do not add highlighted errors, warning verdicts, invented risks or corrective answers. Define labels and scores. Avoid repeating the scenario. Preserve equivalent English and Thai evidence and record unverified release checks."
"workflow-trace","Workflow / agent trace","D1","Capability boundaries","awareness","medium","1","NH-CORE-GENERAL-D1-CAPABILITY-LIMITS-AWARENESS-06","A workflow record showing the relevant actions, permissions, approvals and outcomes without marking the correct diagnosis.","A workflow record showing the relevant actions, permissions, approvals and outcomes without marking the correct diagnosis. Use only facts supported by the scenario. Label any proposed fictional additions for review. Do not add highlighted errors, warning verdicts, invented risks or corrective answers. Define labels and scores. Avoid repeating the scenario. Preserve equivalent English and Thai evidence and record unverified release checks."
"workflow-trace","Workflow / agent trace","D2","Prompt design","awareness","medium","1","NH-CORE-GENERAL-D2-PROMPT-DESIGN-AWARENESS-06","A workflow record showing the relevant actions, permissions, approvals and outcomes without marking the correct diagnosis.","A workflow record showing the relevant actions, permissions, approvals and outcomes without marking the correct diagnosis. Use only facts supported by the scenario. Label any proposed fictional additions for review. Do not add highlighted errors, warning verdicts, invented risks or corrective answers. Define labels and scores. Avoid repeating the scenario. Preserve equivalent English and Thai evidence and record unverified release checks."
"workflow-trace","Workflow / agent trace","D2","Prompt design","applied","medium","1","NH-CORE-GENERAL-D2-PROMPT-DESIGN-APPLIED-06","A workflow record showing the relevant actions, permissions, approvals and outcomes without marking the correct diagnosis.","A workflow record showing the relevant actions, permissions, approvals and outcomes without marking the correct diagnosis. Use only facts supported by the scenario. Label any proposed fictional additions for review. Do not add highlighted errors, warning verdicts, invented risks or corrective answers. Define labels and scores. Avoid repeating the scenario. Preserve equivalent English and Thai evidence and record unverified release checks."
"workflow-trace","Workflow / agent trace","D2","Output refinement","awareness","medium","1","NH-CORE-GENERAL-D2-OUTPUT-REFINEMENT-AWARENESS-06","A workflow record showing the relevant actions, permissions, approvals and outcomes without marking the correct diagnosis.","A workflow record showing the relevant actions, permissions, approvals and outcomes without marking the correct diagnosis. Use only facts supported by the scenario. Label any proposed fictional additions for review. Do not add highlighted errors, warning verdicts, invented risks or corrective answers. Define labels and scores. Avoid repeating the scenario. Preserve equivalent English and Thai evidence and record unverified release checks."
"workflow-trace","Workflow / agent trace","D2","Output refinement","applied","medium","1","NH-CORE-GENERAL-D2-OUTPUT-REFINEMENT-APPLIED-06","A workflow record showing the relevant actions, permissions, approvals and outcomes without marking the correct diagnosis.","A workflow record showing the relevant actions, permissions, approvals and outcomes without marking the correct diagnosis. Use only facts supported by the scenario. Label any proposed fictional additions for review. Do not add highlighted errors, warning verdicts, invented risks or corrective answers. Define labels and scores. Avoid repeating the scenario. Preserve equivalent English and Thai evidence and record unverified release checks."
"workflow-trace","Workflow / agent trace","D2","Output refinement","proficient","medium","1","NH-CORE-GENERAL-D2-OUTPUT-REFINEMENT-PROFICIENT-06","A workflow record showing the relevant actions, permissions, approvals and outcomes without marking the correct diagnosis.","A workflow record showing the relevant actions, permissions, approvals and outcomes without marking the correct diagnosis. Use only facts supported by the scenario. Label any proposed fictional additions for review. Do not add highlighted errors, warning verdicts, invented risks or corrective answers. Define labels and scores. Avoid repeating the scenario. Preserve equivalent English and Thai evidence and record unverified release checks."
"workflow-trace","Workflow / agent trace","D3","Media provenance","awareness","medium","1","NH-CORE-GENERAL-D3-MEDIA-PROVENANCE-AWARENESS-06","A workflow record showing the relevant actions, permissions, approvals and outcomes without marking the correct diagnosis.","A workflow record showing the relevant actions, permissions, approvals and outcomes without marking the correct diagnosis. Use only facts supported by the scenario. Label any proposed fictional additions for review. Do not add highlighted errors, warning verdicts, invented risks or corrective answers. Define labels and scores. Avoid repeating the scenario. Preserve equivalent English and Thai evidence and record unverified release checks."
"workflow-trace","Workflow / agent trace","D3","Media provenance","applied","high","1","NH-CORE-GENERAL-D3-MEDIA-PROVENANCE-APPLIED-06","A workflow record showing the relevant actions, permissions, approvals and outcomes without marking the correct diagnosis.","A workflow record showing the relevant actions, permissions, approvals and outcomes without marking the correct diagnosis. Use only facts supported by the scenario. Label any proposed fictional additions for review. Do not add highlighted errors, warning verdicts, invented risks or corrective answers. Define labels and scores. Avoid repeating the scenario. Preserve equivalent English and Thai evidence and record unverified release checks."
"workflow-trace","Workflow / agent trace","D3","Media provenance","proficient","high","1","NH-CORE-GENERAL-D3-MEDIA-PROVENANCE-PROFICIENT-06","A workflow record showing the relevant actions, permissions, approvals and outcomes without marking the correct diagnosis.","A workflow record showing the relevant actions, permissions, approvals and outcomes without marking the correct diagnosis. Use only facts supported by the scenario. Label any proposed fictional additions for review. Do not add highlighted errors, warning verdicts, invented risks or corrective answers. Define labels and scores. Avoid repeating the scenario. Preserve equivalent English and Thai evidence and record unverified release checks."
"workflow-trace","Workflow / agent trace","D3","Fraud and manipulation detection","awareness","high","1","NH-CORE-GENERAL-D3-FRAUD-DETECTION-AWARENESS-06","A workflow record showing the relevant actions, permissions, approvals and outcomes without marking the correct diagnosis.","A workflow record showing the relevant actions, permissions, approvals and outcomes without marking the correct diagnosis. Use only facts supported by the scenario. Label any proposed fictional additions for review. Do not add highlighted errors, warning verdicts, invented risks or corrective answers. Define labels and scores. Avoid repeating the scenario. Preserve equivalent English and Thai evidence and record unverified release checks."
"workflow-trace","Workflow / agent trace","D3","Fraud and manipulation detection","applied","high","1","NH-CORE-GENERAL-D3-FRAUD-DETECTION-APPLIED-06","A workflow record showing the relevant actions, permissions, approvals and outcomes without marking the correct diagnosis.","A workflow record showing the relevant actions, permissions, approvals and outcomes without marking the correct diagnosis. Use only facts supported by the scenario. Label any proposed fictional additions for review. Do not add highlighted errors, warning verdicts, invented risks or corrective answers. Define labels and scores. Avoid repeating the scenario. Preserve equivalent English and Thai evidence and record unverified release checks."
"workflow-trace","Workflow / agent trace","D3","Fraud and manipulation detection","proficient","high","1","NH-CORE-GENERAL-D3-FRAUD-DETECTION-PROFICIENT-06","A workflow record showing the relevant actions, permissions, approvals and outcomes without marking the correct diagnosis.","A workflow record showing the relevant actions, permissions, approvals and outcomes without marking the correct diagnosis. Use only facts supported by the scenario. Label any proposed fictional additions for review. Do not add highlighted errors, warning verdicts, invented risks or corrective answers. Define labels and scores. Avoid repeating the scenario. Preserve equivalent English and Thai evidence and record unverified release checks."
"workflow-trace","Workflow / agent trace","D4","Regulatory and policy fluency","awareness","medium","1","NH-CORE-GENERAL-D4-REGULATORY-POLICY-AWARENESS-06","A workflow record showing the relevant actions, permissions, approvals and outcomes without marking the correct diagnosis.","A workflow record showing the relevant actions, permissions, approvals and outcomes without marking the correct diagnosis. Use only facts supported by the scenario. Label any proposed fictional additions for review. Do not add highlighted errors, warning verdicts, invented risks or corrective answers. Define labels and scores. Avoid repeating the scenario. Preserve equivalent English and Thai evidence and record unverified release checks."
"workflow-trace","Workflow / agent trace","D4","Regulatory and policy fluency","proficient","medium","1","NH-CORE-GENERAL-D4-REGULATORY-POLICY-PROFICIENT-06","A workflow record showing the relevant actions, permissions, approvals and outcomes without marking the correct diagnosis.","A workflow record showing the relevant actions, permissions, approvals and outcomes without marking the correct diagnosis. Use only facts supported by the scenario. Label any proposed fictional additions for review. Do not add highlighted errors, warning verdicts, invented risks or corrective answers. Define labels and scores. Avoid repeating the scenario. Preserve equivalent English and Thai evidence and record unverified release checks."
"workflow-trace","Workflow / agent trace","D4","Regulatory and policy fluency","advanced","high","1","NH-CORE-GENERAL-D4-REGULATORY-POLICY-ADVANCED-06","A workflow record showing the relevant actions, permissions, approvals and outcomes without marking the correct diagnosis.","A workflow record showing the relevant actions, permissions, approvals and outcomes without marking the correct diagnosis. Use only facts supported by the scenario. Label any proposed fictional additions for review. Do not add highlighted errors, warning verdicts, invented risks or corrective answers. Define labels and scores. Avoid repeating the scenario. Preserve equivalent English and Thai evidence and record unverified release checks."
"workflow-trace","Workflow / agent trace","D4","Fairness, ethics, and rights","awareness","high","1","NH-CORE-GENERAL-D4-FAIRNESS-ETHICS-AWARENESS-06","A workflow record showing the relevant actions, permissions, approvals and outcomes without marking the correct diagnosis.","A workflow record showing the relevant actions, permissions, approvals and outcomes without marking the correct diagnosis. Use only facts supported by the scenario. Label any proposed fictional additions for review. Do not add highlighted errors, warning verdicts, invented risks or corrective answers. Define labels and scores. Avoid repeating the scenario. Preserve equivalent English and Thai evidence and record unverified release checks."
"workflow-trace","Workflow / agent trace","D4","Fairness, ethics, and rights","applied","medium","1","NH-CORE-GENERAL-D4-FAIRNESS-ETHICS-APPLIED-06","A workflow record showing the relevant actions, permissions, approvals and outcomes without marking the correct diagnosis.","A workflow record showing the relevant actions, permissions, approvals and outcomes without marking the correct diagnosis. Use only facts supported by the scenario. Label any proposed fictional additions for review. Do not add highlighted errors, warning verdicts, invented risks or corrective answers. Define labels and scores. Avoid repeating the scenario. Preserve equivalent English and Thai evidence and record unverified release checks."
"workflow-trace","Workflow / agent trace","D4","Fairness, ethics, and rights","proficient","high","1","NH-CORE-GENERAL-D4-FAIRNESS-ETHICS-PROFICIENT-06","A workflow record showing the relevant actions, permissions, approvals and outcomes without marking the correct diagnosis.","A workflow record showing the relevant actions, permissions, approvals and outcomes without marking the correct diagnosis. Use only facts supported by the scenario. Label any proposed fictional additions for review. Do not add highlighted errors, warning verdicts, invented risks or corrective answers. Define labels and scores. Avoid repeating the scenario. Preserve equivalent English and Thai evidence and record unverified release checks."
"workflow-trace","Workflow / agent trace","D4","Fairness, ethics, and rights","advanced","high","1","NH-CORE-GENERAL-D4-FAIRNESS-ETHICS-ADVANCED-06","A workflow record showing the relevant actions, permissions, approvals and outcomes without marking the correct diagnosis.","A workflow record showing the relevant actions, permissions, approvals and outcomes without marking the correct diagnosis. Use only facts supported by the scenario. Label any proposed fictional additions for review. Do not add highlighted errors, warning verdicts, invented risks or corrective answers. Define labels and scores. Avoid repeating the scenario. Preserve equivalent English and Thai evidence and record unverified release checks."
"workflow-trace","Workflow / agent trace","D6","Human-AI role clarity","awareness","medium","1","NH-CORE-GENERAL-D6-ROLE-CLARITY-AWARENESS-06","A workflow record showing the relevant actions, permissions, approvals and outcomes without marking the correct diagnosis.","A workflow record showing the relevant actions, permissions, approvals and outcomes without marking the correct diagnosis. Use only facts supported by the scenario. Label any proposed fictional additions for review. Do not add highlighted errors, warning verdicts, invented risks or corrective answers. Define labels and scores. Avoid repeating the scenario. Preserve equivalent English and Thai evidence and record unverified release checks."
"workflow-trace","Workflow / agent trace","D6","Trust and challenge culture","proficient","medium","1","NH-CORE-GENERAL-D6-TRUST-CULTURE-PROFICIENT-06","A workflow record showing the relevant actions, permissions, approvals and outcomes without marking the correct diagnosis.","A workflow record showing the relevant actions, permissions, approvals and outcomes without marking the correct diagnosis. Use only facts supported by the scenario. Label any proposed fictional additions for review. Do not add highlighted errors, warning verdicts, invented risks or corrective answers. Define labels and scores. Avoid repeating the scenario. Preserve equivalent English and Thai evidence and record unverified release checks."
"workflow-trace","Workflow / agent trace","D6","Trust and challenge culture","advanced","medium","1","NH-CORE-GENERAL-D6-TRUST-CULTURE-ADVANCED-06","A workflow record showing the relevant actions, permissions, approvals and outcomes without marking the correct diagnosis.","A workflow record showing the relevant actions, permissions, approvals and outcomes without marking the correct diagnosis. Use only facts supported by the scenario. Label any proposed fictional additions for review. Do not add highlighted errors, warning verdicts, invented risks or corrective answers. Define labels and scores. Avoid repeating the scenario. Preserve equivalent English and Thai evidence and record unverified release checks."
"workflow-trace","Workflow / agent trace","D6","Change enablement","proficient","medium","1","NH-CORE-GENERAL-D6-CHANGE-ENABLEMENT-PROFICIENT-06","A workflow record showing the relevant actions, permissions, approvals and outcomes without marking the correct diagnosis.","A workflow record showing the relevant actions, permissions, approvals and outcomes without marking the correct diagnosis. Use only facts supported by the scenario. Label any proposed fictional additions for review. Do not add highlighted errors, warning verdicts, invented risks or corrective answers. Define labels and scores. Avoid repeating the scenario. Preserve equivalent English and Thai evidence and record unverified release checks."
"workflow-trace","Workflow / agent trace","D6","Change enablement","advanced","medium","1","NH-CORE-GENERAL-D6-CHANGE-ENABLEMENT-ADVANCED-06","A workflow record showing the relevant actions, permissions, approvals and outcomes without marking the correct diagnosis.","A workflow record showing the relevant actions, permissions, approvals and outcomes without marking the correct diagnosis. Use only facts supported by the scenario. Label any proposed fictional additions for review. Do not add highlighted errors, warning verdicts, invented risks or corrective answers. Define labels and scores. Avoid repeating the scenario. Preserve equivalent English and Thai evidence and record unverified release checks."
"workflow-trace","Workflow / agent trace","D2","Prompt design","proficient","medium","1","NH-FUNCTION-GENERAL-D2-PROMPT-DESIGN-PROFICIENT-01","A workflow record showing the relevant actions, permissions, approvals and outcomes without marking the correct diagnosis.","A workflow record showing the relevant actions, permissions, approvals and outcomes without marking the correct diagnosis. Use only facts supported by the scenario. Label any proposed fictional additions for review. Do not add highlighted errors, warning verdicts, invented risks or corrective answers. Define labels and scores. Avoid repeating the scenario. Preserve equivalent English and Thai evidence and record unverified release checks."
"workflow-trace","Workflow / agent trace","D2","Prompt design","advanced","high","1","NH-FUNCTION-GENERAL-D2-PROMPT-DESIGN-ADVANCED-01","A workflow record showing the relevant actions, permissions, approvals and outcomes without marking the correct diagnosis.","A workflow record showing the relevant actions, permissions, approvals and outcomes without marking the correct diagnosis. Use only facts supported by the scenario. Label any proposed fictional additions for review. Do not add highlighted errors, warning verdicts, invented risks or corrective answers. Define labels and scores. Avoid repeating the scenario. Preserve equivalent English and Thai evidence and record unverified release checks."
